16:51:08-Concord-WARNING-__init__: No input feature list provided. It is recommended to first select features using the command `concord.ul.select_features()`.
16:51:08-Concord-WARNING-__init__: domain/batch information not found, all samples will be treated as from single domain/batch.
17:07:00-Concord-WARNING-__init__: No input feature list provided. It is recommended to first select features using the command `concord.ul.select_features()`.
17:07:00-Concord-WARNING-__init__: No input feature list provided. It is recommended to first select features using the command `concord.ul.select_features()`.
17:07:00-Concord-WARNING-__init__: domain/batch information not found, all samples will be treated as from single domain/batch.
17:07:00-Concord-WARNING-__init__: domain/batch information not found, all samples will be treated as from single domain/batch.
17:07:12-Concord-WARNING-__init__: domain/batch information not found, all samples will be treated as from single domain/batch.
17:07:12-Concord-WARNING-__init__: domain/batch information not found, all samples will be treated as from single domain/batch.
17:07:12-Concord-WARNING-__init__: domain/batch information not found, all samples will be treated as from single domain/batch.
17:07:12-Concord-WARNING-__init__: domain/batch information not found, all samples will be treated as from single domain/batch.
17:07:12-Concord-INFO-__init__: Encoder input dim: 1000
17:07:12-Concord-INFO-__init__: Encoder input dim: 1000
17:07:12-Concord-INFO-__init__: Encoder input dim: 1000
17:07:12-Concord-INFO-__init__: Encoder input dim: 1000
17:07:12-Concord-INFO-init_model: Model loaded to device: cpu
17:07:12-Concord-INFO-init_model: Model loaded to device: cpu
17:07:12-Concord-INFO-init_model: Model loaded to device: cpu
17:07:12-Concord-INFO-init_model: Model loaded to device: cpu
17:07:12-Concord-INFO-init_model: Total number of parameters: 1303908
17:07:12-Concord-INFO-init_model: Total number of parameters: 1303908
17:07:12-Concord-INFO-init_model: Total number of parameters: 1303908
17:07:12-Concord-INFO-init_model: Total number of parameters: 1303908
17:07:12-Concord-INFO-train: Starting epoch 1/15
17:07:12-Concord-INFO-train: Starting epoch 1/15
17:07:12-Concord-INFO-train: Starting epoch 1/15
17:07:12-Concord-INFO-train: Starting epoch 1/15
17:07:12-Concord-INFO-train: Processing chunk 1/1 for epoch 1
17:07:12-Concord-INFO-train: Processing chunk 1/1 for epoch 1
17:07:12-Concord-INFO-train: Processing chunk 1/1 for epoch 1
17:07:12-Concord-INFO-train: Processing chunk 1/1 for epoch 1
17:07:12-Concord-INFO-train: Number of samples in train_dataloader: 2638
17:07:12-Concord-INFO-train: Number of samples in train_dataloader: 2638
17:07:12-Concord-INFO-train: Number of samples in train_dataloader: 2638
17:07:12-Concord-INFO-train: Number of samples in train_dataloader: 2638
17:07:13-Concord-INFO-_run_epoch: Epoch   0 | Train Loss: 3.66, MSE: 0.00, CLASS: 0.00, CONTRAST: 3.66, IMPORTANCE: 0.00
17:07:13-Concord-INFO-_run_epoch: Epoch   0 | Train Loss: 3.66, MSE: 0.00, CLASS: 0.00, CONTRAST: 3.66, IMPORTANCE: 0.00
17:07:13-Concord-INFO-_run_epoch: Epoch   0 | Train Loss: 3.66, MSE: 0.00, CLASS: 0.00, CONTRAST: 3.66, IMPORTANCE: 0.00
17:07:13-Concord-INFO-_run_epoch: Epoch   0 | Train Loss: 3.66, MSE: 0.00, CLASS: 0.00, CONTRAST: 3.66, IMPORTANCE: 0.00
17:07:13-Concord-INFO-train: Starting epoch 2/15
17:07:13-Concord-INFO-train: Starting epoch 2/15
17:07:13-Concord-INFO-train: Starting epoch 2/15
17:07:13-Concord-INFO-train: Starting epoch 2/15
17:07:13-Concord-INFO-train: Processing chunk 1/1 for epoch 2
17:07:13-Concord-INFO-train: Processing chunk 1/1 for epoch 2
17:07:13-Concord-INFO-train: Processing chunk 1/1 for epoch 2
17:07:13-Concord-INFO-train: Processing chunk 1/1 for epoch 2
17:07:13-Concord-INFO-train: Number of samples in train_dataloader: 2638
17:07:13-Concord-INFO-train: Number of samples in train_dataloader: 2638
17:07:13-Concord-INFO-train: Number of samples in train_dataloader: 2638
17:07:13-Concord-INFO-train: Number of samples in train_dataloader: 2638
17:07:14-Concord-INFO-_run_epoch: Epoch   1 | Train Loss: 3.24, MSE: 0.00, CLASS: 0.00, CONTRAST: 3.24, IMPORTANCE: 0.00
17:07:14-Concord-INFO-_run_epoch: Epoch   1 | Train Loss: 3.24, MSE: 0.00, CLASS: 0.00, CONTRAST: 3.24, IMPORTANCE: 0.00
17:07:14-Concord-INFO-_run_epoch: Epoch   1 | Train Loss: 3.24, MSE: 0.00, CLASS: 0.00, CONTRAST: 3.24, IMPORTANCE: 0.00
17:07:14-Concord-INFO-_run_epoch: Epoch   1 | Train Loss: 3.24, MSE: 0.00, CLASS: 0.00, CONTRAST: 3.24, IMPORTANCE: 0.00
17:07:14-Concord-INFO-train: Starting epoch 3/15
17:07:14-Concord-INFO-train: Starting epoch 3/15
17:07:14-Concord-INFO-train: Starting epoch 3/15
17:07:14-Concord-INFO-train: Starting epoch 3/15
17:07:14-Concord-INFO-train: Processing chunk 1/1 for epoch 3
17:07:14-Concord-INFO-train: Processing chunk 1/1 for epoch 3
17:07:14-Concord-INFO-train: Processing chunk 1/1 for epoch 3
17:07:14-Concord-INFO-train: Processing chunk 1/1 for epoch 3
17:07:14-Concord-INFO-train: Number of samples in train_dataloader: 2638
17:07:14-Concord-INFO-train: Number of samples in train_dataloader: 2638
17:07:14-Concord-INFO-train: Number of samples in train_dataloader: 2638
17:07:14-Concord-INFO-train: Number of samples in train_dataloader: 2638
17:07:14-Concord-INFO-_run_epoch: Epoch   2 | Train Loss: 3.03, MSE: 0.00, CLASS: 0.00, CONTRAST: 3.03, IMPORTANCE: 0.00
17:07:14-Concord-INFO-_run_epoch: Epoch   2 | Train Loss: 3.03, MSE: 0.00, CLASS: 0.00, CONTRAST: 3.03, IMPORTANCE: 0.00
17:07:14-Concord-INFO-_run_epoch: Epoch   2 | Train Loss: 3.03, MSE: 0.00, CLASS: 0.00, CONTRAST: 3.03, IMPORTANCE: 0.00
17:07:14-Concord-INFO-_run_epoch: Epoch   2 | Train Loss: 3.03, MSE: 0.00, CLASS: 0.00, CONTRAST: 3.03, IMPORTANCE: 0.00
17:07:14-Concord-INFO-train: Starting epoch 4/15
17:07:14-Concord-INFO-train: Starting epoch 4/15
17:07:14-Concord-INFO-train: Starting epoch 4/15
17:07:14-Concord-INFO-train: Starting epoch 4/15
17:07:14-Concord-INFO-train: Processing chunk 1/1 for epoch 4
17:07:14-Concord-INFO-train: Processing chunk 1/1 for epoch 4
17:07:14-Concord-INFO-train: Processing chunk 1/1 for epoch 4
17:07:14-Concord-INFO-train: Processing chunk 1/1 for epoch 4
17:07:14-Concord-INFO-train: Number of samples in train_dataloader: 2638
17:07:14-Concord-INFO-train: Number of samples in train_dataloader: 2638
17:07:14-Concord-INFO-train: Number of samples in train_dataloader: 2638
17:07:14-Concord-INFO-train: Number of samples in train_dataloader: 2638
17:07:15-Concord-INFO-_run_epoch: Epoch   3 | Train Loss: 2.95, MSE: 0.00, CLASS: 0.00, CONTRAST: 2.95, IMPORTANCE: 0.00
17:07:15-Concord-INFO-_run_epoch: Epoch   3 | Train Loss: 2.95, MSE: 0.00, CLASS: 0.00, CONTRAST: 2.95, IMPORTANCE: 0.00
17:07:15-Concord-INFO-_run_epoch: Epoch   3 | Train Loss: 2.95, MSE: 0.00, CLASS: 0.00, CONTRAST: 2.95, IMPORTANCE: 0.00
17:07:15-Concord-INFO-_run_epoch: Epoch   3 | Train Loss: 2.95, MSE: 0.00, CLASS: 0.00, CONTRAST: 2.95, IMPORTANCE: 0.00
17:07:15-Concord-INFO-train: Starting epoch 5/15
17:07:15-Concord-INFO-train: Starting epoch 5/15
17:07:15-Concord-INFO-train: Starting epoch 5/15
17:07:15-Concord-INFO-train: Starting epoch 5/15
17:07:15-Concord-INFO-train: Processing chunk 1/1 for epoch 5
17:07:15-Concord-INFO-train: Processing chunk 1/1 for epoch 5
17:07:15-Concord-INFO-train: Processing chunk 1/1 for epoch 5
17:07:15-Concord-INFO-train: Processing chunk 1/1 for epoch 5
17:07:15-Concord-INFO-train: Number of samples in train_dataloader: 2638
17:07:15-Concord-INFO-train: Number of samples in train_dataloader: 2638
17:07:15-Concord-INFO-train: Number of samples in train_dataloader: 2638
17:07:15-Concord-INFO-train: Number of samples in train_dataloader: 2638
17:07:16-Concord-INFO-_run_epoch: Epoch   4 | Train Loss: 2.91, MSE: 0.00, CLASS: 0.00, CONTRAST: 2.91, IMPORTANCE: 0.00
17:07:16-Concord-INFO-_run_epoch: Epoch   4 | Train Loss: 2.91, MSE: 0.00, CLASS: 0.00, CONTRAST: 2.91, IMPORTANCE: 0.00
17:07:16-Concord-INFO-_run_epoch: Epoch   4 | Train Loss: 2.91, MSE: 0.00, CLASS: 0.00, CONTRAST: 2.91, IMPORTANCE: 0.00
17:07:16-Concord-INFO-_run_epoch: Epoch   4 | Train Loss: 2.91, MSE: 0.00, CLASS: 0.00, CONTRAST: 2.91, IMPORTANCE: 0.00
17:07:16-Concord-INFO-train: Starting epoch 6/15
17:07:16-Concord-INFO-train: Starting epoch 6/15
17:07:16-Concord-INFO-train: Starting epoch 6/15
17:07:16-Concord-INFO-train: Starting epoch 6/15
17:07:16-Concord-INFO-train: Processing chunk 1/1 for epoch 6
17:07:16-Concord-INFO-train: Processing chunk 1/1 for epoch 6
17:07:16-Concord-INFO-train: Processing chunk 1/1 for epoch 6
17:07:16-Concord-INFO-train: Processing chunk 1/1 for epoch 6
17:07:16-Concord-INFO-train: Number of samples in train_dataloader: 2638
17:07:16-Concord-INFO-train: Number of samples in train_dataloader: 2638
17:07:16-Concord-INFO-train: Number of samples in train_dataloader: 2638
17:07:16-Concord-INFO-train: Number of samples in train_dataloader: 2638
17:07:16-Concord-INFO-_run_epoch: Epoch   5 | Train Loss: 2.83, MSE: 0.00, CLASS: 0.00, CONTRAST: 2.83, IMPORTANCE: 0.00
17:07:16-Concord-INFO-_run_epoch: Epoch   5 | Train Loss: 2.83, MSE: 0.00, CLASS: 0.00, CONTRAST: 2.83, IMPORTANCE: 0.00
17:07:16-Concord-INFO-_run_epoch: Epoch   5 | Train Loss: 2.83, MSE: 0.00, CLASS: 0.00, CONTRAST: 2.83, IMPORTANCE: 0.00
17:07:16-Concord-INFO-_run_epoch: Epoch   5 | Train Loss: 2.83, MSE: 0.00, CLASS: 0.00, CONTRAST: 2.83, IMPORTANCE: 0.00
17:07:16-Concord-INFO-train: Starting epoch 7/15
17:07:16-Concord-INFO-train: Starting epoch 7/15
17:07:16-Concord-INFO-train: Starting epoch 7/15
17:07:16-Concord-INFO-train: Starting epoch 7/15
17:07:16-Concord-INFO-train: Processing chunk 1/1 for epoch 7
17:07:16-Concord-INFO-train: Processing chunk 1/1 for epoch 7
17:07:16-Concord-INFO-train: Processing chunk 1/1 for epoch 7
17:07:16-Concord-INFO-train: Processing chunk 1/1 for epoch 7
17:07:16-Concord-INFO-train: Number of samples in train_dataloader: 2638
17:07:16-Concord-INFO-train: Number of samples in train_dataloader: 2638
17:07:16-Concord-INFO-train: Number of samples in train_dataloader: 2638
17:07:16-Concord-INFO-train: Number of samples in train_dataloader: 2638
17:07:17-Concord-INFO-_run_epoch: Epoch   6 | Train Loss: 2.77, MSE: 0.00, CLASS: 0.00, CONTRAST: 2.77, IMPORTANCE: 0.00
17:07:17-Concord-INFO-_run_epoch: Epoch   6 | Train Loss: 2.77, MSE: 0.00, CLASS: 0.00, CONTRAST: 2.77, IMPORTANCE: 0.00
17:07:17-Concord-INFO-_run_epoch: Epoch   6 | Train Loss: 2.77, MSE: 0.00, CLASS: 0.00, CONTRAST: 2.77, IMPORTANCE: 0.00
17:07:17-Concord-INFO-_run_epoch: Epoch   6 | Train Loss: 2.77, MSE: 0.00, CLASS: 0.00, CONTRAST: 2.77, IMPORTANCE: 0.00
17:07:17-Concord-INFO-train: Starting epoch 8/15
17:07:17-Concord-INFO-train: Starting epoch 8/15
17:07:17-Concord-INFO-train: Starting epoch 8/15
17:07:17-Concord-INFO-train: Starting epoch 8/15
17:07:17-Concord-INFO-train: Processing chunk 1/1 for epoch 8
17:07:17-Concord-INFO-train: Processing chunk 1/1 for epoch 8
17:07:17-Concord-INFO-train: Processing chunk 1/1 for epoch 8
17:07:17-Concord-INFO-train: Processing chunk 1/1 for epoch 8
17:07:17-Concord-INFO-train: Number of samples in train_dataloader: 2638
17:07:17-Concord-INFO-train: Number of samples in train_dataloader: 2638
17:07:17-Concord-INFO-train: Number of samples in train_dataloader: 2638
17:07:17-Concord-INFO-train: Number of samples in train_dataloader: 2638
17:07:17-Concord-INFO-_run_epoch: Epoch   7 | Train Loss: 2.75, MSE: 0.00, CLASS: 0.00, CONTRAST: 2.75, IMPORTANCE: 0.00
17:07:17-Concord-INFO-_run_epoch: Epoch   7 | Train Loss: 2.75, MSE: 0.00, CLASS: 0.00, CONTRAST: 2.75, IMPORTANCE: 0.00
17:07:17-Concord-INFO-_run_epoch: Epoch   7 | Train Loss: 2.75, MSE: 0.00, CLASS: 0.00, CONTRAST: 2.75, IMPORTANCE: 0.00
17:07:17-Concord-INFO-_run_epoch: Epoch   7 | Train Loss: 2.75, MSE: 0.00, CLASS: 0.00, CONTRAST: 2.75, IMPORTANCE: 0.00
17:07:17-Concord-INFO-train: Starting epoch 9/15
17:07:17-Concord-INFO-train: Starting epoch 9/15
17:07:17-Concord-INFO-train: Starting epoch 9/15
17:07:17-Concord-INFO-train: Starting epoch 9/15
17:07:17-Concord-INFO-train: Processing chunk 1/1 for epoch 9
17:07:17-Concord-INFO-train: Processing chunk 1/1 for epoch 9
17:07:17-Concord-INFO-train: Processing chunk 1/1 for epoch 9
17:07:17-Concord-INFO-train: Processing chunk 1/1 for epoch 9
17:07:17-Concord-INFO-train: Number of samples in train_dataloader: 2638
17:07:17-Concord-INFO-train: Number of samples in train_dataloader: 2638
17:07:17-Concord-INFO-train: Number of samples in train_dataloader: 2638
17:07:17-Concord-INFO-train: Number of samples in train_dataloader: 2638
17:07:18-Concord-INFO-_run_epoch: Epoch   8 | Train Loss: 2.71, MSE: 0.00, CLASS: 0.00, CONTRAST: 2.71, IMPORTANCE: 0.00
17:07:18-Concord-INFO-_run_epoch: Epoch   8 | Train Loss: 2.71, MSE: 0.00, CLASS: 0.00, CONTRAST: 2.71, IMPORTANCE: 0.00
17:07:18-Concord-INFO-_run_epoch: Epoch   8 | Train Loss: 2.71, MSE: 0.00, CLASS: 0.00, CONTRAST: 2.71, IMPORTANCE: 0.00
17:07:18-Concord-INFO-_run_epoch: Epoch   8 | Train Loss: 2.71, MSE: 0.00, CLASS: 0.00, CONTRAST: 2.71, IMPORTANCE: 0.00
17:07:18-Concord-INFO-train: Starting epoch 10/15
17:07:18-Concord-INFO-train: Starting epoch 10/15
17:07:18-Concord-INFO-train: Starting epoch 10/15
17:07:18-Concord-INFO-train: Starting epoch 10/15
17:07:18-Concord-INFO-train: Processing chunk 1/1 for epoch 10
17:07:18-Concord-INFO-train: Processing chunk 1/1 for epoch 10
17:07:18-Concord-INFO-train: Processing chunk 1/1 for epoch 10
17:07:18-Concord-INFO-train: Processing chunk 1/1 for epoch 10
17:07:18-Concord-INFO-train: Number of samples in train_dataloader: 2638
17:07:18-Concord-INFO-train: Number of samples in train_dataloader: 2638
17:07:18-Concord-INFO-train: Number of samples in train_dataloader: 2638
17:07:18-Concord-INFO-train: Number of samples in train_dataloader: 2638
17:07:18-Concord-INFO-_run_epoch: Epoch   9 | Train Loss: 2.69, MSE: 0.00, CLASS: 0.00, CONTRAST: 2.69, IMPORTANCE: 0.00
17:07:18-Concord-INFO-_run_epoch: Epoch   9 | Train Loss: 2.69, MSE: 0.00, CLASS: 0.00, CONTRAST: 2.69, IMPORTANCE: 0.00
17:07:18-Concord-INFO-_run_epoch: Epoch   9 | Train Loss: 2.69, MSE: 0.00, CLASS: 0.00, CONTRAST: 2.69, IMPORTANCE: 0.00
17:07:18-Concord-INFO-_run_epoch: Epoch   9 | Train Loss: 2.69, MSE: 0.00, CLASS: 0.00, CONTRAST: 2.69, IMPORTANCE: 0.00
17:07:18-Concord-INFO-train: Starting epoch 11/15
17:07:18-Concord-INFO-train: Starting epoch 11/15
17:07:18-Concord-INFO-train: Starting epoch 11/15
17:07:18-Concord-INFO-train: Starting epoch 11/15
17:07:18-Concord-INFO-train: Processing chunk 1/1 for epoch 11
17:07:18-Concord-INFO-train: Processing chunk 1/1 for epoch 11
17:07:18-Concord-INFO-train: Processing chunk 1/1 for epoch 11
17:07:18-Concord-INFO-train: Processing chunk 1/1 for epoch 11
17:07:18-Concord-INFO-train: Number of samples in train_dataloader: 2638
17:07:18-Concord-INFO-train: Number of samples in train_dataloader: 2638
17:07:18-Concord-INFO-train: Number of samples in train_dataloader: 2638
17:07:18-Concord-INFO-train: Number of samples in train_dataloader: 2638
17:07:19-Concord-INFO-_run_epoch: Epoch  10 | Train Loss: 2.65, MSE: 0.00, CLASS: 0.00, CONTRAST: 2.65, IMPORTANCE: 0.00
17:07:19-Concord-INFO-_run_epoch: Epoch  10 | Train Loss: 2.65, MSE: 0.00, CLASS: 0.00, CONTRAST: 2.65, IMPORTANCE: 0.00
17:07:19-Concord-INFO-_run_epoch: Epoch  10 | Train Loss: 2.65, MSE: 0.00, CLASS: 0.00, CONTRAST: 2.65, IMPORTANCE: 0.00
17:07:19-Concord-INFO-_run_epoch: Epoch  10 | Train Loss: 2.65, MSE: 0.00, CLASS: 0.00, CONTRAST: 2.65, IMPORTANCE: 0.00
17:07:19-Concord-INFO-train: Starting epoch 12/15
17:07:19-Concord-INFO-train: Starting epoch 12/15
17:07:19-Concord-INFO-train: Starting epoch 12/15
17:07:19-Concord-INFO-train: Starting epoch 12/15
17:07:19-Concord-INFO-train: Processing chunk 1/1 for epoch 12
17:07:19-Concord-INFO-train: Processing chunk 1/1 for epoch 12
17:07:19-Concord-INFO-train: Processing chunk 1/1 for epoch 12
17:07:19-Concord-INFO-train: Processing chunk 1/1 for epoch 12
17:07:19-Concord-INFO-train: Number of samples in train_dataloader: 2638
17:07:19-Concord-INFO-train: Number of samples in train_dataloader: 2638
17:07:19-Concord-INFO-train: Number of samples in train_dataloader: 2638
17:07:19-Concord-INFO-train: Number of samples in train_dataloader: 2638
17:07:20-Concord-INFO-_run_epoch: Epoch  11 | Train Loss: 2.62, MSE: 0.00, CLASS: 0.00, CONTRAST: 2.62, IMPORTANCE: 0.00
17:07:20-Concord-INFO-_run_epoch: Epoch  11 | Train Loss: 2.62, MSE: 0.00, CLASS: 0.00, CONTRAST: 2.62, IMPORTANCE: 0.00
17:07:20-Concord-INFO-_run_epoch: Epoch  11 | Train Loss: 2.62, MSE: 0.00, CLASS: 0.00, CONTRAST: 2.62, IMPORTANCE: 0.00
17:07:20-Concord-INFO-_run_epoch: Epoch  11 | Train Loss: 2.62, MSE: 0.00, CLASS: 0.00, CONTRAST: 2.62, IMPORTANCE: 0.00
17:07:20-Concord-INFO-train: Starting epoch 13/15
17:07:20-Concord-INFO-train: Starting epoch 13/15
17:07:20-Concord-INFO-train: Starting epoch 13/15
17:07:20-Concord-INFO-train: Starting epoch 13/15
17:07:20-Concord-INFO-train: Processing chunk 1/1 for epoch 13
17:07:20-Concord-INFO-train: Processing chunk 1/1 for epoch 13
17:07:20-Concord-INFO-train: Processing chunk 1/1 for epoch 13
17:07:20-Concord-INFO-train: Processing chunk 1/1 for epoch 13
17:07:20-Concord-INFO-train: Number of samples in train_dataloader: 2638
17:07:20-Concord-INFO-train: Number of samples in train_dataloader: 2638
17:07:20-Concord-INFO-train: Number of samples in train_dataloader: 2638
17:07:20-Concord-INFO-train: Number of samples in train_dataloader: 2638
17:07:20-Concord-INFO-_run_epoch: Epoch  12 | Train Loss: 2.61, MSE: 0.00, CLASS: 0.00, CONTRAST: 2.61, IMPORTANCE: 0.00
17:07:20-Concord-INFO-_run_epoch: Epoch  12 | Train Loss: 2.61, MSE: 0.00, CLASS: 0.00, CONTRAST: 2.61, IMPORTANCE: 0.00
17:07:20-Concord-INFO-_run_epoch: Epoch  12 | Train Loss: 2.61, MSE: 0.00, CLASS: 0.00, CONTRAST: 2.61, IMPORTANCE: 0.00
17:07:20-Concord-INFO-_run_epoch: Epoch  12 | Train Loss: 2.61, MSE: 0.00, CLASS: 0.00, CONTRAST: 2.61, IMPORTANCE: 0.00
17:07:20-Concord-INFO-train: Starting epoch 14/15
17:07:20-Concord-INFO-train: Starting epoch 14/15
17:07:20-Concord-INFO-train: Starting epoch 14/15
17:07:20-Concord-INFO-train: Starting epoch 14/15
17:07:20-Concord-INFO-train: Processing chunk 1/1 for epoch 14
17:07:20-Concord-INFO-train: Processing chunk 1/1 for epoch 14
17:07:20-Concord-INFO-train: Processing chunk 1/1 for epoch 14
17:07:20-Concord-INFO-train: Processing chunk 1/1 for epoch 14
17:07:20-Concord-INFO-train: Number of samples in train_dataloader: 2638
17:07:20-Concord-INFO-train: Number of samples in train_dataloader: 2638
17:07:20-Concord-INFO-train: Number of samples in train_dataloader: 2638
17:07:20-Concord-INFO-train: Number of samples in train_dataloader: 2638
17:07:21-Concord-INFO-_run_epoch: Epoch  13 | Train Loss: 2.62, MSE: 0.00, CLASS: 0.00, CONTRAST: 2.62, IMPORTANCE: 0.00
17:07:21-Concord-INFO-_run_epoch: Epoch  13 | Train Loss: 2.62, MSE: 0.00, CLASS: 0.00, CONTRAST: 2.62, IMPORTANCE: 0.00
17:07:21-Concord-INFO-_run_epoch: Epoch  13 | Train Loss: 2.62, MSE: 0.00, CLASS: 0.00, CONTRAST: 2.62, IMPORTANCE: 0.00
17:07:21-Concord-INFO-_run_epoch: Epoch  13 | Train Loss: 2.62, MSE: 0.00, CLASS: 0.00, CONTRAST: 2.62, IMPORTANCE: 0.00
17:07:21-Concord-INFO-train: Starting epoch 15/15
17:07:21-Concord-INFO-train: Starting epoch 15/15
17:07:21-Concord-INFO-train: Starting epoch 15/15
17:07:21-Concord-INFO-train: Starting epoch 15/15
17:07:21-Concord-INFO-train: Processing chunk 1/1 for epoch 15
17:07:21-Concord-INFO-train: Processing chunk 1/1 for epoch 15
17:07:21-Concord-INFO-train: Processing chunk 1/1 for epoch 15
17:07:21-Concord-INFO-train: Processing chunk 1/1 for epoch 15
17:07:21-Concord-INFO-train: Number of samples in train_dataloader: 2638
17:07:21-Concord-INFO-train: Number of samples in train_dataloader: 2638
17:07:21-Concord-INFO-train: Number of samples in train_dataloader: 2638
17:07:21-Concord-INFO-train: Number of samples in train_dataloader: 2638
17:07:21-Concord-INFO-_run_epoch: Epoch  14 | Train Loss: 2.60, MSE: 0.00, CLASS: 0.00, CONTRAST: 2.60, IMPORTANCE: 0.00
17:07:21-Concord-INFO-_run_epoch: Epoch  14 | Train Loss: 2.60, MSE: 0.00, CLASS: 0.00, CONTRAST: 2.60, IMPORTANCE: 0.00
17:07:21-Concord-INFO-_run_epoch: Epoch  14 | Train Loss: 2.60, MSE: 0.00, CLASS: 0.00, CONTRAST: 2.60, IMPORTANCE: 0.00
17:07:21-Concord-INFO-_run_epoch: Epoch  14 | Train Loss: 2.60, MSE: 0.00, CLASS: 0.00, CONTRAST: 2.60, IMPORTANCE: 0.00
17:07:21-Concord-INFO-save_model: Model saved to save/final_model_Apr17-1707.pt
17:07:21-Concord-INFO-save_model: Model saved to save/final_model_Apr17-1707.pt
17:07:21-Concord-INFO-save_model: Model saved to save/final_model_Apr17-1707.pt
17:07:21-Concord-INFO-save_model: Model saved to save/final_model_Apr17-1707.pt
17:07:21-Concord-INFO-train: Final model saved at: save/final_model_Apr17-1707.pt; Configuration saved at: save/config_Apr17-1707.json.
17:07:21-Concord-INFO-train: Final model saved at: save/final_model_Apr17-1707.pt; Configuration saved at: save/config_Apr17-1707.json.
17:07:21-Concord-INFO-train: Final model saved at: save/final_model_Apr17-1707.pt; Configuration saved at: save/config_Apr17-1707.json.
17:07:21-Concord-INFO-train: Final model saved at: save/final_model_Apr17-1707.pt; Configuration saved at: save/config_Apr17-1707.json.
17:07:21-Concord-INFO-predict: Predicting for chunk 1/1
17:07:21-Concord-INFO-predict: Predicting for chunk 1/1
17:07:21-Concord-INFO-predict: Predicting for chunk 1/1
17:07:21-Concord-INFO-predict: Predicting for chunk 1/1
17:09:06-Concord-WARNING-__init__: domain/batch information not found, all samples will be treated as from single domain/batch.
17:09:06-Concord-WARNING-__init__: domain/batch information not found, all samples will be treated as from single domain/batch.
17:09:06-Concord-WARNING-__init__: domain/batch information not found, all samples will be treated as from single domain/batch.
17:09:06-Concord-WARNING-__init__: domain/batch information not found, all samples will be treated as from single domain/batch.
17:09:06-Concord-WARNING-__init__: domain/batch information not found, all samples will be treated as from single domain/batch.
17:09:06-Concord-INFO-__init__: Encoder input dim: 1000
17:09:06-Concord-INFO-__init__: Encoder input dim: 1000
17:09:06-Concord-INFO-__init__: Encoder input dim: 1000
17:09:06-Concord-INFO-__init__: Encoder input dim: 1000
17:09:06-Concord-INFO-__init__: Encoder input dim: 1000
17:09:06-Concord-INFO-init_model: Model loaded to device: cpu
17:09:06-Concord-INFO-init_model: Model loaded to device: cpu
17:09:06-Concord-INFO-init_model: Model loaded to device: cpu
17:09:06-Concord-INFO-init_model: Model loaded to device: cpu
17:09:06-Concord-INFO-init_model: Model loaded to device: cpu
17:09:06-Concord-INFO-init_model: Total number of parameters: 1303908
17:09:06-Concord-INFO-init_model: Total number of parameters: 1303908
17:09:06-Concord-INFO-init_model: Total number of parameters: 1303908
17:09:06-Concord-INFO-init_model: Total number of parameters: 1303908
17:09:06-Concord-INFO-init_model: Total number of parameters: 1303908
17:09:06-Concord-INFO-train: Starting epoch 1/15
17:09:06-Concord-INFO-train: Starting epoch 1/15
17:09:06-Concord-INFO-train: Starting epoch 1/15
17:09:06-Concord-INFO-train: Starting epoch 1/15
17:09:06-Concord-INFO-train: Starting epoch 1/15
17:09:06-Concord-INFO-train: Processing chunk 1/1 for epoch 1
17:09:06-Concord-INFO-train: Processing chunk 1/1 for epoch 1
17:09:06-Concord-INFO-train: Processing chunk 1/1 for epoch 1
17:09:06-Concord-INFO-train: Processing chunk 1/1 for epoch 1
17:09:06-Concord-INFO-train: Processing chunk 1/1 for epoch 1
17:09:06-Concord-INFO-train: Number of samples in train_dataloader: 2638
17:09:06-Concord-INFO-train: Number of samples in train_dataloader: 2638
17:09:06-Concord-INFO-train: Number of samples in train_dataloader: 2638
17:09:06-Concord-INFO-train: Number of samples in train_dataloader: 2638
17:09:06-Concord-INFO-train: Number of samples in train_dataloader: 2638
17:09:07-Concord-INFO-_run_epoch: Epoch   0 | Train Loss: 3.66, MSE: 0.00, CLASS: 0.00, CONTRAST: 3.66, IMPORTANCE: 0.00
17:09:07-Concord-INFO-_run_epoch: Epoch   0 | Train Loss: 3.66, MSE: 0.00, CLASS: 0.00, CONTRAST: 3.66, IMPORTANCE: 0.00
17:09:07-Concord-INFO-_run_epoch: Epoch   0 | Train Loss: 3.66, MSE: 0.00, CLASS: 0.00, CONTRAST: 3.66, IMPORTANCE: 0.00
17:09:07-Concord-INFO-_run_epoch: Epoch   0 | Train Loss: 3.66, MSE: 0.00, CLASS: 0.00, CONTRAST: 3.66, IMPORTANCE: 0.00
17:09:07-Concord-INFO-_run_epoch: Epoch   0 | Train Loss: 3.66, MSE: 0.00, CLASS: 0.00, CONTRAST: 3.66, IMPORTANCE: 0.00
17:09:07-Concord-INFO-train: Starting epoch 2/15
17:09:07-Concord-INFO-train: Starting epoch 2/15
17:09:07-Concord-INFO-train: Starting epoch 2/15
17:09:07-Concord-INFO-train: Starting epoch 2/15
17:09:07-Concord-INFO-train: Starting epoch 2/15
17:09:07-Concord-INFO-train: Processing chunk 1/1 for epoch 2
17:09:07-Concord-INFO-train: Processing chunk 1/1 for epoch 2
17:09:07-Concord-INFO-train: Processing chunk 1/1 for epoch 2
17:09:07-Concord-INFO-train: Processing chunk 1/1 for epoch 2
17:09:07-Concord-INFO-train: Processing chunk 1/1 for epoch 2
17:09:07-Concord-INFO-train: Number of samples in train_dataloader: 2638
17:09:07-Concord-INFO-train: Number of samples in train_dataloader: 2638
17:09:07-Concord-INFO-train: Number of samples in train_dataloader: 2638
17:09:07-Concord-INFO-train: Number of samples in train_dataloader: 2638
17:09:07-Concord-INFO-train: Number of samples in train_dataloader: 2638
17:09:07-Concord-INFO-_run_epoch: Epoch   1 | Train Loss: 3.24, MSE: 0.00, CLASS: 0.00, CONTRAST: 3.24, IMPORTANCE: 0.00
17:09:07-Concord-INFO-_run_epoch: Epoch   1 | Train Loss: 3.24, MSE: 0.00, CLASS: 0.00, CONTRAST: 3.24, IMPORTANCE: 0.00
17:09:07-Concord-INFO-_run_epoch: Epoch   1 | Train Loss: 3.24, MSE: 0.00, CLASS: 0.00, CONTRAST: 3.24, IMPORTANCE: 0.00
17:09:07-Concord-INFO-_run_epoch: Epoch   1 | Train Loss: 3.24, MSE: 0.00, CLASS: 0.00, CONTRAST: 3.24, IMPORTANCE: 0.00
17:09:07-Concord-INFO-_run_epoch: Epoch   1 | Train Loss: 3.24, MSE: 0.00, CLASS: 0.00, CONTRAST: 3.24, IMPORTANCE: 0.00
17:09:07-Concord-INFO-train: Starting epoch 3/15
17:09:07-Concord-INFO-train: Starting epoch 3/15
17:09:07-Concord-INFO-train: Starting epoch 3/15
17:09:07-Concord-INFO-train: Starting epoch 3/15
17:09:07-Concord-INFO-train: Starting epoch 3/15
17:09:07-Concord-INFO-train: Processing chunk 1/1 for epoch 3
17:09:07-Concord-INFO-train: Processing chunk 1/1 for epoch 3
17:09:07-Concord-INFO-train: Processing chunk 1/1 for epoch 3
17:09:07-Concord-INFO-train: Processing chunk 1/1 for epoch 3
17:09:07-Concord-INFO-train: Processing chunk 1/1 for epoch 3
17:09:07-Concord-INFO-train: Number of samples in train_dataloader: 2638
17:09:07-Concord-INFO-train: Number of samples in train_dataloader: 2638
17:09:07-Concord-INFO-train: Number of samples in train_dataloader: 2638
17:09:07-Concord-INFO-train: Number of samples in train_dataloader: 2638
17:09:07-Concord-INFO-train: Number of samples in train_dataloader: 2638
17:09:08-Concord-INFO-_run_epoch: Epoch   2 | Train Loss: 3.03, MSE: 0.00, CLASS: 0.00, CONTRAST: 3.03, IMPORTANCE: 0.00
17:09:08-Concord-INFO-_run_epoch: Epoch   2 | Train Loss: 3.03, MSE: 0.00, CLASS: 0.00, CONTRAST: 3.03, IMPORTANCE: 0.00
17:09:08-Concord-INFO-_run_epoch: Epoch   2 | Train Loss: 3.03, MSE: 0.00, CLASS: 0.00, CONTRAST: 3.03, IMPORTANCE: 0.00
17:09:08-Concord-INFO-_run_epoch: Epoch   2 | Train Loss: 3.03, MSE: 0.00, CLASS: 0.00, CONTRAST: 3.03, IMPORTANCE: 0.00
17:09:08-Concord-INFO-_run_epoch: Epoch   2 | Train Loss: 3.03, MSE: 0.00, CLASS: 0.00, CONTRAST: 3.03, IMPORTANCE: 0.00
17:09:08-Concord-INFO-train: Starting epoch 4/15
17:09:08-Concord-INFO-train: Starting epoch 4/15
17:09:08-Concord-INFO-train: Starting epoch 4/15
17:09:08-Concord-INFO-train: Starting epoch 4/15
17:09:08-Concord-INFO-train: Starting epoch 4/15
17:09:08-Concord-INFO-train: Processing chunk 1/1 for epoch 4
17:09:08-Concord-INFO-train: Processing chunk 1/1 for epoch 4
17:09:08-Concord-INFO-train: Processing chunk 1/1 for epoch 4
17:09:08-Concord-INFO-train: Processing chunk 1/1 for epoch 4
17:09:08-Concord-INFO-train: Processing chunk 1/1 for epoch 4
17:09:08-Concord-INFO-train: Number of samples in train_dataloader: 2638
17:09:08-Concord-INFO-train: Number of samples in train_dataloader: 2638
17:09:08-Concord-INFO-train: Number of samples in train_dataloader: 2638
17:09:08-Concord-INFO-train: Number of samples in train_dataloader: 2638
17:09:08-Concord-INFO-train: Number of samples in train_dataloader: 2638
17:09:08-Concord-INFO-_run_epoch: Epoch   3 | Train Loss: 2.95, MSE: 0.00, CLASS: 0.00, CONTRAST: 2.95, IMPORTANCE: 0.00
17:09:08-Concord-INFO-_run_epoch: Epoch   3 | Train Loss: 2.95, MSE: 0.00, CLASS: 0.00, CONTRAST: 2.95, IMPORTANCE: 0.00
17:09:08-Concord-INFO-_run_epoch: Epoch   3 | Train Loss: 2.95, MSE: 0.00, CLASS: 0.00, CONTRAST: 2.95, IMPORTANCE: 0.00
17:09:08-Concord-INFO-_run_epoch: Epoch   3 | Train Loss: 2.95, MSE: 0.00, CLASS: 0.00, CONTRAST: 2.95, IMPORTANCE: 0.00
17:09:08-Concord-INFO-_run_epoch: Epoch   3 | Train Loss: 2.95, MSE: 0.00, CLASS: 0.00, CONTRAST: 2.95, IMPORTANCE: 0.00
17:09:08-Concord-INFO-train: Starting epoch 5/15
17:09:08-Concord-INFO-train: Starting epoch 5/15
17:09:08-Concord-INFO-train: Starting epoch 5/15
17:09:08-Concord-INFO-train: Starting epoch 5/15
17:09:08-Concord-INFO-train: Starting epoch 5/15
17:09:08-Concord-INFO-train: Processing chunk 1/1 for epoch 5
17:09:08-Concord-INFO-train: Processing chunk 1/1 for epoch 5
17:09:08-Concord-INFO-train: Processing chunk 1/1 for epoch 5
17:09:08-Concord-INFO-train: Processing chunk 1/1 for epoch 5
17:09:08-Concord-INFO-train: Processing chunk 1/1 for epoch 5
17:09:08-Concord-INFO-train: Number of samples in train_dataloader: 2638
17:09:08-Concord-INFO-train: Number of samples in train_dataloader: 2638
17:09:08-Concord-INFO-train: Number of samples in train_dataloader: 2638
17:09:08-Concord-INFO-train: Number of samples in train_dataloader: 2638
17:09:08-Concord-INFO-train: Number of samples in train_dataloader: 2638
17:09:09-Concord-INFO-_run_epoch: Epoch   4 | Train Loss: 2.91, MSE: 0.00, CLASS: 0.00, CONTRAST: 2.91, IMPORTANCE: 0.00
17:09:09-Concord-INFO-_run_epoch: Epoch   4 | Train Loss: 2.91, MSE: 0.00, CLASS: 0.00, CONTRAST: 2.91, IMPORTANCE: 0.00
17:09:09-Concord-INFO-_run_epoch: Epoch   4 | Train Loss: 2.91, MSE: 0.00, CLASS: 0.00, CONTRAST: 2.91, IMPORTANCE: 0.00
17:09:09-Concord-INFO-_run_epoch: Epoch   4 | Train Loss: 2.91, MSE: 0.00, CLASS: 0.00, CONTRAST: 2.91, IMPORTANCE: 0.00
17:09:09-Concord-INFO-_run_epoch: Epoch   4 | Train Loss: 2.91, MSE: 0.00, CLASS: 0.00, CONTRAST: 2.91, IMPORTANCE: 0.00
17:09:09-Concord-INFO-train: Starting epoch 6/15
17:09:09-Concord-INFO-train: Starting epoch 6/15
17:09:09-Concord-INFO-train: Starting epoch 6/15
17:09:09-Concord-INFO-train: Starting epoch 6/15
17:09:09-Concord-INFO-train: Starting epoch 6/15
17:09:09-Concord-INFO-train: Processing chunk 1/1 for epoch 6
17:09:09-Concord-INFO-train: Processing chunk 1/1 for epoch 6
17:09:09-Concord-INFO-train: Processing chunk 1/1 for epoch 6
17:09:09-Concord-INFO-train: Processing chunk 1/1 for epoch 6
17:09:09-Concord-INFO-train: Processing chunk 1/1 for epoch 6
17:09:09-Concord-INFO-train: Number of samples in train_dataloader: 2638
17:09:09-Concord-INFO-train: Number of samples in train_dataloader: 2638
17:09:09-Concord-INFO-train: Number of samples in train_dataloader: 2638
17:09:09-Concord-INFO-train: Number of samples in train_dataloader: 2638
17:09:09-Concord-INFO-train: Number of samples in train_dataloader: 2638
17:09:10-Concord-INFO-_run_epoch: Epoch   5 | Train Loss: 2.83, MSE: 0.00, CLASS: 0.00, CONTRAST: 2.83, IMPORTANCE: 0.00
17:09:10-Concord-INFO-_run_epoch: Epoch   5 | Train Loss: 2.83, MSE: 0.00, CLASS: 0.00, CONTRAST: 2.83, IMPORTANCE: 0.00
17:09:10-Concord-INFO-_run_epoch: Epoch   5 | Train Loss: 2.83, MSE: 0.00, CLASS: 0.00, CONTRAST: 2.83, IMPORTANCE: 0.00
17:09:10-Concord-INFO-_run_epoch: Epoch   5 | Train Loss: 2.83, MSE: 0.00, CLASS: 0.00, CONTRAST: 2.83, IMPORTANCE: 0.00
17:09:10-Concord-INFO-_run_epoch: Epoch   5 | Train Loss: 2.83, MSE: 0.00, CLASS: 0.00, CONTRAST: 2.83, IMPORTANCE: 0.00
17:09:10-Concord-INFO-train: Starting epoch 7/15
17:09:10-Concord-INFO-train: Starting epoch 7/15
17:09:10-Concord-INFO-train: Starting epoch 7/15
17:09:10-Concord-INFO-train: Starting epoch 7/15
17:09:10-Concord-INFO-train: Starting epoch 7/15
17:09:10-Concord-INFO-train: Processing chunk 1/1 for epoch 7
17:09:10-Concord-INFO-train: Processing chunk 1/1 for epoch 7
17:09:10-Concord-INFO-train: Processing chunk 1/1 for epoch 7
17:09:10-Concord-INFO-train: Processing chunk 1/1 for epoch 7
17:09:10-Concord-INFO-train: Processing chunk 1/1 for epoch 7
17:09:10-Concord-INFO-train: Number of samples in train_dataloader: 2638
17:09:10-Concord-INFO-train: Number of samples in train_dataloader: 2638
17:09:10-Concord-INFO-train: Number of samples in train_dataloader: 2638
17:09:10-Concord-INFO-train: Number of samples in train_dataloader: 2638
17:09:10-Concord-INFO-train: Number of samples in train_dataloader: 2638
17:09:10-Concord-INFO-_run_epoch: Epoch   6 | Train Loss: 2.77, MSE: 0.00, CLASS: 0.00, CONTRAST: 2.77, IMPORTANCE: 0.00
17:09:10-Concord-INFO-_run_epoch: Epoch   6 | Train Loss: 2.77, MSE: 0.00, CLASS: 0.00, CONTRAST: 2.77, IMPORTANCE: 0.00
17:09:10-Concord-INFO-_run_epoch: Epoch   6 | Train Loss: 2.77, MSE: 0.00, CLASS: 0.00, CONTRAST: 2.77, IMPORTANCE: 0.00
17:09:10-Concord-INFO-_run_epoch: Epoch   6 | Train Loss: 2.77, MSE: 0.00, CLASS: 0.00, CONTRAST: 2.77, IMPORTANCE: 0.00
17:09:10-Concord-INFO-_run_epoch: Epoch   6 | Train Loss: 2.77, MSE: 0.00, CLASS: 0.00, CONTRAST: 2.77, IMPORTANCE: 0.00
17:09:10-Concord-INFO-train: Starting epoch 8/15
17:09:10-Concord-INFO-train: Starting epoch 8/15
17:09:10-Concord-INFO-train: Starting epoch 8/15
17:09:10-Concord-INFO-train: Starting epoch 8/15
17:09:10-Concord-INFO-train: Starting epoch 8/15
17:09:10-Concord-INFO-train: Processing chunk 1/1 for epoch 8
17:09:10-Concord-INFO-train: Processing chunk 1/1 for epoch 8
17:09:10-Concord-INFO-train: Processing chunk 1/1 for epoch 8
17:09:10-Concord-INFO-train: Processing chunk 1/1 for epoch 8
17:09:10-Concord-INFO-train: Processing chunk 1/1 for epoch 8
17:09:10-Concord-INFO-train: Number of samples in train_dataloader: 2638
17:09:10-Concord-INFO-train: Number of samples in train_dataloader: 2638
17:09:10-Concord-INFO-train: Number of samples in train_dataloader: 2638
17:09:10-Concord-INFO-train: Number of samples in train_dataloader: 2638
17:09:10-Concord-INFO-train: Number of samples in train_dataloader: 2638
17:09:11-Concord-INFO-_run_epoch: Epoch   7 | Train Loss: 2.75, MSE: 0.00, CLASS: 0.00, CONTRAST: 2.75, IMPORTANCE: 0.00
17:09:11-Concord-INFO-_run_epoch: Epoch   7 | Train Loss: 2.75, MSE: 0.00, CLASS: 0.00, CONTRAST: 2.75, IMPORTANCE: 0.00
17:09:11-Concord-INFO-_run_epoch: Epoch   7 | Train Loss: 2.75, MSE: 0.00, CLASS: 0.00, CONTRAST: 2.75, IMPORTANCE: 0.00
17:09:11-Concord-INFO-_run_epoch: Epoch   7 | Train Loss: 2.75, MSE: 0.00, CLASS: 0.00, CONTRAST: 2.75, IMPORTANCE: 0.00
17:09:11-Concord-INFO-_run_epoch: Epoch   7 | Train Loss: 2.75, MSE: 0.00, CLASS: 0.00, CONTRAST: 2.75, IMPORTANCE: 0.00
17:09:11-Concord-INFO-train: Starting epoch 9/15
17:09:11-Concord-INFO-train: Starting epoch 9/15
17:09:11-Concord-INFO-train: Starting epoch 9/15
17:09:11-Concord-INFO-train: Starting epoch 9/15
17:09:11-Concord-INFO-train: Starting epoch 9/15
17:09:11-Concord-INFO-train: Processing chunk 1/1 for epoch 9
17:09:11-Concord-INFO-train: Processing chunk 1/1 for epoch 9
17:09:11-Concord-INFO-train: Processing chunk 1/1 for epoch 9
17:09:11-Concord-INFO-train: Processing chunk 1/1 for epoch 9
17:09:11-Concord-INFO-train: Processing chunk 1/1 for epoch 9
17:09:11-Concord-INFO-train: Number of samples in train_dataloader: 2638
17:09:11-Concord-INFO-train: Number of samples in train_dataloader: 2638
17:09:11-Concord-INFO-train: Number of samples in train_dataloader: 2638
17:09:11-Concord-INFO-train: Number of samples in train_dataloader: 2638
17:09:11-Concord-INFO-train: Number of samples in train_dataloader: 2638
17:09:11-Concord-INFO-_run_epoch: Epoch   8 | Train Loss: 2.71, MSE: 0.00, CLASS: 0.00, CONTRAST: 2.71, IMPORTANCE: 0.00
17:09:11-Concord-INFO-_run_epoch: Epoch   8 | Train Loss: 2.71, MSE: 0.00, CLASS: 0.00, CONTRAST: 2.71, IMPORTANCE: 0.00
17:09:11-Concord-INFO-_run_epoch: Epoch   8 | Train Loss: 2.71, MSE: 0.00, CLASS: 0.00, CONTRAST: 2.71, IMPORTANCE: 0.00
17:09:11-Concord-INFO-_run_epoch: Epoch   8 | Train Loss: 2.71, MSE: 0.00, CLASS: 0.00, CONTRAST: 2.71, IMPORTANCE: 0.00
17:09:11-Concord-INFO-_run_epoch: Epoch   8 | Train Loss: 2.71, MSE: 0.00, CLASS: 0.00, CONTRAST: 2.71, IMPORTANCE: 0.00
17:09:11-Concord-INFO-train: Starting epoch 10/15
17:09:11-Concord-INFO-train: Starting epoch 10/15
17:09:11-Concord-INFO-train: Starting epoch 10/15
17:09:11-Concord-INFO-train: Starting epoch 10/15
17:09:11-Concord-INFO-train: Starting epoch 10/15
17:09:11-Concord-INFO-train: Processing chunk 1/1 for epoch 10
17:09:11-Concord-INFO-train: Processing chunk 1/1 for epoch 10
17:09:11-Concord-INFO-train: Processing chunk 1/1 for epoch 10
17:09:11-Concord-INFO-train: Processing chunk 1/1 for epoch 10
17:09:11-Concord-INFO-train: Processing chunk 1/1 for epoch 10
17:09:11-Concord-INFO-train: Number of samples in train_dataloader: 2638
17:09:11-Concord-INFO-train: Number of samples in train_dataloader: 2638
17:09:11-Concord-INFO-train: Number of samples in train_dataloader: 2638
17:09:11-Concord-INFO-train: Number of samples in train_dataloader: 2638
17:09:11-Concord-INFO-train: Number of samples in train_dataloader: 2638
17:09:12-Concord-INFO-_run_epoch: Epoch   9 | Train Loss: 2.69, MSE: 0.00, CLASS: 0.00, CONTRAST: 2.69, IMPORTANCE: 0.00
17:09:12-Concord-INFO-_run_epoch: Epoch   9 | Train Loss: 2.69, MSE: 0.00, CLASS: 0.00, CONTRAST: 2.69, IMPORTANCE: 0.00
17:09:12-Concord-INFO-_run_epoch: Epoch   9 | Train Loss: 2.69, MSE: 0.00, CLASS: 0.00, CONTRAST: 2.69, IMPORTANCE: 0.00
17:09:12-Concord-INFO-_run_epoch: Epoch   9 | Train Loss: 2.69, MSE: 0.00, CLASS: 0.00, CONTRAST: 2.69, IMPORTANCE: 0.00
17:09:12-Concord-INFO-_run_epoch: Epoch   9 | Train Loss: 2.69, MSE: 0.00, CLASS: 0.00, CONTRAST: 2.69, IMPORTANCE: 0.00
17:09:12-Concord-INFO-train: Starting epoch 11/15
17:09:12-Concord-INFO-train: Starting epoch 11/15
17:09:12-Concord-INFO-train: Starting epoch 11/15
17:09:12-Concord-INFO-train: Starting epoch 11/15
17:09:12-Concord-INFO-train: Starting epoch 11/15
17:09:12-Concord-INFO-train: Processing chunk 1/1 for epoch 11
17:09:12-Concord-INFO-train: Processing chunk 1/1 for epoch 11
17:09:12-Concord-INFO-train: Processing chunk 1/1 for epoch 11
17:09:12-Concord-INFO-train: Processing chunk 1/1 for epoch 11
17:09:12-Concord-INFO-train: Processing chunk 1/1 for epoch 11
17:09:12-Concord-INFO-train: Number of samples in train_dataloader: 2638
17:09:12-Concord-INFO-train: Number of samples in train_dataloader: 2638
17:09:12-Concord-INFO-train: Number of samples in train_dataloader: 2638
17:09:12-Concord-INFO-train: Number of samples in train_dataloader: 2638
17:09:12-Concord-INFO-train: Number of samples in train_dataloader: 2638
17:09:12-Concord-INFO-_run_epoch: Epoch  10 | Train Loss: 2.65, MSE: 0.00, CLASS: 0.00, CONTRAST: 2.65, IMPORTANCE: 0.00
17:09:12-Concord-INFO-_run_epoch: Epoch  10 | Train Loss: 2.65, MSE: 0.00, CLASS: 0.00, CONTRAST: 2.65, IMPORTANCE: 0.00
17:09:12-Concord-INFO-_run_epoch: Epoch  10 | Train Loss: 2.65, MSE: 0.00, CLASS: 0.00, CONTRAST: 2.65, IMPORTANCE: 0.00
17:09:12-Concord-INFO-_run_epoch: Epoch  10 | Train Loss: 2.65, MSE: 0.00, CLASS: 0.00, CONTRAST: 2.65, IMPORTANCE: 0.00
17:09:12-Concord-INFO-_run_epoch: Epoch  10 | Train Loss: 2.65, MSE: 0.00, CLASS: 0.00, CONTRAST: 2.65, IMPORTANCE: 0.00
17:09:12-Concord-INFO-train: Starting epoch 12/15
17:09:12-Concord-INFO-train: Starting epoch 12/15
17:09:12-Concord-INFO-train: Starting epoch 12/15
17:09:12-Concord-INFO-train: Starting epoch 12/15
17:09:12-Concord-INFO-train: Starting epoch 12/15
17:09:12-Concord-INFO-train: Processing chunk 1/1 for epoch 12
17:09:12-Concord-INFO-train: Processing chunk 1/1 for epoch 12
17:09:12-Concord-INFO-train: Processing chunk 1/1 for epoch 12
17:09:12-Concord-INFO-train: Processing chunk 1/1 for epoch 12
17:09:12-Concord-INFO-train: Processing chunk 1/1 for epoch 12
17:09:12-Concord-INFO-train: Number of samples in train_dataloader: 2638
17:09:12-Concord-INFO-train: Number of samples in train_dataloader: 2638
17:09:12-Concord-INFO-train: Number of samples in train_dataloader: 2638
17:09:12-Concord-INFO-train: Number of samples in train_dataloader: 2638
17:09:12-Concord-INFO-train: Number of samples in train_dataloader: 2638
17:09:13-Concord-INFO-_run_epoch: Epoch  11 | Train Loss: 2.62, MSE: 0.00, CLASS: 0.00, CONTRAST: 2.62, IMPORTANCE: 0.00
17:09:13-Concord-INFO-_run_epoch: Epoch  11 | Train Loss: 2.62, MSE: 0.00, CLASS: 0.00, CONTRAST: 2.62, IMPORTANCE: 0.00
17:09:13-Concord-INFO-_run_epoch: Epoch  11 | Train Loss: 2.62, MSE: 0.00, CLASS: 0.00, CONTRAST: 2.62, IMPORTANCE: 0.00
17:09:13-Concord-INFO-_run_epoch: Epoch  11 | Train Loss: 2.62, MSE: 0.00, CLASS: 0.00, CONTRAST: 2.62, IMPORTANCE: 0.00
17:09:13-Concord-INFO-_run_epoch: Epoch  11 | Train Loss: 2.62, MSE: 0.00, CLASS: 0.00, CONTRAST: 2.62, IMPORTANCE: 0.00
17:09:13-Concord-INFO-train: Starting epoch 13/15
17:09:13-Concord-INFO-train: Starting epoch 13/15
17:09:13-Concord-INFO-train: Starting epoch 13/15
17:09:13-Concord-INFO-train: Starting epoch 13/15
17:09:13-Concord-INFO-train: Starting epoch 13/15
17:09:13-Concord-INFO-train: Processing chunk 1/1 for epoch 13
17:09:13-Concord-INFO-train: Processing chunk 1/1 for epoch 13
17:09:13-Concord-INFO-train: Processing chunk 1/1 for epoch 13
17:09:13-Concord-INFO-train: Processing chunk 1/1 for epoch 13
17:09:13-Concord-INFO-train: Processing chunk 1/1 for epoch 13
17:09:13-Concord-INFO-train: Number of samples in train_dataloader: 2638
17:09:13-Concord-INFO-train: Number of samples in train_dataloader: 2638
17:09:13-Concord-INFO-train: Number of samples in train_dataloader: 2638
17:09:13-Concord-INFO-train: Number of samples in train_dataloader: 2638
17:09:13-Concord-INFO-train: Number of samples in train_dataloader: 2638
17:09:13-Concord-INFO-_run_epoch: Epoch  12 | Train Loss: 2.61, MSE: 0.00, CLASS: 0.00, CONTRAST: 2.61, IMPORTANCE: 0.00
17:09:13-Concord-INFO-_run_epoch: Epoch  12 | Train Loss: 2.61, MSE: 0.00, CLASS: 0.00, CONTRAST: 2.61, IMPORTANCE: 0.00
17:09:13-Concord-INFO-_run_epoch: Epoch  12 | Train Loss: 2.61, MSE: 0.00, CLASS: 0.00, CONTRAST: 2.61, IMPORTANCE: 0.00
17:09:13-Concord-INFO-_run_epoch: Epoch  12 | Train Loss: 2.61, MSE: 0.00, CLASS: 0.00, CONTRAST: 2.61, IMPORTANCE: 0.00
17:09:13-Concord-INFO-_run_epoch: Epoch  12 | Train Loss: 2.61, MSE: 0.00, CLASS: 0.00, CONTRAST: 2.61, IMPORTANCE: 0.00
17:09:13-Concord-INFO-train: Starting epoch 14/15
17:09:13-Concord-INFO-train: Starting epoch 14/15
17:09:13-Concord-INFO-train: Starting epoch 14/15
17:09:13-Concord-INFO-train: Starting epoch 14/15
17:09:13-Concord-INFO-train: Starting epoch 14/15
17:09:13-Concord-INFO-train: Processing chunk 1/1 for epoch 14
17:09:13-Concord-INFO-train: Processing chunk 1/1 for epoch 14
17:09:13-Concord-INFO-train: Processing chunk 1/1 for epoch 14
17:09:13-Concord-INFO-train: Processing chunk 1/1 for epoch 14
17:09:13-Concord-INFO-train: Processing chunk 1/1 for epoch 14
17:09:13-Concord-INFO-train: Number of samples in train_dataloader: 2638
17:09:13-Concord-INFO-train: Number of samples in train_dataloader: 2638
17:09:13-Concord-INFO-train: Number of samples in train_dataloader: 2638
17:09:13-Concord-INFO-train: Number of samples in train_dataloader: 2638
17:09:13-Concord-INFO-train: Number of samples in train_dataloader: 2638
17:09:14-Concord-INFO-_run_epoch: Epoch  13 | Train Loss: 2.62, MSE: 0.00, CLASS: 0.00, CONTRAST: 2.62, IMPORTANCE: 0.00
17:09:14-Concord-INFO-_run_epoch: Epoch  13 | Train Loss: 2.62, MSE: 0.00, CLASS: 0.00, CONTRAST: 2.62, IMPORTANCE: 0.00
17:09:14-Concord-INFO-_run_epoch: Epoch  13 | Train Loss: 2.62, MSE: 0.00, CLASS: 0.00, CONTRAST: 2.62, IMPORTANCE: 0.00
17:09:14-Concord-INFO-_run_epoch: Epoch  13 | Train Loss: 2.62, MSE: 0.00, CLASS: 0.00, CONTRAST: 2.62, IMPORTANCE: 0.00
17:09:14-Concord-INFO-_run_epoch: Epoch  13 | Train Loss: 2.62, MSE: 0.00, CLASS: 0.00, CONTRAST: 2.62, IMPORTANCE: 0.00
17:09:14-Concord-INFO-train: Starting epoch 15/15
17:09:14-Concord-INFO-train: Starting epoch 15/15
17:09:14-Concord-INFO-train: Starting epoch 15/15
17:09:14-Concord-INFO-train: Starting epoch 15/15
17:09:14-Concord-INFO-train: Starting epoch 15/15
17:09:14-Concord-INFO-train: Processing chunk 1/1 for epoch 15
17:09:14-Concord-INFO-train: Processing chunk 1/1 for epoch 15
17:09:14-Concord-INFO-train: Processing chunk 1/1 for epoch 15
17:09:14-Concord-INFO-train: Processing chunk 1/1 for epoch 15
17:09:14-Concord-INFO-train: Processing chunk 1/1 for epoch 15
17:09:14-Concord-INFO-train: Number of samples in train_dataloader: 2638
17:09:14-Concord-INFO-train: Number of samples in train_dataloader: 2638
17:09:14-Concord-INFO-train: Number of samples in train_dataloader: 2638
17:09:14-Concord-INFO-train: Number of samples in train_dataloader: 2638
17:09:14-Concord-INFO-train: Number of samples in train_dataloader: 2638
17:09:15-Concord-INFO-_run_epoch: Epoch  14 | Train Loss: 2.60, MSE: 0.00, CLASS: 0.00, CONTRAST: 2.60, IMPORTANCE: 0.00
17:09:15-Concord-INFO-_run_epoch: Epoch  14 | Train Loss: 2.60, MSE: 0.00, CLASS: 0.00, CONTRAST: 2.60, IMPORTANCE: 0.00
17:09:15-Concord-INFO-_run_epoch: Epoch  14 | Train Loss: 2.60, MSE: 0.00, CLASS: 0.00, CONTRAST: 2.60, IMPORTANCE: 0.00
17:09:15-Concord-INFO-_run_epoch: Epoch  14 | Train Loss: 2.60, MSE: 0.00, CLASS: 0.00, CONTRAST: 2.60, IMPORTANCE: 0.00
17:09:15-Concord-INFO-_run_epoch: Epoch  14 | Train Loss: 2.60, MSE: 0.00, CLASS: 0.00, CONTRAST: 2.60, IMPORTANCE: 0.00
17:09:15-Concord-INFO-save_model: Model saved to save/final_model_Apr17-1709.pt
17:09:15-Concord-INFO-save_model: Model saved to save/final_model_Apr17-1709.pt
17:09:15-Concord-INFO-save_model: Model saved to save/final_model_Apr17-1709.pt
17:09:15-Concord-INFO-save_model: Model saved to save/final_model_Apr17-1709.pt
17:09:15-Concord-INFO-save_model: Model saved to save/final_model_Apr17-1709.pt
17:09:15-Concord-INFO-train: Final model saved at: save/final_model_Apr17-1709.pt; Configuration saved at: save/config_Apr17-1709.json.
17:09:15-Concord-INFO-train: Final model saved at: save/final_model_Apr17-1709.pt; Configuration saved at: save/config_Apr17-1709.json.
17:09:15-Concord-INFO-train: Final model saved at: save/final_model_Apr17-1709.pt; Configuration saved at: save/config_Apr17-1709.json.
17:09:15-Concord-INFO-train: Final model saved at: save/final_model_Apr17-1709.pt; Configuration saved at: save/config_Apr17-1709.json.
17:09:15-Concord-INFO-train: Final model saved at: save/final_model_Apr17-1709.pt; Configuration saved at: save/config_Apr17-1709.json.
17:09:15-Concord-INFO-predict: Predicting for chunk 1/1
17:09:15-Concord-INFO-predict: Predicting for chunk 1/1
17:09:15-Concord-INFO-predict: Predicting for chunk 1/1
17:09:15-Concord-INFO-predict: Predicting for chunk 1/1
17:09:15-Concord-INFO-predict: Predicting for chunk 1/1
17:09:37-Concord-WARNING-__init__: domain/batch information not found, all samples will be treated as from single domain/batch.
17:09:37-Concord-WARNING-__init__: domain/batch information not found, all samples will be treated as from single domain/batch.
17:09:37-Concord-WARNING-__init__: domain/batch information not found, all samples will be treated as from single domain/batch.
17:09:37-Concord-WARNING-__init__: domain/batch information not found, all samples will be treated as from single domain/batch.
17:09:37-Concord-WARNING-__init__: domain/batch information not found, all samples will be treated as from single domain/batch.
17:09:37-Concord-WARNING-__init__: domain/batch information not found, all samples will be treated as from single domain/batch.
17:09:37-Concord-INFO-__init__: Encoder input dim: 1000
17:09:37-Concord-INFO-__init__: Encoder input dim: 1000
17:09:37-Concord-INFO-__init__: Encoder input dim: 1000
17:09:37-Concord-INFO-__init__: Encoder input dim: 1000
17:09:37-Concord-INFO-__init__: Encoder input dim: 1000
17:09:37-Concord-INFO-__init__: Encoder input dim: 1000
17:09:37-Concord-INFO-init_model: Model loaded to device: cpu
17:09:37-Concord-INFO-init_model: Model loaded to device: cpu
17:09:37-Concord-INFO-init_model: Model loaded to device: cpu
17:09:37-Concord-INFO-init_model: Model loaded to device: cpu
17:09:37-Concord-INFO-init_model: Model loaded to device: cpu
17:09:37-Concord-INFO-init_model: Model loaded to device: cpu
17:09:37-Concord-INFO-init_model: Total number of parameters: 1303908
17:09:37-Concord-INFO-init_model: Total number of parameters: 1303908
17:09:37-Concord-INFO-init_model: Total number of parameters: 1303908
17:09:37-Concord-INFO-init_model: Total number of parameters: 1303908
17:09:37-Concord-INFO-init_model: Total number of parameters: 1303908
17:09:37-Concord-INFO-init_model: Total number of parameters: 1303908
17:09:37-Concord-INFO-train: Starting epoch 1/15
17:09:37-Concord-INFO-train: Starting epoch 1/15
17:09:37-Concord-INFO-train: Starting epoch 1/15
17:09:37-Concord-INFO-train: Starting epoch 1/15
17:09:37-Concord-INFO-train: Starting epoch 1/15
17:09:37-Concord-INFO-train: Starting epoch 1/15
17:09:37-Concord-INFO-train: Processing chunk 1/1 for epoch 1
17:09:37-Concord-INFO-train: Processing chunk 1/1 for epoch 1
17:09:37-Concord-INFO-train: Processing chunk 1/1 for epoch 1
17:09:37-Concord-INFO-train: Processing chunk 1/1 for epoch 1
17:09:37-Concord-INFO-train: Processing chunk 1/1 for epoch 1
17:09:37-Concord-INFO-train: Processing chunk 1/1 for epoch 1
17:09:37-Concord-INFO-train: Number of samples in train_dataloader: 2638
17:09:37-Concord-INFO-train: Number of samples in train_dataloader: 2638
17:09:37-Concord-INFO-train: Number of samples in train_dataloader: 2638
17:09:37-Concord-INFO-train: Number of samples in train_dataloader: 2638
17:09:37-Concord-INFO-train: Number of samples in train_dataloader: 2638
17:09:37-Concord-INFO-train: Number of samples in train_dataloader: 2638
17:09:37-Concord-INFO-_run_epoch: Epoch   0 | Train Loss: 3.66, MSE: 0.00, CLASS: 0.00, CONTRAST: 3.66, IMPORTANCE: 0.00
17:09:37-Concord-INFO-_run_epoch: Epoch   0 | Train Loss: 3.66, MSE: 0.00, CLASS: 0.00, CONTRAST: 3.66, IMPORTANCE: 0.00
17:09:37-Concord-INFO-_run_epoch: Epoch   0 | Train Loss: 3.66, MSE: 0.00, CLASS: 0.00, CONTRAST: 3.66, IMPORTANCE: 0.00
17:09:37-Concord-INFO-_run_epoch: Epoch   0 | Train Loss: 3.66, MSE: 0.00, CLASS: 0.00, CONTRAST: 3.66, IMPORTANCE: 0.00
17:09:37-Concord-INFO-_run_epoch: Epoch   0 | Train Loss: 3.66, MSE: 0.00, CLASS: 0.00, CONTRAST: 3.66, IMPORTANCE: 0.00
17:09:37-Concord-INFO-_run_epoch: Epoch   0 | Train Loss: 3.66, MSE: 0.00, CLASS: 0.00, CONTRAST: 3.66, IMPORTANCE: 0.00
17:09:37-Concord-INFO-train: Starting epoch 2/15
17:09:37-Concord-INFO-train: Starting epoch 2/15
17:09:37-Concord-INFO-train: Starting epoch 2/15
17:09:37-Concord-INFO-train: Starting epoch 2/15
17:09:37-Concord-INFO-train: Starting epoch 2/15
17:09:37-Concord-INFO-train: Starting epoch 2/15
17:09:37-Concord-INFO-train: Processing chunk 1/1 for epoch 2
17:09:37-Concord-INFO-train: Processing chunk 1/1 for epoch 2
17:09:37-Concord-INFO-train: Processing chunk 1/1 for epoch 2
17:09:37-Concord-INFO-train: Processing chunk 1/1 for epoch 2
17:09:37-Concord-INFO-train: Processing chunk 1/1 for epoch 2
17:09:37-Concord-INFO-train: Processing chunk 1/1 for epoch 2
17:09:37-Concord-INFO-train: Number of samples in train_dataloader: 2638
17:09:37-Concord-INFO-train: Number of samples in train_dataloader: 2638
17:09:37-Concord-INFO-train: Number of samples in train_dataloader: 2638
17:09:37-Concord-INFO-train: Number of samples in train_dataloader: 2638
17:09:37-Concord-INFO-train: Number of samples in train_dataloader: 2638
17:09:37-Concord-INFO-train: Number of samples in train_dataloader: 2638
17:09:38-Concord-INFO-_run_epoch: Epoch   1 | Train Loss: 3.24, MSE: 0.00, CLASS: 0.00, CONTRAST: 3.24, IMPORTANCE: 0.00
17:09:38-Concord-INFO-_run_epoch: Epoch   1 | Train Loss: 3.24, MSE: 0.00, CLASS: 0.00, CONTRAST: 3.24, IMPORTANCE: 0.00
17:09:38-Concord-INFO-_run_epoch: Epoch   1 | Train Loss: 3.24, MSE: 0.00, CLASS: 0.00, CONTRAST: 3.24, IMPORTANCE: 0.00
17:09:38-Concord-INFO-_run_epoch: Epoch   1 | Train Loss: 3.24, MSE: 0.00, CLASS: 0.00, CONTRAST: 3.24, IMPORTANCE: 0.00
17:09:38-Concord-INFO-_run_epoch: Epoch   1 | Train Loss: 3.24, MSE: 0.00, CLASS: 0.00, CONTRAST: 3.24, IMPORTANCE: 0.00
17:09:38-Concord-INFO-_run_epoch: Epoch   1 | Train Loss: 3.24, MSE: 0.00, CLASS: 0.00, CONTRAST: 3.24, IMPORTANCE: 0.00
17:09:38-Concord-INFO-train: Starting epoch 3/15
17:09:38-Concord-INFO-train: Starting epoch 3/15
17:09:38-Concord-INFO-train: Starting epoch 3/15
17:09:38-Concord-INFO-train: Starting epoch 3/15
17:09:38-Concord-INFO-train: Starting epoch 3/15
17:09:38-Concord-INFO-train: Starting epoch 3/15
17:09:38-Concord-INFO-train: Processing chunk 1/1 for epoch 3
17:09:38-Concord-INFO-train: Processing chunk 1/1 for epoch 3
17:09:38-Concord-INFO-train: Processing chunk 1/1 for epoch 3
17:09:38-Concord-INFO-train: Processing chunk 1/1 for epoch 3
17:09:38-Concord-INFO-train: Processing chunk 1/1 for epoch 3
17:09:38-Concord-INFO-train: Processing chunk 1/1 for epoch 3
17:09:38-Concord-INFO-train: Number of samples in train_dataloader: 2638
17:09:38-Concord-INFO-train: Number of samples in train_dataloader: 2638
17:09:38-Concord-INFO-train: Number of samples in train_dataloader: 2638
17:09:38-Concord-INFO-train: Number of samples in train_dataloader: 2638
17:09:38-Concord-INFO-train: Number of samples in train_dataloader: 2638
17:09:38-Concord-INFO-train: Number of samples in train_dataloader: 2638
17:09:38-Concord-INFO-_run_epoch: Epoch   2 | Train Loss: 3.03, MSE: 0.00, CLASS: 0.00, CONTRAST: 3.03, IMPORTANCE: 0.00
17:09:38-Concord-INFO-_run_epoch: Epoch   2 | Train Loss: 3.03, MSE: 0.00, CLASS: 0.00, CONTRAST: 3.03, IMPORTANCE: 0.00
17:09:38-Concord-INFO-_run_epoch: Epoch   2 | Train Loss: 3.03, MSE: 0.00, CLASS: 0.00, CONTRAST: 3.03, IMPORTANCE: 0.00
17:09:38-Concord-INFO-_run_epoch: Epoch   2 | Train Loss: 3.03, MSE: 0.00, CLASS: 0.00, CONTRAST: 3.03, IMPORTANCE: 0.00
17:09:38-Concord-INFO-_run_epoch: Epoch   2 | Train Loss: 3.03, MSE: 0.00, CLASS: 0.00, CONTRAST: 3.03, IMPORTANCE: 0.00
17:09:38-Concord-INFO-_run_epoch: Epoch   2 | Train Loss: 3.03, MSE: 0.00, CLASS: 0.00, CONTRAST: 3.03, IMPORTANCE: 0.00
17:09:38-Concord-INFO-train: Starting epoch 4/15
17:09:38-Concord-INFO-train: Starting epoch 4/15
17:09:38-Concord-INFO-train: Starting epoch 4/15
17:09:38-Concord-INFO-train: Starting epoch 4/15
17:09:38-Concord-INFO-train: Starting epoch 4/15
17:09:38-Concord-INFO-train: Starting epoch 4/15
17:09:38-Concord-INFO-train: Processing chunk 1/1 for epoch 4
17:09:38-Concord-INFO-train: Processing chunk 1/1 for epoch 4
17:09:38-Concord-INFO-train: Processing chunk 1/1 for epoch 4
17:09:38-Concord-INFO-train: Processing chunk 1/1 for epoch 4
17:09:38-Concord-INFO-train: Processing chunk 1/1 for epoch 4
17:09:38-Concord-INFO-train: Processing chunk 1/1 for epoch 4
17:09:38-Concord-INFO-train: Number of samples in train_dataloader: 2638
17:09:38-Concord-INFO-train: Number of samples in train_dataloader: 2638
17:09:38-Concord-INFO-train: Number of samples in train_dataloader: 2638
17:09:38-Concord-INFO-train: Number of samples in train_dataloader: 2638
17:09:38-Concord-INFO-train: Number of samples in train_dataloader: 2638
17:09:38-Concord-INFO-train: Number of samples in train_dataloader: 2638
17:09:39-Concord-INFO-_run_epoch: Epoch   3 | Train Loss: 2.95, MSE: 0.00, CLASS: 0.00, CONTRAST: 2.95, IMPORTANCE: 0.00
17:09:39-Concord-INFO-_run_epoch: Epoch   3 | Train Loss: 2.95, MSE: 0.00, CLASS: 0.00, CONTRAST: 2.95, IMPORTANCE: 0.00
17:09:39-Concord-INFO-_run_epoch: Epoch   3 | Train Loss: 2.95, MSE: 0.00, CLASS: 0.00, CONTRAST: 2.95, IMPORTANCE: 0.00
17:09:39-Concord-INFO-_run_epoch: Epoch   3 | Train Loss: 2.95, MSE: 0.00, CLASS: 0.00, CONTRAST: 2.95, IMPORTANCE: 0.00
17:09:39-Concord-INFO-_run_epoch: Epoch   3 | Train Loss: 2.95, MSE: 0.00, CLASS: 0.00, CONTRAST: 2.95, IMPORTANCE: 0.00
17:09:39-Concord-INFO-_run_epoch: Epoch   3 | Train Loss: 2.95, MSE: 0.00, CLASS: 0.00, CONTRAST: 2.95, IMPORTANCE: 0.00
17:09:39-Concord-INFO-train: Starting epoch 5/15
17:09:39-Concord-INFO-train: Starting epoch 5/15
17:09:39-Concord-INFO-train: Starting epoch 5/15
17:09:39-Concord-INFO-train: Starting epoch 5/15
17:09:39-Concord-INFO-train: Starting epoch 5/15
17:09:39-Concord-INFO-train: Starting epoch 5/15
17:09:39-Concord-INFO-train: Processing chunk 1/1 for epoch 5
17:09:39-Concord-INFO-train: Processing chunk 1/1 for epoch 5
17:09:39-Concord-INFO-train: Processing chunk 1/1 for epoch 5
17:09:39-Concord-INFO-train: Processing chunk 1/1 for epoch 5
17:09:39-Concord-INFO-train: Processing chunk 1/1 for epoch 5
17:09:39-Concord-INFO-train: Processing chunk 1/1 for epoch 5
17:09:39-Concord-INFO-train: Number of samples in train_dataloader: 2638
17:09:39-Concord-INFO-train: Number of samples in train_dataloader: 2638
17:09:39-Concord-INFO-train: Number of samples in train_dataloader: 2638
17:09:39-Concord-INFO-train: Number of samples in train_dataloader: 2638
17:09:39-Concord-INFO-train: Number of samples in train_dataloader: 2638
17:09:39-Concord-INFO-train: Number of samples in train_dataloader: 2638
17:09:39-Concord-INFO-_run_epoch: Epoch   4 | Train Loss: 2.91, MSE: 0.00, CLASS: 0.00, CONTRAST: 2.91, IMPORTANCE: 0.00
17:09:39-Concord-INFO-_run_epoch: Epoch   4 | Train Loss: 2.91, MSE: 0.00, CLASS: 0.00, CONTRAST: 2.91, IMPORTANCE: 0.00
17:09:39-Concord-INFO-_run_epoch: Epoch   4 | Train Loss: 2.91, MSE: 0.00, CLASS: 0.00, CONTRAST: 2.91, IMPORTANCE: 0.00
17:09:39-Concord-INFO-_run_epoch: Epoch   4 | Train Loss: 2.91, MSE: 0.00, CLASS: 0.00, CONTRAST: 2.91, IMPORTANCE: 0.00
17:09:39-Concord-INFO-_run_epoch: Epoch   4 | Train Loss: 2.91, MSE: 0.00, CLASS: 0.00, CONTRAST: 2.91, IMPORTANCE: 0.00
17:09:39-Concord-INFO-_run_epoch: Epoch   4 | Train Loss: 2.91, MSE: 0.00, CLASS: 0.00, CONTRAST: 2.91, IMPORTANCE: 0.00
17:09:39-Concord-INFO-train: Starting epoch 6/15
17:09:39-Concord-INFO-train: Starting epoch 6/15
17:09:39-Concord-INFO-train: Starting epoch 6/15
17:09:39-Concord-INFO-train: Starting epoch 6/15
17:09:39-Concord-INFO-train: Starting epoch 6/15
17:09:39-Concord-INFO-train: Starting epoch 6/15
17:09:39-Concord-INFO-train: Processing chunk 1/1 for epoch 6
17:09:39-Concord-INFO-train: Processing chunk 1/1 for epoch 6
17:09:39-Concord-INFO-train: Processing chunk 1/1 for epoch 6
17:09:39-Concord-INFO-train: Processing chunk 1/1 for epoch 6
17:09:39-Concord-INFO-train: Processing chunk 1/1 for epoch 6
17:09:39-Concord-INFO-train: Processing chunk 1/1 for epoch 6
17:09:39-Concord-INFO-train: Number of samples in train_dataloader: 2638
17:09:39-Concord-INFO-train: Number of samples in train_dataloader: 2638
17:09:39-Concord-INFO-train: Number of samples in train_dataloader: 2638
17:09:39-Concord-INFO-train: Number of samples in train_dataloader: 2638
17:09:39-Concord-INFO-train: Number of samples in train_dataloader: 2638
17:09:39-Concord-INFO-train: Number of samples in train_dataloader: 2638
17:09:40-Concord-INFO-_run_epoch: Epoch   5 | Train Loss: 2.83, MSE: 0.00, CLASS: 0.00, CONTRAST: 2.83, IMPORTANCE: 0.00
17:09:40-Concord-INFO-_run_epoch: Epoch   5 | Train Loss: 2.83, MSE: 0.00, CLASS: 0.00, CONTRAST: 2.83, IMPORTANCE: 0.00
17:09:40-Concord-INFO-_run_epoch: Epoch   5 | Train Loss: 2.83, MSE: 0.00, CLASS: 0.00, CONTRAST: 2.83, IMPORTANCE: 0.00
17:09:40-Concord-INFO-_run_epoch: Epoch   5 | Train Loss: 2.83, MSE: 0.00, CLASS: 0.00, CONTRAST: 2.83, IMPORTANCE: 0.00
17:09:40-Concord-INFO-_run_epoch: Epoch   5 | Train Loss: 2.83, MSE: 0.00, CLASS: 0.00, CONTRAST: 2.83, IMPORTANCE: 0.00
17:09:40-Concord-INFO-_run_epoch: Epoch   5 | Train Loss: 2.83, MSE: 0.00, CLASS: 0.00, CONTRAST: 2.83, IMPORTANCE: 0.00
17:09:40-Concord-INFO-train: Starting epoch 7/15
17:09:40-Concord-INFO-train: Starting epoch 7/15
17:09:40-Concord-INFO-train: Starting epoch 7/15
17:09:40-Concord-INFO-train: Starting epoch 7/15
17:09:40-Concord-INFO-train: Starting epoch 7/15
17:09:40-Concord-INFO-train: Starting epoch 7/15
17:09:40-Concord-INFO-train: Processing chunk 1/1 for epoch 7
17:09:40-Concord-INFO-train: Processing chunk 1/1 for epoch 7
17:09:40-Concord-INFO-train: Processing chunk 1/1 for epoch 7
17:09:40-Concord-INFO-train: Processing chunk 1/1 for epoch 7
17:09:40-Concord-INFO-train: Processing chunk 1/1 for epoch 7
17:09:40-Concord-INFO-train: Processing chunk 1/1 for epoch 7
17:09:40-Concord-INFO-train: Number of samples in train_dataloader: 2638
17:09:40-Concord-INFO-train: Number of samples in train_dataloader: 2638
17:09:40-Concord-INFO-train: Number of samples in train_dataloader: 2638
17:09:40-Concord-INFO-train: Number of samples in train_dataloader: 2638
17:09:40-Concord-INFO-train: Number of samples in train_dataloader: 2638
17:09:40-Concord-INFO-train: Number of samples in train_dataloader: 2638
17:09:41-Concord-INFO-_run_epoch: Epoch   6 | Train Loss: 2.77, MSE: 0.00, CLASS: 0.00, CONTRAST: 2.77, IMPORTANCE: 0.00
17:09:41-Concord-INFO-_run_epoch: Epoch   6 | Train Loss: 2.77, MSE: 0.00, CLASS: 0.00, CONTRAST: 2.77, IMPORTANCE: 0.00
17:09:41-Concord-INFO-_run_epoch: Epoch   6 | Train Loss: 2.77, MSE: 0.00, CLASS: 0.00, CONTRAST: 2.77, IMPORTANCE: 0.00
17:09:41-Concord-INFO-_run_epoch: Epoch   6 | Train Loss: 2.77, MSE: 0.00, CLASS: 0.00, CONTRAST: 2.77, IMPORTANCE: 0.00
17:09:41-Concord-INFO-_run_epoch: Epoch   6 | Train Loss: 2.77, MSE: 0.00, CLASS: 0.00, CONTRAST: 2.77, IMPORTANCE: 0.00
17:09:41-Concord-INFO-_run_epoch: Epoch   6 | Train Loss: 2.77, MSE: 0.00, CLASS: 0.00, CONTRAST: 2.77, IMPORTANCE: 0.00
17:09:41-Concord-INFO-train: Starting epoch 8/15
17:09:41-Concord-INFO-train: Starting epoch 8/15
17:09:41-Concord-INFO-train: Starting epoch 8/15
17:09:41-Concord-INFO-train: Starting epoch 8/15
17:09:41-Concord-INFO-train: Starting epoch 8/15
17:09:41-Concord-INFO-train: Starting epoch 8/15
17:09:41-Concord-INFO-train: Processing chunk 1/1 for epoch 8
17:09:41-Concord-INFO-train: Processing chunk 1/1 for epoch 8
17:09:41-Concord-INFO-train: Processing chunk 1/1 for epoch 8
17:09:41-Concord-INFO-train: Processing chunk 1/1 for epoch 8
17:09:41-Concord-INFO-train: Processing chunk 1/1 for epoch 8
17:09:41-Concord-INFO-train: Processing chunk 1/1 for epoch 8
17:09:41-Concord-INFO-train: Number of samples in train_dataloader: 2638
17:09:41-Concord-INFO-train: Number of samples in train_dataloader: 2638
17:09:41-Concord-INFO-train: Number of samples in train_dataloader: 2638
17:09:41-Concord-INFO-train: Number of samples in train_dataloader: 2638
17:09:41-Concord-INFO-train: Number of samples in train_dataloader: 2638
17:09:41-Concord-INFO-train: Number of samples in train_dataloader: 2638
17:09:41-Concord-INFO-_run_epoch: Epoch   7 | Train Loss: 2.75, MSE: 0.00, CLASS: 0.00, CONTRAST: 2.75, IMPORTANCE: 0.00
17:09:41-Concord-INFO-_run_epoch: Epoch   7 | Train Loss: 2.75, MSE: 0.00, CLASS: 0.00, CONTRAST: 2.75, IMPORTANCE: 0.00
17:09:41-Concord-INFO-_run_epoch: Epoch   7 | Train Loss: 2.75, MSE: 0.00, CLASS: 0.00, CONTRAST: 2.75, IMPORTANCE: 0.00
17:09:41-Concord-INFO-_run_epoch: Epoch   7 | Train Loss: 2.75, MSE: 0.00, CLASS: 0.00, CONTRAST: 2.75, IMPORTANCE: 0.00
17:09:41-Concord-INFO-_run_epoch: Epoch   7 | Train Loss: 2.75, MSE: 0.00, CLASS: 0.00, CONTRAST: 2.75, IMPORTANCE: 0.00
17:09:41-Concord-INFO-_run_epoch: Epoch   7 | Train Loss: 2.75, MSE: 0.00, CLASS: 0.00, CONTRAST: 2.75, IMPORTANCE: 0.00
17:09:41-Concord-INFO-train: Starting epoch 9/15
17:09:41-Concord-INFO-train: Starting epoch 9/15
17:09:41-Concord-INFO-train: Starting epoch 9/15
17:09:41-Concord-INFO-train: Starting epoch 9/15
17:09:41-Concord-INFO-train: Starting epoch 9/15
17:09:41-Concord-INFO-train: Starting epoch 9/15
17:09:41-Concord-INFO-train: Processing chunk 1/1 for epoch 9
17:09:41-Concord-INFO-train: Processing chunk 1/1 for epoch 9
17:09:41-Concord-INFO-train: Processing chunk 1/1 for epoch 9
17:09:41-Concord-INFO-train: Processing chunk 1/1 for epoch 9
17:09:41-Concord-INFO-train: Processing chunk 1/1 for epoch 9
17:09:41-Concord-INFO-train: Processing chunk 1/1 for epoch 9
17:09:41-Concord-INFO-train: Number of samples in train_dataloader: 2638
17:09:41-Concord-INFO-train: Number of samples in train_dataloader: 2638
17:09:41-Concord-INFO-train: Number of samples in train_dataloader: 2638
17:09:41-Concord-INFO-train: Number of samples in train_dataloader: 2638
17:09:41-Concord-INFO-train: Number of samples in train_dataloader: 2638
17:09:41-Concord-INFO-train: Number of samples in train_dataloader: 2638
17:09:42-Concord-INFO-_run_epoch: Epoch   8 | Train Loss: 2.71, MSE: 0.00, CLASS: 0.00, CONTRAST: 2.71, IMPORTANCE: 0.00
17:09:42-Concord-INFO-_run_epoch: Epoch   8 | Train Loss: 2.71, MSE: 0.00, CLASS: 0.00, CONTRAST: 2.71, IMPORTANCE: 0.00
17:09:42-Concord-INFO-_run_epoch: Epoch   8 | Train Loss: 2.71, MSE: 0.00, CLASS: 0.00, CONTRAST: 2.71, IMPORTANCE: 0.00
17:09:42-Concord-INFO-_run_epoch: Epoch   8 | Train Loss: 2.71, MSE: 0.00, CLASS: 0.00, CONTRAST: 2.71, IMPORTANCE: 0.00
17:09:42-Concord-INFO-_run_epoch: Epoch   8 | Train Loss: 2.71, MSE: 0.00, CLASS: 0.00, CONTRAST: 2.71, IMPORTANCE: 0.00
17:09:42-Concord-INFO-_run_epoch: Epoch   8 | Train Loss: 2.71, MSE: 0.00, CLASS: 0.00, CONTRAST: 2.71, IMPORTANCE: 0.00
17:09:42-Concord-INFO-train: Starting epoch 10/15
17:09:42-Concord-INFO-train: Starting epoch 10/15
17:09:42-Concord-INFO-train: Starting epoch 10/15
17:09:42-Concord-INFO-train: Starting epoch 10/15
17:09:42-Concord-INFO-train: Starting epoch 10/15
17:09:42-Concord-INFO-train: Starting epoch 10/15
17:09:42-Concord-INFO-train: Processing chunk 1/1 for epoch 10
17:09:42-Concord-INFO-train: Processing chunk 1/1 for epoch 10
17:09:42-Concord-INFO-train: Processing chunk 1/1 for epoch 10
17:09:42-Concord-INFO-train: Processing chunk 1/1 for epoch 10
17:09:42-Concord-INFO-train: Processing chunk 1/1 for epoch 10
17:09:42-Concord-INFO-train: Processing chunk 1/1 for epoch 10
17:09:42-Concord-INFO-train: Number of samples in train_dataloader: 2638
17:09:42-Concord-INFO-train: Number of samples in train_dataloader: 2638
17:09:42-Concord-INFO-train: Number of samples in train_dataloader: 2638
17:09:42-Concord-INFO-train: Number of samples in train_dataloader: 2638
17:09:42-Concord-INFO-train: Number of samples in train_dataloader: 2638
17:09:42-Concord-INFO-train: Number of samples in train_dataloader: 2638
17:09:42-Concord-INFO-_run_epoch: Epoch   9 | Train Loss: 2.69, MSE: 0.00, CLASS: 0.00, CONTRAST: 2.69, IMPORTANCE: 0.00
17:09:42-Concord-INFO-_run_epoch: Epoch   9 | Train Loss: 2.69, MSE: 0.00, CLASS: 0.00, CONTRAST: 2.69, IMPORTANCE: 0.00
17:09:42-Concord-INFO-_run_epoch: Epoch   9 | Train Loss: 2.69, MSE: 0.00, CLASS: 0.00, CONTRAST: 2.69, IMPORTANCE: 0.00
17:09:42-Concord-INFO-_run_epoch: Epoch   9 | Train Loss: 2.69, MSE: 0.00, CLASS: 0.00, CONTRAST: 2.69, IMPORTANCE: 0.00
17:09:42-Concord-INFO-_run_epoch: Epoch   9 | Train Loss: 2.69, MSE: 0.00, CLASS: 0.00, CONTRAST: 2.69, IMPORTANCE: 0.00
17:09:42-Concord-INFO-_run_epoch: Epoch   9 | Train Loss: 2.69, MSE: 0.00, CLASS: 0.00, CONTRAST: 2.69, IMPORTANCE: 0.00
17:09:42-Concord-INFO-train: Starting epoch 11/15
17:09:42-Concord-INFO-train: Starting epoch 11/15
17:09:42-Concord-INFO-train: Starting epoch 11/15
17:09:42-Concord-INFO-train: Starting epoch 11/15
17:09:42-Concord-INFO-train: Starting epoch 11/15
17:09:42-Concord-INFO-train: Starting epoch 11/15
17:09:42-Concord-INFO-train: Processing chunk 1/1 for epoch 11
17:09:42-Concord-INFO-train: Processing chunk 1/1 for epoch 11
17:09:42-Concord-INFO-train: Processing chunk 1/1 for epoch 11
17:09:42-Concord-INFO-train: Processing chunk 1/1 for epoch 11
17:09:42-Concord-INFO-train: Processing chunk 1/1 for epoch 11
17:09:42-Concord-INFO-train: Processing chunk 1/1 for epoch 11
17:09:42-Concord-INFO-train: Number of samples in train_dataloader: 2638
17:09:42-Concord-INFO-train: Number of samples in train_dataloader: 2638
17:09:42-Concord-INFO-train: Number of samples in train_dataloader: 2638
17:09:42-Concord-INFO-train: Number of samples in train_dataloader: 2638
17:09:42-Concord-INFO-train: Number of samples in train_dataloader: 2638
17:09:42-Concord-INFO-train: Number of samples in train_dataloader: 2638
17:09:43-Concord-INFO-_run_epoch: Epoch  10 | Train Loss: 2.65, MSE: 0.00, CLASS: 0.00, CONTRAST: 2.65, IMPORTANCE: 0.00
17:09:43-Concord-INFO-_run_epoch: Epoch  10 | Train Loss: 2.65, MSE: 0.00, CLASS: 0.00, CONTRAST: 2.65, IMPORTANCE: 0.00
17:09:43-Concord-INFO-_run_epoch: Epoch  10 | Train Loss: 2.65, MSE: 0.00, CLASS: 0.00, CONTRAST: 2.65, IMPORTANCE: 0.00
17:09:43-Concord-INFO-_run_epoch: Epoch  10 | Train Loss: 2.65, MSE: 0.00, CLASS: 0.00, CONTRAST: 2.65, IMPORTANCE: 0.00
17:09:43-Concord-INFO-_run_epoch: Epoch  10 | Train Loss: 2.65, MSE: 0.00, CLASS: 0.00, CONTRAST: 2.65, IMPORTANCE: 0.00
17:09:43-Concord-INFO-_run_epoch: Epoch  10 | Train Loss: 2.65, MSE: 0.00, CLASS: 0.00, CONTRAST: 2.65, IMPORTANCE: 0.00
17:09:43-Concord-INFO-train: Starting epoch 12/15
17:09:43-Concord-INFO-train: Starting epoch 12/15
17:09:43-Concord-INFO-train: Starting epoch 12/15
17:09:43-Concord-INFO-train: Starting epoch 12/15
17:09:43-Concord-INFO-train: Starting epoch 12/15
17:09:43-Concord-INFO-train: Starting epoch 12/15
17:09:43-Concord-INFO-train: Processing chunk 1/1 for epoch 12
17:09:43-Concord-INFO-train: Processing chunk 1/1 for epoch 12
17:09:43-Concord-INFO-train: Processing chunk 1/1 for epoch 12
17:09:43-Concord-INFO-train: Processing chunk 1/1 for epoch 12
17:09:43-Concord-INFO-train: Processing chunk 1/1 for epoch 12
17:09:43-Concord-INFO-train: Processing chunk 1/1 for epoch 12
17:09:43-Concord-INFO-train: Number of samples in train_dataloader: 2638
17:09:43-Concord-INFO-train: Number of samples in train_dataloader: 2638
17:09:43-Concord-INFO-train: Number of samples in train_dataloader: 2638
17:09:43-Concord-INFO-train: Number of samples in train_dataloader: 2638
17:09:43-Concord-INFO-train: Number of samples in train_dataloader: 2638
17:09:43-Concord-INFO-train: Number of samples in train_dataloader: 2638
17:09:43-Concord-INFO-_run_epoch: Epoch  11 | Train Loss: 2.62, MSE: 0.00, CLASS: 0.00, CONTRAST: 2.62, IMPORTANCE: 0.00
17:09:43-Concord-INFO-_run_epoch: Epoch  11 | Train Loss: 2.62, MSE: 0.00, CLASS: 0.00, CONTRAST: 2.62, IMPORTANCE: 0.00
17:09:43-Concord-INFO-_run_epoch: Epoch  11 | Train Loss: 2.62, MSE: 0.00, CLASS: 0.00, CONTRAST: 2.62, IMPORTANCE: 0.00
17:09:43-Concord-INFO-_run_epoch: Epoch  11 | Train Loss: 2.62, MSE: 0.00, CLASS: 0.00, CONTRAST: 2.62, IMPORTANCE: 0.00
17:09:43-Concord-INFO-_run_epoch: Epoch  11 | Train Loss: 2.62, MSE: 0.00, CLASS: 0.00, CONTRAST: 2.62, IMPORTANCE: 0.00
17:09:43-Concord-INFO-_run_epoch: Epoch  11 | Train Loss: 2.62, MSE: 0.00, CLASS: 0.00, CONTRAST: 2.62, IMPORTANCE: 0.00
17:09:43-Concord-INFO-train: Starting epoch 13/15
17:09:43-Concord-INFO-train: Starting epoch 13/15
17:09:43-Concord-INFO-train: Starting epoch 13/15
17:09:43-Concord-INFO-train: Starting epoch 13/15
17:09:43-Concord-INFO-train: Starting epoch 13/15
17:09:43-Concord-INFO-train: Starting epoch 13/15
17:09:43-Concord-INFO-train: Processing chunk 1/1 for epoch 13
17:09:43-Concord-INFO-train: Processing chunk 1/1 for epoch 13
17:09:43-Concord-INFO-train: Processing chunk 1/1 for epoch 13
17:09:43-Concord-INFO-train: Processing chunk 1/1 for epoch 13
17:09:43-Concord-INFO-train: Processing chunk 1/1 for epoch 13
17:09:43-Concord-INFO-train: Processing chunk 1/1 for epoch 13
17:09:43-Concord-INFO-train: Number of samples in train_dataloader: 2638
17:09:43-Concord-INFO-train: Number of samples in train_dataloader: 2638
17:09:43-Concord-INFO-train: Number of samples in train_dataloader: 2638
17:09:43-Concord-INFO-train: Number of samples in train_dataloader: 2638
17:09:43-Concord-INFO-train: Number of samples in train_dataloader: 2638
17:09:43-Concord-INFO-train: Number of samples in train_dataloader: 2638
17:09:44-Concord-INFO-_run_epoch: Epoch  12 | Train Loss: 2.61, MSE: 0.00, CLASS: 0.00, CONTRAST: 2.61, IMPORTANCE: 0.00
17:09:44-Concord-INFO-_run_epoch: Epoch  12 | Train Loss: 2.61, MSE: 0.00, CLASS: 0.00, CONTRAST: 2.61, IMPORTANCE: 0.00
17:09:44-Concord-INFO-_run_epoch: Epoch  12 | Train Loss: 2.61, MSE: 0.00, CLASS: 0.00, CONTRAST: 2.61, IMPORTANCE: 0.00
17:09:44-Concord-INFO-_run_epoch: Epoch  12 | Train Loss: 2.61, MSE: 0.00, CLASS: 0.00, CONTRAST: 2.61, IMPORTANCE: 0.00
17:09:44-Concord-INFO-_run_epoch: Epoch  12 | Train Loss: 2.61, MSE: 0.00, CLASS: 0.00, CONTRAST: 2.61, IMPORTANCE: 0.00
17:09:44-Concord-INFO-_run_epoch: Epoch  12 | Train Loss: 2.61, MSE: 0.00, CLASS: 0.00, CONTRAST: 2.61, IMPORTANCE: 0.00
17:09:44-Concord-INFO-train: Starting epoch 14/15
17:09:44-Concord-INFO-train: Starting epoch 14/15
17:09:44-Concord-INFO-train: Starting epoch 14/15
17:09:44-Concord-INFO-train: Starting epoch 14/15
17:09:44-Concord-INFO-train: Starting epoch 14/15
17:09:44-Concord-INFO-train: Starting epoch 14/15
17:09:44-Concord-INFO-train: Processing chunk 1/1 for epoch 14
17:09:44-Concord-INFO-train: Processing chunk 1/1 for epoch 14
17:09:44-Concord-INFO-train: Processing chunk 1/1 for epoch 14
17:09:44-Concord-INFO-train: Processing chunk 1/1 for epoch 14
17:09:44-Concord-INFO-train: Processing chunk 1/1 for epoch 14
17:09:44-Concord-INFO-train: Processing chunk 1/1 for epoch 14
17:09:44-Concord-INFO-train: Number of samples in train_dataloader: 2638
17:09:44-Concord-INFO-train: Number of samples in train_dataloader: 2638
17:09:44-Concord-INFO-train: Number of samples in train_dataloader: 2638
17:09:44-Concord-INFO-train: Number of samples in train_dataloader: 2638
17:09:44-Concord-INFO-train: Number of samples in train_dataloader: 2638
17:09:44-Concord-INFO-train: Number of samples in train_dataloader: 2638
17:09:45-Concord-INFO-_run_epoch: Epoch  13 | Train Loss: 2.62, MSE: 0.00, CLASS: 0.00, CONTRAST: 2.62, IMPORTANCE: 0.00
17:09:45-Concord-INFO-_run_epoch: Epoch  13 | Train Loss: 2.62, MSE: 0.00, CLASS: 0.00, CONTRAST: 2.62, IMPORTANCE: 0.00
17:09:45-Concord-INFO-_run_epoch: Epoch  13 | Train Loss: 2.62, MSE: 0.00, CLASS: 0.00, CONTRAST: 2.62, IMPORTANCE: 0.00
17:09:45-Concord-INFO-_run_epoch: Epoch  13 | Train Loss: 2.62, MSE: 0.00, CLASS: 0.00, CONTRAST: 2.62, IMPORTANCE: 0.00
17:09:45-Concord-INFO-_run_epoch: Epoch  13 | Train Loss: 2.62, MSE: 0.00, CLASS: 0.00, CONTRAST: 2.62, IMPORTANCE: 0.00
17:09:45-Concord-INFO-_run_epoch: Epoch  13 | Train Loss: 2.62, MSE: 0.00, CLASS: 0.00, CONTRAST: 2.62, IMPORTANCE: 0.00
17:09:45-Concord-INFO-train: Starting epoch 15/15
17:09:45-Concord-INFO-train: Starting epoch 15/15
17:09:45-Concord-INFO-train: Starting epoch 15/15
17:09:45-Concord-INFO-train: Starting epoch 15/15
17:09:45-Concord-INFO-train: Starting epoch 15/15
17:09:45-Concord-INFO-train: Starting epoch 15/15
17:09:45-Concord-INFO-train: Processing chunk 1/1 for epoch 15
17:09:45-Concord-INFO-train: Processing chunk 1/1 for epoch 15
17:09:45-Concord-INFO-train: Processing chunk 1/1 for epoch 15
17:09:45-Concord-INFO-train: Processing chunk 1/1 for epoch 15
17:09:45-Concord-INFO-train: Processing chunk 1/1 for epoch 15
17:09:45-Concord-INFO-train: Processing chunk 1/1 for epoch 15
17:09:45-Concord-INFO-train: Number of samples in train_dataloader: 2638
17:09:45-Concord-INFO-train: Number of samples in train_dataloader: 2638
17:09:45-Concord-INFO-train: Number of samples in train_dataloader: 2638
17:09:45-Concord-INFO-train: Number of samples in train_dataloader: 2638
17:09:45-Concord-INFO-train: Number of samples in train_dataloader: 2638
17:09:45-Concord-INFO-train: Number of samples in train_dataloader: 2638
17:09:45-Concord-INFO-_run_epoch: Epoch  14 | Train Loss: 2.60, MSE: 0.00, CLASS: 0.00, CONTRAST: 2.60, IMPORTANCE: 0.00
17:09:45-Concord-INFO-_run_epoch: Epoch  14 | Train Loss: 2.60, MSE: 0.00, CLASS: 0.00, CONTRAST: 2.60, IMPORTANCE: 0.00
17:09:45-Concord-INFO-_run_epoch: Epoch  14 | Train Loss: 2.60, MSE: 0.00, CLASS: 0.00, CONTRAST: 2.60, IMPORTANCE: 0.00
17:09:45-Concord-INFO-_run_epoch: Epoch  14 | Train Loss: 2.60, MSE: 0.00, CLASS: 0.00, CONTRAST: 2.60, IMPORTANCE: 0.00
17:09:45-Concord-INFO-_run_epoch: Epoch  14 | Train Loss: 2.60, MSE: 0.00, CLASS: 0.00, CONTRAST: 2.60, IMPORTANCE: 0.00
17:09:45-Concord-INFO-_run_epoch: Epoch  14 | Train Loss: 2.60, MSE: 0.00, CLASS: 0.00, CONTRAST: 2.60, IMPORTANCE: 0.00
17:09:45-Concord-INFO-save_model: Model saved to save/final_model_Apr17-1709.pt
17:09:45-Concord-INFO-save_model: Model saved to save/final_model_Apr17-1709.pt
17:09:45-Concord-INFO-save_model: Model saved to save/final_model_Apr17-1709.pt
17:09:45-Concord-INFO-save_model: Model saved to save/final_model_Apr17-1709.pt
17:09:45-Concord-INFO-save_model: Model saved to save/final_model_Apr17-1709.pt
17:09:45-Concord-INFO-save_model: Model saved to save/final_model_Apr17-1709.pt
17:09:45-Concord-INFO-train: Final model saved at: save/final_model_Apr17-1709.pt; Configuration saved at: save/config_Apr17-1709.json.
17:09:45-Concord-INFO-train: Final model saved at: save/final_model_Apr17-1709.pt; Configuration saved at: save/config_Apr17-1709.json.
17:09:45-Concord-INFO-train: Final model saved at: save/final_model_Apr17-1709.pt; Configuration saved at: save/config_Apr17-1709.json.
17:09:45-Concord-INFO-train: Final model saved at: save/final_model_Apr17-1709.pt; Configuration saved at: save/config_Apr17-1709.json.
17:09:45-Concord-INFO-train: Final model saved at: save/final_model_Apr17-1709.pt; Configuration saved at: save/config_Apr17-1709.json.
17:09:45-Concord-INFO-train: Final model saved at: save/final_model_Apr17-1709.pt; Configuration saved at: save/config_Apr17-1709.json.
17:09:45-Concord-INFO-predict: Predicting for chunk 1/1
17:09:45-Concord-INFO-predict: Predicting for chunk 1/1
17:09:45-Concord-INFO-predict: Predicting for chunk 1/1
17:09:45-Concord-INFO-predict: Predicting for chunk 1/1
17:09:45-Concord-INFO-predict: Predicting for chunk 1/1
17:09:45-Concord-INFO-predict: Predicting for chunk 1/1
17:10:01-Concord-INFO-run_umap: UMAP embedding stored in adata.obsm['Concord_UMAP']
17:10:01-Concord-INFO-run_umap: UMAP embedding stored in adata.obsm['Concord_UMAP']
17:10:01-Concord-INFO-run_umap: UMAP embedding stored in adata.obsm['Concord_UMAP']
17:10:01-Concord-INFO-run_umap: UMAP embedding stored in adata.obsm['Concord_UMAP']
17:10:01-Concord-INFO-run_umap: UMAP embedding stored in adata.obsm['Concord_UMAP']
17:10:01-Concord-INFO-run_umap: UMAP embedding stored in adata.obsm['Concord_UMAP']
17:10:40-Concord-WARNING-__init__: domain/batch information not found, all samples will be treated as from single domain/batch.
17:10:40-Concord-WARNING-__init__: domain/batch information not found, all samples will be treated as from single domain/batch.
17:10:40-Concord-WARNING-__init__: domain/batch information not found, all samples will be treated as from single domain/batch.
17:10:40-Concord-WARNING-__init__: domain/batch information not found, all samples will be treated as from single domain/batch.
17:10:40-Concord-WARNING-__init__: domain/batch information not found, all samples will be treated as from single domain/batch.
17:10:40-Concord-WARNING-__init__: domain/batch information not found, all samples will be treated as from single domain/batch.
17:10:40-Concord-WARNING-__init__: domain/batch information not found, all samples will be treated as from single domain/batch.
17:10:40-Concord-INFO-__init__: Encoder input dim: 1000
17:10:40-Concord-INFO-__init__: Encoder input dim: 1000
17:10:40-Concord-INFO-__init__: Encoder input dim: 1000
17:10:40-Concord-INFO-__init__: Encoder input dim: 1000
17:10:40-Concord-INFO-__init__: Encoder input dim: 1000
17:10:40-Concord-INFO-__init__: Encoder input dim: 1000
17:10:40-Concord-INFO-__init__: Encoder input dim: 1000
17:10:40-Concord-INFO-init_model: Model loaded to device: cpu
17:10:40-Concord-INFO-init_model: Model loaded to device: cpu
17:10:40-Concord-INFO-init_model: Model loaded to device: cpu
17:10:40-Concord-INFO-init_model: Model loaded to device: cpu
17:10:40-Concord-INFO-init_model: Model loaded to device: cpu
17:10:40-Concord-INFO-init_model: Model loaded to device: cpu
17:10:40-Concord-INFO-init_model: Model loaded to device: cpu
17:10:40-Concord-INFO-init_model: Total number of parameters: 1103308
17:10:40-Concord-INFO-init_model: Total number of parameters: 1103308
17:10:40-Concord-INFO-init_model: Total number of parameters: 1103308
17:10:40-Concord-INFO-init_model: Total number of parameters: 1103308
17:10:40-Concord-INFO-init_model: Total number of parameters: 1103308
17:10:40-Concord-INFO-init_model: Total number of parameters: 1103308
17:10:40-Concord-INFO-init_model: Total number of parameters: 1103308
17:10:41-Concord-INFO-train: Starting epoch 1/15
17:10:41-Concord-INFO-train: Starting epoch 1/15
17:10:41-Concord-INFO-train: Starting epoch 1/15
17:10:41-Concord-INFO-train: Starting epoch 1/15
17:10:41-Concord-INFO-train: Starting epoch 1/15
17:10:41-Concord-INFO-train: Starting epoch 1/15
17:10:41-Concord-INFO-train: Starting epoch 1/15
17:10:41-Concord-INFO-train: Processing chunk 1/1 for epoch 1
17:10:41-Concord-INFO-train: Processing chunk 1/1 for epoch 1
17:10:41-Concord-INFO-train: Processing chunk 1/1 for epoch 1
17:10:41-Concord-INFO-train: Processing chunk 1/1 for epoch 1
17:10:41-Concord-INFO-train: Processing chunk 1/1 for epoch 1
17:10:41-Concord-INFO-train: Processing chunk 1/1 for epoch 1
17:10:41-Concord-INFO-train: Processing chunk 1/1 for epoch 1
17:10:41-Concord-INFO-train: Number of samples in train_dataloader: 2638
17:10:41-Concord-INFO-train: Number of samples in train_dataloader: 2638
17:10:41-Concord-INFO-train: Number of samples in train_dataloader: 2638
17:10:41-Concord-INFO-train: Number of samples in train_dataloader: 2638
17:10:41-Concord-INFO-train: Number of samples in train_dataloader: 2638
17:10:41-Concord-INFO-train: Number of samples in train_dataloader: 2638
17:10:41-Concord-INFO-train: Number of samples in train_dataloader: 2638
17:10:41-Concord-INFO-_run_epoch: Epoch   0 | Train Loss: 3.70, MSE: 0.00, CLASS: 0.00, CONTRAST: 3.70, IMPORTANCE: 0.00
17:10:41-Concord-INFO-_run_epoch: Epoch   0 | Train Loss: 3.70, MSE: 0.00, CLASS: 0.00, CONTRAST: 3.70, IMPORTANCE: 0.00
17:10:41-Concord-INFO-_run_epoch: Epoch   0 | Train Loss: 3.70, MSE: 0.00, CLASS: 0.00, CONTRAST: 3.70, IMPORTANCE: 0.00
17:10:41-Concord-INFO-_run_epoch: Epoch   0 | Train Loss: 3.70, MSE: 0.00, CLASS: 0.00, CONTRAST: 3.70, IMPORTANCE: 0.00
17:10:41-Concord-INFO-_run_epoch: Epoch   0 | Train Loss: 3.70, MSE: 0.00, CLASS: 0.00, CONTRAST: 3.70, IMPORTANCE: 0.00
17:10:41-Concord-INFO-_run_epoch: Epoch   0 | Train Loss: 3.70, MSE: 0.00, CLASS: 0.00, CONTRAST: 3.70, IMPORTANCE: 0.00
17:10:41-Concord-INFO-_run_epoch: Epoch   0 | Train Loss: 3.70, MSE: 0.00, CLASS: 0.00, CONTRAST: 3.70, IMPORTANCE: 0.00
17:10:41-Concord-INFO-train: Starting epoch 2/15
17:10:41-Concord-INFO-train: Starting epoch 2/15
17:10:41-Concord-INFO-train: Starting epoch 2/15
17:10:41-Concord-INFO-train: Starting epoch 2/15
17:10:41-Concord-INFO-train: Starting epoch 2/15
17:10:41-Concord-INFO-train: Starting epoch 2/15
17:10:41-Concord-INFO-train: Starting epoch 2/15
17:10:41-Concord-INFO-train: Processing chunk 1/1 for epoch 2
17:10:41-Concord-INFO-train: Processing chunk 1/1 for epoch 2
17:10:41-Concord-INFO-train: Processing chunk 1/1 for epoch 2
17:10:41-Concord-INFO-train: Processing chunk 1/1 for epoch 2
17:10:41-Concord-INFO-train: Processing chunk 1/1 for epoch 2
17:10:41-Concord-INFO-train: Processing chunk 1/1 for epoch 2
17:10:41-Concord-INFO-train: Processing chunk 1/1 for epoch 2
17:10:41-Concord-INFO-train: Number of samples in train_dataloader: 2638
17:10:41-Concord-INFO-train: Number of samples in train_dataloader: 2638
17:10:41-Concord-INFO-train: Number of samples in train_dataloader: 2638
17:10:41-Concord-INFO-train: Number of samples in train_dataloader: 2638
17:10:41-Concord-INFO-train: Number of samples in train_dataloader: 2638
17:10:41-Concord-INFO-train: Number of samples in train_dataloader: 2638
17:10:41-Concord-INFO-train: Number of samples in train_dataloader: 2638
17:10:41-Concord-INFO-_run_epoch: Epoch   1 | Train Loss: 3.33, MSE: 0.00, CLASS: 0.00, CONTRAST: 3.33, IMPORTANCE: 0.00
17:10:41-Concord-INFO-_run_epoch: Epoch   1 | Train Loss: 3.33, MSE: 0.00, CLASS: 0.00, CONTRAST: 3.33, IMPORTANCE: 0.00
17:10:41-Concord-INFO-_run_epoch: Epoch   1 | Train Loss: 3.33, MSE: 0.00, CLASS: 0.00, CONTRAST: 3.33, IMPORTANCE: 0.00
17:10:41-Concord-INFO-_run_epoch: Epoch   1 | Train Loss: 3.33, MSE: 0.00, CLASS: 0.00, CONTRAST: 3.33, IMPORTANCE: 0.00
17:10:41-Concord-INFO-_run_epoch: Epoch   1 | Train Loss: 3.33, MSE: 0.00, CLASS: 0.00, CONTRAST: 3.33, IMPORTANCE: 0.00
17:10:41-Concord-INFO-_run_epoch: Epoch   1 | Train Loss: 3.33, MSE: 0.00, CLASS: 0.00, CONTRAST: 3.33, IMPORTANCE: 0.00
17:10:41-Concord-INFO-_run_epoch: Epoch   1 | Train Loss: 3.33, MSE: 0.00, CLASS: 0.00, CONTRAST: 3.33, IMPORTANCE: 0.00
17:10:41-Concord-INFO-train: Starting epoch 3/15
17:10:41-Concord-INFO-train: Starting epoch 3/15
17:10:41-Concord-INFO-train: Starting epoch 3/15
17:10:41-Concord-INFO-train: Starting epoch 3/15
17:10:41-Concord-INFO-train: Starting epoch 3/15
17:10:41-Concord-INFO-train: Starting epoch 3/15
17:10:41-Concord-INFO-train: Starting epoch 3/15
17:10:41-Concord-INFO-train: Processing chunk 1/1 for epoch 3
17:10:41-Concord-INFO-train: Processing chunk 1/1 for epoch 3
17:10:41-Concord-INFO-train: Processing chunk 1/1 for epoch 3
17:10:41-Concord-INFO-train: Processing chunk 1/1 for epoch 3
17:10:41-Concord-INFO-train: Processing chunk 1/1 for epoch 3
17:10:41-Concord-INFO-train: Processing chunk 1/1 for epoch 3
17:10:41-Concord-INFO-train: Processing chunk 1/1 for epoch 3
17:10:41-Concord-INFO-train: Number of samples in train_dataloader: 2638
17:10:41-Concord-INFO-train: Number of samples in train_dataloader: 2638
17:10:41-Concord-INFO-train: Number of samples in train_dataloader: 2638
17:10:41-Concord-INFO-train: Number of samples in train_dataloader: 2638
17:10:41-Concord-INFO-train: Number of samples in train_dataloader: 2638
17:10:41-Concord-INFO-train: Number of samples in train_dataloader: 2638
17:10:41-Concord-INFO-train: Number of samples in train_dataloader: 2638
17:10:42-Concord-INFO-_run_epoch: Epoch   2 | Train Loss: 3.14, MSE: 0.00, CLASS: 0.00, CONTRAST: 3.14, IMPORTANCE: 0.00
17:10:42-Concord-INFO-_run_epoch: Epoch   2 | Train Loss: 3.14, MSE: 0.00, CLASS: 0.00, CONTRAST: 3.14, IMPORTANCE: 0.00
17:10:42-Concord-INFO-_run_epoch: Epoch   2 | Train Loss: 3.14, MSE: 0.00, CLASS: 0.00, CONTRAST: 3.14, IMPORTANCE: 0.00
17:10:42-Concord-INFO-_run_epoch: Epoch   2 | Train Loss: 3.14, MSE: 0.00, CLASS: 0.00, CONTRAST: 3.14, IMPORTANCE: 0.00
17:10:42-Concord-INFO-_run_epoch: Epoch   2 | Train Loss: 3.14, MSE: 0.00, CLASS: 0.00, CONTRAST: 3.14, IMPORTANCE: 0.00
17:10:42-Concord-INFO-_run_epoch: Epoch   2 | Train Loss: 3.14, MSE: 0.00, CLASS: 0.00, CONTRAST: 3.14, IMPORTANCE: 0.00
17:10:42-Concord-INFO-_run_epoch: Epoch   2 | Train Loss: 3.14, MSE: 0.00, CLASS: 0.00, CONTRAST: 3.14, IMPORTANCE: 0.00
17:10:42-Concord-INFO-train: Starting epoch 4/15
17:10:42-Concord-INFO-train: Starting epoch 4/15
17:10:42-Concord-INFO-train: Starting epoch 4/15
17:10:42-Concord-INFO-train: Starting epoch 4/15
17:10:42-Concord-INFO-train: Starting epoch 4/15
17:10:42-Concord-INFO-train: Starting epoch 4/15
17:10:42-Concord-INFO-train: Starting epoch 4/15
17:10:42-Concord-INFO-train: Processing chunk 1/1 for epoch 4
17:10:42-Concord-INFO-train: Processing chunk 1/1 for epoch 4
17:10:42-Concord-INFO-train: Processing chunk 1/1 for epoch 4
17:10:42-Concord-INFO-train: Processing chunk 1/1 for epoch 4
17:10:42-Concord-INFO-train: Processing chunk 1/1 for epoch 4
17:10:42-Concord-INFO-train: Processing chunk 1/1 for epoch 4
17:10:42-Concord-INFO-train: Processing chunk 1/1 for epoch 4
17:10:42-Concord-INFO-train: Number of samples in train_dataloader: 2638
17:10:42-Concord-INFO-train: Number of samples in train_dataloader: 2638
17:10:42-Concord-INFO-train: Number of samples in train_dataloader: 2638
17:10:42-Concord-INFO-train: Number of samples in train_dataloader: 2638
17:10:42-Concord-INFO-train: Number of samples in train_dataloader: 2638
17:10:42-Concord-INFO-train: Number of samples in train_dataloader: 2638
17:10:42-Concord-INFO-train: Number of samples in train_dataloader: 2638
17:10:42-Concord-INFO-_run_epoch: Epoch   3 | Train Loss: 3.01, MSE: 0.00, CLASS: 0.00, CONTRAST: 3.01, IMPORTANCE: 0.00
17:10:42-Concord-INFO-_run_epoch: Epoch   3 | Train Loss: 3.01, MSE: 0.00, CLASS: 0.00, CONTRAST: 3.01, IMPORTANCE: 0.00
17:10:42-Concord-INFO-_run_epoch: Epoch   3 | Train Loss: 3.01, MSE: 0.00, CLASS: 0.00, CONTRAST: 3.01, IMPORTANCE: 0.00
17:10:42-Concord-INFO-_run_epoch: Epoch   3 | Train Loss: 3.01, MSE: 0.00, CLASS: 0.00, CONTRAST: 3.01, IMPORTANCE: 0.00
17:10:42-Concord-INFO-_run_epoch: Epoch   3 | Train Loss: 3.01, MSE: 0.00, CLASS: 0.00, CONTRAST: 3.01, IMPORTANCE: 0.00
17:10:42-Concord-INFO-_run_epoch: Epoch   3 | Train Loss: 3.01, MSE: 0.00, CLASS: 0.00, CONTRAST: 3.01, IMPORTANCE: 0.00
17:10:42-Concord-INFO-_run_epoch: Epoch   3 | Train Loss: 3.01, MSE: 0.00, CLASS: 0.00, CONTRAST: 3.01, IMPORTANCE: 0.00
17:10:42-Concord-INFO-train: Starting epoch 5/15
17:10:42-Concord-INFO-train: Starting epoch 5/15
17:10:42-Concord-INFO-train: Starting epoch 5/15
17:10:42-Concord-INFO-train: Starting epoch 5/15
17:10:42-Concord-INFO-train: Starting epoch 5/15
17:10:42-Concord-INFO-train: Starting epoch 5/15
17:10:42-Concord-INFO-train: Starting epoch 5/15
17:10:42-Concord-INFO-train: Processing chunk 1/1 for epoch 5
17:10:42-Concord-INFO-train: Processing chunk 1/1 for epoch 5
17:10:42-Concord-INFO-train: Processing chunk 1/1 for epoch 5
17:10:42-Concord-INFO-train: Processing chunk 1/1 for epoch 5
17:10:42-Concord-INFO-train: Processing chunk 1/1 for epoch 5
17:10:42-Concord-INFO-train: Processing chunk 1/1 for epoch 5
17:10:42-Concord-INFO-train: Processing chunk 1/1 for epoch 5
17:10:42-Concord-INFO-train: Number of samples in train_dataloader: 2638
17:10:42-Concord-INFO-train: Number of samples in train_dataloader: 2638
17:10:42-Concord-INFO-train: Number of samples in train_dataloader: 2638
17:10:42-Concord-INFO-train: Number of samples in train_dataloader: 2638
17:10:42-Concord-INFO-train: Number of samples in train_dataloader: 2638
17:10:42-Concord-INFO-train: Number of samples in train_dataloader: 2638
17:10:42-Concord-INFO-train: Number of samples in train_dataloader: 2638
17:10:43-Concord-INFO-_run_epoch: Epoch   4 | Train Loss: 2.97, MSE: 0.00, CLASS: 0.00, CONTRAST: 2.97, IMPORTANCE: 0.00
17:10:43-Concord-INFO-_run_epoch: Epoch   4 | Train Loss: 2.97, MSE: 0.00, CLASS: 0.00, CONTRAST: 2.97, IMPORTANCE: 0.00
17:10:43-Concord-INFO-_run_epoch: Epoch   4 | Train Loss: 2.97, MSE: 0.00, CLASS: 0.00, CONTRAST: 2.97, IMPORTANCE: 0.00
17:10:43-Concord-INFO-_run_epoch: Epoch   4 | Train Loss: 2.97, MSE: 0.00, CLASS: 0.00, CONTRAST: 2.97, IMPORTANCE: 0.00
17:10:43-Concord-INFO-_run_epoch: Epoch   4 | Train Loss: 2.97, MSE: 0.00, CLASS: 0.00, CONTRAST: 2.97, IMPORTANCE: 0.00
17:10:43-Concord-INFO-_run_epoch: Epoch   4 | Train Loss: 2.97, MSE: 0.00, CLASS: 0.00, CONTRAST: 2.97, IMPORTANCE: 0.00
17:10:43-Concord-INFO-_run_epoch: Epoch   4 | Train Loss: 2.97, MSE: 0.00, CLASS: 0.00, CONTRAST: 2.97, IMPORTANCE: 0.00
17:10:43-Concord-INFO-train: Starting epoch 6/15
17:10:43-Concord-INFO-train: Starting epoch 6/15
17:10:43-Concord-INFO-train: Starting epoch 6/15
17:10:43-Concord-INFO-train: Starting epoch 6/15
17:10:43-Concord-INFO-train: Starting epoch 6/15
17:10:43-Concord-INFO-train: Starting epoch 6/15
17:10:43-Concord-INFO-train: Starting epoch 6/15
17:10:43-Concord-INFO-train: Processing chunk 1/1 for epoch 6
17:10:43-Concord-INFO-train: Processing chunk 1/1 for epoch 6
17:10:43-Concord-INFO-train: Processing chunk 1/1 for epoch 6
17:10:43-Concord-INFO-train: Processing chunk 1/1 for epoch 6
17:10:43-Concord-INFO-train: Processing chunk 1/1 for epoch 6
17:10:43-Concord-INFO-train: Processing chunk 1/1 for epoch 6
17:10:43-Concord-INFO-train: Processing chunk 1/1 for epoch 6
17:10:43-Concord-INFO-train: Number of samples in train_dataloader: 2638
17:10:43-Concord-INFO-train: Number of samples in train_dataloader: 2638
17:10:43-Concord-INFO-train: Number of samples in train_dataloader: 2638
17:10:43-Concord-INFO-train: Number of samples in train_dataloader: 2638
17:10:43-Concord-INFO-train: Number of samples in train_dataloader: 2638
17:10:43-Concord-INFO-train: Number of samples in train_dataloader: 2638
17:10:43-Concord-INFO-train: Number of samples in train_dataloader: 2638
17:10:43-Concord-INFO-_run_epoch: Epoch   5 | Train Loss: 2.87, MSE: 0.00, CLASS: 0.00, CONTRAST: 2.87, IMPORTANCE: 0.00
17:10:43-Concord-INFO-_run_epoch: Epoch   5 | Train Loss: 2.87, MSE: 0.00, CLASS: 0.00, CONTRAST: 2.87, IMPORTANCE: 0.00
17:10:43-Concord-INFO-_run_epoch: Epoch   5 | Train Loss: 2.87, MSE: 0.00, CLASS: 0.00, CONTRAST: 2.87, IMPORTANCE: 0.00
17:10:43-Concord-INFO-_run_epoch: Epoch   5 | Train Loss: 2.87, MSE: 0.00, CLASS: 0.00, CONTRAST: 2.87, IMPORTANCE: 0.00
17:10:43-Concord-INFO-_run_epoch: Epoch   5 | Train Loss: 2.87, MSE: 0.00, CLASS: 0.00, CONTRAST: 2.87, IMPORTANCE: 0.00
17:10:43-Concord-INFO-_run_epoch: Epoch   5 | Train Loss: 2.87, MSE: 0.00, CLASS: 0.00, CONTRAST: 2.87, IMPORTANCE: 0.00
17:10:43-Concord-INFO-_run_epoch: Epoch   5 | Train Loss: 2.87, MSE: 0.00, CLASS: 0.00, CONTRAST: 2.87, IMPORTANCE: 0.00
17:10:43-Concord-INFO-train: Starting epoch 7/15
17:10:43-Concord-INFO-train: Starting epoch 7/15
17:10:43-Concord-INFO-train: Starting epoch 7/15
17:10:43-Concord-INFO-train: Starting epoch 7/15
17:10:43-Concord-INFO-train: Starting epoch 7/15
17:10:43-Concord-INFO-train: Starting epoch 7/15
17:10:43-Concord-INFO-train: Starting epoch 7/15
17:10:43-Concord-INFO-train: Processing chunk 1/1 for epoch 7
17:10:43-Concord-INFO-train: Processing chunk 1/1 for epoch 7
17:10:43-Concord-INFO-train: Processing chunk 1/1 for epoch 7
17:10:43-Concord-INFO-train: Processing chunk 1/1 for epoch 7
17:10:43-Concord-INFO-train: Processing chunk 1/1 for epoch 7
17:10:43-Concord-INFO-train: Processing chunk 1/1 for epoch 7
17:10:43-Concord-INFO-train: Processing chunk 1/1 for epoch 7
17:10:43-Concord-INFO-train: Number of samples in train_dataloader: 2638
17:10:43-Concord-INFO-train: Number of samples in train_dataloader: 2638
17:10:43-Concord-INFO-train: Number of samples in train_dataloader: 2638
17:10:43-Concord-INFO-train: Number of samples in train_dataloader: 2638
17:10:43-Concord-INFO-train: Number of samples in train_dataloader: 2638
17:10:43-Concord-INFO-train: Number of samples in train_dataloader: 2638
17:10:43-Concord-INFO-train: Number of samples in train_dataloader: 2638
17:10:44-Concord-INFO-_run_epoch: Epoch   6 | Train Loss: 2.85, MSE: 0.00, CLASS: 0.00, CONTRAST: 2.85, IMPORTANCE: 0.00
17:10:44-Concord-INFO-_run_epoch: Epoch   6 | Train Loss: 2.85, MSE: 0.00, CLASS: 0.00, CONTRAST: 2.85, IMPORTANCE: 0.00
17:10:44-Concord-INFO-_run_epoch: Epoch   6 | Train Loss: 2.85, MSE: 0.00, CLASS: 0.00, CONTRAST: 2.85, IMPORTANCE: 0.00
17:10:44-Concord-INFO-_run_epoch: Epoch   6 | Train Loss: 2.85, MSE: 0.00, CLASS: 0.00, CONTRAST: 2.85, IMPORTANCE: 0.00
17:10:44-Concord-INFO-_run_epoch: Epoch   6 | Train Loss: 2.85, MSE: 0.00, CLASS: 0.00, CONTRAST: 2.85, IMPORTANCE: 0.00
17:10:44-Concord-INFO-_run_epoch: Epoch   6 | Train Loss: 2.85, MSE: 0.00, CLASS: 0.00, CONTRAST: 2.85, IMPORTANCE: 0.00
17:10:44-Concord-INFO-_run_epoch: Epoch   6 | Train Loss: 2.85, MSE: 0.00, CLASS: 0.00, CONTRAST: 2.85, IMPORTANCE: 0.00
17:10:44-Concord-INFO-train: Starting epoch 8/15
17:10:44-Concord-INFO-train: Starting epoch 8/15
17:10:44-Concord-INFO-train: Starting epoch 8/15
17:10:44-Concord-INFO-train: Starting epoch 8/15
17:10:44-Concord-INFO-train: Starting epoch 8/15
17:10:44-Concord-INFO-train: Starting epoch 8/15
17:10:44-Concord-INFO-train: Starting epoch 8/15
17:10:44-Concord-INFO-train: Processing chunk 1/1 for epoch 8
17:10:44-Concord-INFO-train: Processing chunk 1/1 for epoch 8
17:10:44-Concord-INFO-train: Processing chunk 1/1 for epoch 8
17:10:44-Concord-INFO-train: Processing chunk 1/1 for epoch 8
17:10:44-Concord-INFO-train: Processing chunk 1/1 for epoch 8
17:10:44-Concord-INFO-train: Processing chunk 1/1 for epoch 8
17:10:44-Concord-INFO-train: Processing chunk 1/1 for epoch 8
17:10:44-Concord-INFO-train: Number of samples in train_dataloader: 2638
17:10:44-Concord-INFO-train: Number of samples in train_dataloader: 2638
17:10:44-Concord-INFO-train: Number of samples in train_dataloader: 2638
17:10:44-Concord-INFO-train: Number of samples in train_dataloader: 2638
17:10:44-Concord-INFO-train: Number of samples in train_dataloader: 2638
17:10:44-Concord-INFO-train: Number of samples in train_dataloader: 2638
17:10:44-Concord-INFO-train: Number of samples in train_dataloader: 2638
17:10:44-Concord-INFO-_run_epoch: Epoch   7 | Train Loss: 2.85, MSE: 0.00, CLASS: 0.00, CONTRAST: 2.85, IMPORTANCE: 0.00
17:10:44-Concord-INFO-_run_epoch: Epoch   7 | Train Loss: 2.85, MSE: 0.00, CLASS: 0.00, CONTRAST: 2.85, IMPORTANCE: 0.00
17:10:44-Concord-INFO-_run_epoch: Epoch   7 | Train Loss: 2.85, MSE: 0.00, CLASS: 0.00, CONTRAST: 2.85, IMPORTANCE: 0.00
17:10:44-Concord-INFO-_run_epoch: Epoch   7 | Train Loss: 2.85, MSE: 0.00, CLASS: 0.00, CONTRAST: 2.85, IMPORTANCE: 0.00
17:10:44-Concord-INFO-_run_epoch: Epoch   7 | Train Loss: 2.85, MSE: 0.00, CLASS: 0.00, CONTRAST: 2.85, IMPORTANCE: 0.00
17:10:44-Concord-INFO-_run_epoch: Epoch   7 | Train Loss: 2.85, MSE: 0.00, CLASS: 0.00, CONTRAST: 2.85, IMPORTANCE: 0.00
17:10:44-Concord-INFO-_run_epoch: Epoch   7 | Train Loss: 2.85, MSE: 0.00, CLASS: 0.00, CONTRAST: 2.85, IMPORTANCE: 0.00
17:10:44-Concord-INFO-train: Starting epoch 9/15
17:10:44-Concord-INFO-train: Starting epoch 9/15
17:10:44-Concord-INFO-train: Starting epoch 9/15
17:10:44-Concord-INFO-train: Starting epoch 9/15
17:10:44-Concord-INFO-train: Starting epoch 9/15
17:10:44-Concord-INFO-train: Starting epoch 9/15
17:10:44-Concord-INFO-train: Starting epoch 9/15
17:10:44-Concord-INFO-train: Processing chunk 1/1 for epoch 9
17:10:44-Concord-INFO-train: Processing chunk 1/1 for epoch 9
17:10:44-Concord-INFO-train: Processing chunk 1/1 for epoch 9
17:10:44-Concord-INFO-train: Processing chunk 1/1 for epoch 9
17:10:44-Concord-INFO-train: Processing chunk 1/1 for epoch 9
17:10:44-Concord-INFO-train: Processing chunk 1/1 for epoch 9
17:10:44-Concord-INFO-train: Processing chunk 1/1 for epoch 9
17:10:44-Concord-INFO-train: Number of samples in train_dataloader: 2638
17:10:44-Concord-INFO-train: Number of samples in train_dataloader: 2638
17:10:44-Concord-INFO-train: Number of samples in train_dataloader: 2638
17:10:44-Concord-INFO-train: Number of samples in train_dataloader: 2638
17:10:44-Concord-INFO-train: Number of samples in train_dataloader: 2638
17:10:44-Concord-INFO-train: Number of samples in train_dataloader: 2638
17:10:44-Concord-INFO-train: Number of samples in train_dataloader: 2638
17:10:45-Concord-INFO-_run_epoch: Epoch   8 | Train Loss: 2.79, MSE: 0.00, CLASS: 0.00, CONTRAST: 2.79, IMPORTANCE: 0.00
17:10:45-Concord-INFO-_run_epoch: Epoch   8 | Train Loss: 2.79, MSE: 0.00, CLASS: 0.00, CONTRAST: 2.79, IMPORTANCE: 0.00
17:10:45-Concord-INFO-_run_epoch: Epoch   8 | Train Loss: 2.79, MSE: 0.00, CLASS: 0.00, CONTRAST: 2.79, IMPORTANCE: 0.00
17:10:45-Concord-INFO-_run_epoch: Epoch   8 | Train Loss: 2.79, MSE: 0.00, CLASS: 0.00, CONTRAST: 2.79, IMPORTANCE: 0.00
17:10:45-Concord-INFO-_run_epoch: Epoch   8 | Train Loss: 2.79, MSE: 0.00, CLASS: 0.00, CONTRAST: 2.79, IMPORTANCE: 0.00
17:10:45-Concord-INFO-_run_epoch: Epoch   8 | Train Loss: 2.79, MSE: 0.00, CLASS: 0.00, CONTRAST: 2.79, IMPORTANCE: 0.00
17:10:45-Concord-INFO-_run_epoch: Epoch   8 | Train Loss: 2.79, MSE: 0.00, CLASS: 0.00, CONTRAST: 2.79, IMPORTANCE: 0.00
17:10:45-Concord-INFO-train: Starting epoch 10/15
17:10:45-Concord-INFO-train: Starting epoch 10/15
17:10:45-Concord-INFO-train: Starting epoch 10/15
17:10:45-Concord-INFO-train: Starting epoch 10/15
17:10:45-Concord-INFO-train: Starting epoch 10/15
17:10:45-Concord-INFO-train: Starting epoch 10/15
17:10:45-Concord-INFO-train: Starting epoch 10/15
17:10:45-Concord-INFO-train: Processing chunk 1/1 for epoch 10
17:10:45-Concord-INFO-train: Processing chunk 1/1 for epoch 10
17:10:45-Concord-INFO-train: Processing chunk 1/1 for epoch 10
17:10:45-Concord-INFO-train: Processing chunk 1/1 for epoch 10
17:10:45-Concord-INFO-train: Processing chunk 1/1 for epoch 10
17:10:45-Concord-INFO-train: Processing chunk 1/1 for epoch 10
17:10:45-Concord-INFO-train: Processing chunk 1/1 for epoch 10
17:10:45-Concord-INFO-train: Number of samples in train_dataloader: 2638
17:10:45-Concord-INFO-train: Number of samples in train_dataloader: 2638
17:10:45-Concord-INFO-train: Number of samples in train_dataloader: 2638
17:10:45-Concord-INFO-train: Number of samples in train_dataloader: 2638
17:10:45-Concord-INFO-train: Number of samples in train_dataloader: 2638
17:10:45-Concord-INFO-train: Number of samples in train_dataloader: 2638
17:10:45-Concord-INFO-train: Number of samples in train_dataloader: 2638
17:10:45-Concord-INFO-_run_epoch: Epoch   9 | Train Loss: 2.76, MSE: 0.00, CLASS: 0.00, CONTRAST: 2.76, IMPORTANCE: 0.00
17:10:45-Concord-INFO-_run_epoch: Epoch   9 | Train Loss: 2.76, MSE: 0.00, CLASS: 0.00, CONTRAST: 2.76, IMPORTANCE: 0.00
17:10:45-Concord-INFO-_run_epoch: Epoch   9 | Train Loss: 2.76, MSE: 0.00, CLASS: 0.00, CONTRAST: 2.76, IMPORTANCE: 0.00
17:10:45-Concord-INFO-_run_epoch: Epoch   9 | Train Loss: 2.76, MSE: 0.00, CLASS: 0.00, CONTRAST: 2.76, IMPORTANCE: 0.00
17:10:45-Concord-INFO-_run_epoch: Epoch   9 | Train Loss: 2.76, MSE: 0.00, CLASS: 0.00, CONTRAST: 2.76, IMPORTANCE: 0.00
17:10:45-Concord-INFO-_run_epoch: Epoch   9 | Train Loss: 2.76, MSE: 0.00, CLASS: 0.00, CONTRAST: 2.76, IMPORTANCE: 0.00
17:10:45-Concord-INFO-_run_epoch: Epoch   9 | Train Loss: 2.76, MSE: 0.00, CLASS: 0.00, CONTRAST: 2.76, IMPORTANCE: 0.00
17:10:45-Concord-INFO-train: Starting epoch 11/15
17:10:45-Concord-INFO-train: Starting epoch 11/15
17:10:45-Concord-INFO-train: Starting epoch 11/15
17:10:45-Concord-INFO-train: Starting epoch 11/15
17:10:45-Concord-INFO-train: Starting epoch 11/15
17:10:45-Concord-INFO-train: Starting epoch 11/15
17:10:45-Concord-INFO-train: Starting epoch 11/15
17:10:45-Concord-INFO-train: Processing chunk 1/1 for epoch 11
17:10:45-Concord-INFO-train: Processing chunk 1/1 for epoch 11
17:10:45-Concord-INFO-train: Processing chunk 1/1 for epoch 11
17:10:45-Concord-INFO-train: Processing chunk 1/1 for epoch 11
17:10:45-Concord-INFO-train: Processing chunk 1/1 for epoch 11
17:10:45-Concord-INFO-train: Processing chunk 1/1 for epoch 11
17:10:45-Concord-INFO-train: Processing chunk 1/1 for epoch 11
17:10:45-Concord-INFO-train: Number of samples in train_dataloader: 2638
17:10:45-Concord-INFO-train: Number of samples in train_dataloader: 2638
17:10:45-Concord-INFO-train: Number of samples in train_dataloader: 2638
17:10:45-Concord-INFO-train: Number of samples in train_dataloader: 2638
17:10:45-Concord-INFO-train: Number of samples in train_dataloader: 2638
17:10:45-Concord-INFO-train: Number of samples in train_dataloader: 2638
17:10:45-Concord-INFO-train: Number of samples in train_dataloader: 2638
17:10:46-Concord-INFO-_run_epoch: Epoch  10 | Train Loss: 2.72, MSE: 0.00, CLASS: 0.00, CONTRAST: 2.72, IMPORTANCE: 0.00
17:10:46-Concord-INFO-_run_epoch: Epoch  10 | Train Loss: 2.72, MSE: 0.00, CLASS: 0.00, CONTRAST: 2.72, IMPORTANCE: 0.00
17:10:46-Concord-INFO-_run_epoch: Epoch  10 | Train Loss: 2.72, MSE: 0.00, CLASS: 0.00, CONTRAST: 2.72, IMPORTANCE: 0.00
17:10:46-Concord-INFO-_run_epoch: Epoch  10 | Train Loss: 2.72, MSE: 0.00, CLASS: 0.00, CONTRAST: 2.72, IMPORTANCE: 0.00
17:10:46-Concord-INFO-_run_epoch: Epoch  10 | Train Loss: 2.72, MSE: 0.00, CLASS: 0.00, CONTRAST: 2.72, IMPORTANCE: 0.00
17:10:46-Concord-INFO-_run_epoch: Epoch  10 | Train Loss: 2.72, MSE: 0.00, CLASS: 0.00, CONTRAST: 2.72, IMPORTANCE: 0.00
17:10:46-Concord-INFO-_run_epoch: Epoch  10 | Train Loss: 2.72, MSE: 0.00, CLASS: 0.00, CONTRAST: 2.72, IMPORTANCE: 0.00
17:10:46-Concord-INFO-train: Starting epoch 12/15
17:10:46-Concord-INFO-train: Starting epoch 12/15
17:10:46-Concord-INFO-train: Starting epoch 12/15
17:10:46-Concord-INFO-train: Starting epoch 12/15
17:10:46-Concord-INFO-train: Starting epoch 12/15
17:10:46-Concord-INFO-train: Starting epoch 12/15
17:10:46-Concord-INFO-train: Starting epoch 12/15
17:10:46-Concord-INFO-train: Processing chunk 1/1 for epoch 12
17:10:46-Concord-INFO-train: Processing chunk 1/1 for epoch 12
17:10:46-Concord-INFO-train: Processing chunk 1/1 for epoch 12
17:10:46-Concord-INFO-train: Processing chunk 1/1 for epoch 12
17:10:46-Concord-INFO-train: Processing chunk 1/1 for epoch 12
17:10:46-Concord-INFO-train: Processing chunk 1/1 for epoch 12
17:10:46-Concord-INFO-train: Processing chunk 1/1 for epoch 12
17:10:46-Concord-INFO-train: Number of samples in train_dataloader: 2638
17:10:46-Concord-INFO-train: Number of samples in train_dataloader: 2638
17:10:46-Concord-INFO-train: Number of samples in train_dataloader: 2638
17:10:46-Concord-INFO-train: Number of samples in train_dataloader: 2638
17:10:46-Concord-INFO-train: Number of samples in train_dataloader: 2638
17:10:46-Concord-INFO-train: Number of samples in train_dataloader: 2638
17:10:46-Concord-INFO-train: Number of samples in train_dataloader: 2638
17:10:46-Concord-INFO-_run_epoch: Epoch  11 | Train Loss: 2.73, MSE: 0.00, CLASS: 0.00, CONTRAST: 2.73, IMPORTANCE: 0.00
17:10:46-Concord-INFO-_run_epoch: Epoch  11 | Train Loss: 2.73, MSE: 0.00, CLASS: 0.00, CONTRAST: 2.73, IMPORTANCE: 0.00
17:10:46-Concord-INFO-_run_epoch: Epoch  11 | Train Loss: 2.73, MSE: 0.00, CLASS: 0.00, CONTRAST: 2.73, IMPORTANCE: 0.00
17:10:46-Concord-INFO-_run_epoch: Epoch  11 | Train Loss: 2.73, MSE: 0.00, CLASS: 0.00, CONTRAST: 2.73, IMPORTANCE: 0.00
17:10:46-Concord-INFO-_run_epoch: Epoch  11 | Train Loss: 2.73, MSE: 0.00, CLASS: 0.00, CONTRAST: 2.73, IMPORTANCE: 0.00
17:10:46-Concord-INFO-_run_epoch: Epoch  11 | Train Loss: 2.73, MSE: 0.00, CLASS: 0.00, CONTRAST: 2.73, IMPORTANCE: 0.00
17:10:46-Concord-INFO-_run_epoch: Epoch  11 | Train Loss: 2.73, MSE: 0.00, CLASS: 0.00, CONTRAST: 2.73, IMPORTANCE: 0.00
17:10:46-Concord-INFO-train: Starting epoch 13/15
17:10:46-Concord-INFO-train: Starting epoch 13/15
17:10:46-Concord-INFO-train: Starting epoch 13/15
17:10:46-Concord-INFO-train: Starting epoch 13/15
17:10:46-Concord-INFO-train: Starting epoch 13/15
17:10:46-Concord-INFO-train: Starting epoch 13/15
17:10:46-Concord-INFO-train: Starting epoch 13/15
17:10:46-Concord-INFO-train: Processing chunk 1/1 for epoch 13
17:10:46-Concord-INFO-train: Processing chunk 1/1 for epoch 13
17:10:46-Concord-INFO-train: Processing chunk 1/1 for epoch 13
17:10:46-Concord-INFO-train: Processing chunk 1/1 for epoch 13
17:10:46-Concord-INFO-train: Processing chunk 1/1 for epoch 13
17:10:46-Concord-INFO-train: Processing chunk 1/1 for epoch 13
17:10:46-Concord-INFO-train: Processing chunk 1/1 for epoch 13
17:10:46-Concord-INFO-train: Number of samples in train_dataloader: 2638
17:10:46-Concord-INFO-train: Number of samples in train_dataloader: 2638
17:10:46-Concord-INFO-train: Number of samples in train_dataloader: 2638
17:10:46-Concord-INFO-train: Number of samples in train_dataloader: 2638
17:10:46-Concord-INFO-train: Number of samples in train_dataloader: 2638
17:10:46-Concord-INFO-train: Number of samples in train_dataloader: 2638
17:10:46-Concord-INFO-train: Number of samples in train_dataloader: 2638
17:10:47-Concord-INFO-_run_epoch: Epoch  12 | Train Loss: 2.64, MSE: 0.00, CLASS: 0.00, CONTRAST: 2.64, IMPORTANCE: 0.00
17:10:47-Concord-INFO-_run_epoch: Epoch  12 | Train Loss: 2.64, MSE: 0.00, CLASS: 0.00, CONTRAST: 2.64, IMPORTANCE: 0.00
17:10:47-Concord-INFO-_run_epoch: Epoch  12 | Train Loss: 2.64, MSE: 0.00, CLASS: 0.00, CONTRAST: 2.64, IMPORTANCE: 0.00
17:10:47-Concord-INFO-_run_epoch: Epoch  12 | Train Loss: 2.64, MSE: 0.00, CLASS: 0.00, CONTRAST: 2.64, IMPORTANCE: 0.00
17:10:47-Concord-INFO-_run_epoch: Epoch  12 | Train Loss: 2.64, MSE: 0.00, CLASS: 0.00, CONTRAST: 2.64, IMPORTANCE: 0.00
17:10:47-Concord-INFO-_run_epoch: Epoch  12 | Train Loss: 2.64, MSE: 0.00, CLASS: 0.00, CONTRAST: 2.64, IMPORTANCE: 0.00
17:10:47-Concord-INFO-_run_epoch: Epoch  12 | Train Loss: 2.64, MSE: 0.00, CLASS: 0.00, CONTRAST: 2.64, IMPORTANCE: 0.00
17:10:47-Concord-INFO-train: Starting epoch 14/15
17:10:47-Concord-INFO-train: Starting epoch 14/15
17:10:47-Concord-INFO-train: Starting epoch 14/15
17:10:47-Concord-INFO-train: Starting epoch 14/15
17:10:47-Concord-INFO-train: Starting epoch 14/15
17:10:47-Concord-INFO-train: Starting epoch 14/15
17:10:47-Concord-INFO-train: Starting epoch 14/15
17:10:47-Concord-INFO-train: Processing chunk 1/1 for epoch 14
17:10:47-Concord-INFO-train: Processing chunk 1/1 for epoch 14
17:10:47-Concord-INFO-train: Processing chunk 1/1 for epoch 14
17:10:47-Concord-INFO-train: Processing chunk 1/1 for epoch 14
17:10:47-Concord-INFO-train: Processing chunk 1/1 for epoch 14
17:10:47-Concord-INFO-train: Processing chunk 1/1 for epoch 14
17:10:47-Concord-INFO-train: Processing chunk 1/1 for epoch 14
17:10:47-Concord-INFO-train: Number of samples in train_dataloader: 2638
17:10:47-Concord-INFO-train: Number of samples in train_dataloader: 2638
17:10:47-Concord-INFO-train: Number of samples in train_dataloader: 2638
17:10:47-Concord-INFO-train: Number of samples in train_dataloader: 2638
17:10:47-Concord-INFO-train: Number of samples in train_dataloader: 2638
17:10:47-Concord-INFO-train: Number of samples in train_dataloader: 2638
17:10:47-Concord-INFO-train: Number of samples in train_dataloader: 2638
17:10:48-Concord-INFO-_run_epoch: Epoch  13 | Train Loss: 2.67, MSE: 0.00, CLASS: 0.00, CONTRAST: 2.67, IMPORTANCE: 0.00
17:10:48-Concord-INFO-_run_epoch: Epoch  13 | Train Loss: 2.67, MSE: 0.00, CLASS: 0.00, CONTRAST: 2.67, IMPORTANCE: 0.00
17:10:48-Concord-INFO-_run_epoch: Epoch  13 | Train Loss: 2.67, MSE: 0.00, CLASS: 0.00, CONTRAST: 2.67, IMPORTANCE: 0.00
17:10:48-Concord-INFO-_run_epoch: Epoch  13 | Train Loss: 2.67, MSE: 0.00, CLASS: 0.00, CONTRAST: 2.67, IMPORTANCE: 0.00
17:10:48-Concord-INFO-_run_epoch: Epoch  13 | Train Loss: 2.67, MSE: 0.00, CLASS: 0.00, CONTRAST: 2.67, IMPORTANCE: 0.00
17:10:48-Concord-INFO-_run_epoch: Epoch  13 | Train Loss: 2.67, MSE: 0.00, CLASS: 0.00, CONTRAST: 2.67, IMPORTANCE: 0.00
17:10:48-Concord-INFO-_run_epoch: Epoch  13 | Train Loss: 2.67, MSE: 0.00, CLASS: 0.00, CONTRAST: 2.67, IMPORTANCE: 0.00
17:10:48-Concord-INFO-train: Starting epoch 15/15
17:10:48-Concord-INFO-train: Starting epoch 15/15
17:10:48-Concord-INFO-train: Starting epoch 15/15
17:10:48-Concord-INFO-train: Starting epoch 15/15
17:10:48-Concord-INFO-train: Starting epoch 15/15
17:10:48-Concord-INFO-train: Starting epoch 15/15
17:10:48-Concord-INFO-train: Starting epoch 15/15
17:10:48-Concord-INFO-train: Processing chunk 1/1 for epoch 15
17:10:48-Concord-INFO-train: Processing chunk 1/1 for epoch 15
17:10:48-Concord-INFO-train: Processing chunk 1/1 for epoch 15
17:10:48-Concord-INFO-train: Processing chunk 1/1 for epoch 15
17:10:48-Concord-INFO-train: Processing chunk 1/1 for epoch 15
17:10:48-Concord-INFO-train: Processing chunk 1/1 for epoch 15
17:10:48-Concord-INFO-train: Processing chunk 1/1 for epoch 15
17:10:48-Concord-INFO-train: Number of samples in train_dataloader: 2638
17:10:48-Concord-INFO-train: Number of samples in train_dataloader: 2638
17:10:48-Concord-INFO-train: Number of samples in train_dataloader: 2638
17:10:48-Concord-INFO-train: Number of samples in train_dataloader: 2638
17:10:48-Concord-INFO-train: Number of samples in train_dataloader: 2638
17:10:48-Concord-INFO-train: Number of samples in train_dataloader: 2638
17:10:48-Concord-INFO-train: Number of samples in train_dataloader: 2638
17:10:48-Concord-INFO-_run_epoch: Epoch  14 | Train Loss: 2.68, MSE: 0.00, CLASS: 0.00, CONTRAST: 2.68, IMPORTANCE: 0.00
17:10:48-Concord-INFO-_run_epoch: Epoch  14 | Train Loss: 2.68, MSE: 0.00, CLASS: 0.00, CONTRAST: 2.68, IMPORTANCE: 0.00
17:10:48-Concord-INFO-_run_epoch: Epoch  14 | Train Loss: 2.68, MSE: 0.00, CLASS: 0.00, CONTRAST: 2.68, IMPORTANCE: 0.00
17:10:48-Concord-INFO-_run_epoch: Epoch  14 | Train Loss: 2.68, MSE: 0.00, CLASS: 0.00, CONTRAST: 2.68, IMPORTANCE: 0.00
17:10:48-Concord-INFO-_run_epoch: Epoch  14 | Train Loss: 2.68, MSE: 0.00, CLASS: 0.00, CONTRAST: 2.68, IMPORTANCE: 0.00
17:10:48-Concord-INFO-_run_epoch: Epoch  14 | Train Loss: 2.68, MSE: 0.00, CLASS: 0.00, CONTRAST: 2.68, IMPORTANCE: 0.00
17:10:48-Concord-INFO-_run_epoch: Epoch  14 | Train Loss: 2.68, MSE: 0.00, CLASS: 0.00, CONTRAST: 2.68, IMPORTANCE: 0.00
17:10:48-Concord-INFO-save_model: Model saved to save/final_model_Apr17-1710.pt
17:10:48-Concord-INFO-save_model: Model saved to save/final_model_Apr17-1710.pt
17:10:48-Concord-INFO-save_model: Model saved to save/final_model_Apr17-1710.pt
17:10:48-Concord-INFO-save_model: Model saved to save/final_model_Apr17-1710.pt
17:10:48-Concord-INFO-save_model: Model saved to save/final_model_Apr17-1710.pt
17:10:48-Concord-INFO-save_model: Model saved to save/final_model_Apr17-1710.pt
17:10:48-Concord-INFO-save_model: Model saved to save/final_model_Apr17-1710.pt
17:10:48-Concord-INFO-train: Final model saved at: save/final_model_Apr17-1710.pt; Configuration saved at: save/config_Apr17-1710.json.
17:10:48-Concord-INFO-train: Final model saved at: save/final_model_Apr17-1710.pt; Configuration saved at: save/config_Apr17-1710.json.
17:10:48-Concord-INFO-train: Final model saved at: save/final_model_Apr17-1710.pt; Configuration saved at: save/config_Apr17-1710.json.
17:10:48-Concord-INFO-train: Final model saved at: save/final_model_Apr17-1710.pt; Configuration saved at: save/config_Apr17-1710.json.
17:10:48-Concord-INFO-train: Final model saved at: save/final_model_Apr17-1710.pt; Configuration saved at: save/config_Apr17-1710.json.
17:10:48-Concord-INFO-train: Final model saved at: save/final_model_Apr17-1710.pt; Configuration saved at: save/config_Apr17-1710.json.
17:10:48-Concord-INFO-train: Final model saved at: save/final_model_Apr17-1710.pt; Configuration saved at: save/config_Apr17-1710.json.
17:10:48-Concord-INFO-predict: Predicting for chunk 1/1
17:10:48-Concord-INFO-predict: Predicting for chunk 1/1
17:10:48-Concord-INFO-predict: Predicting for chunk 1/1
17:10:48-Concord-INFO-predict: Predicting for chunk 1/1
17:10:48-Concord-INFO-predict: Predicting for chunk 1/1
17:10:48-Concord-INFO-predict: Predicting for chunk 1/1
17:10:48-Concord-INFO-predict: Predicting for chunk 1/1
17:10:55-Concord-INFO-run_umap: UMAP embedding stored in adata.obsm['Concord_UMAP']
17:10:55-Concord-INFO-run_umap: UMAP embedding stored in adata.obsm['Concord_UMAP']
17:10:55-Concord-INFO-run_umap: UMAP embedding stored in adata.obsm['Concord_UMAP']
17:10:55-Concord-INFO-run_umap: UMAP embedding stored in adata.obsm['Concord_UMAP']
17:10:55-Concord-INFO-run_umap: UMAP embedding stored in adata.obsm['Concord_UMAP']
17:10:55-Concord-INFO-run_umap: UMAP embedding stored in adata.obsm['Concord_UMAP']
17:10:55-Concord-INFO-run_umap: UMAP embedding stored in adata.obsm['Concord_UMAP']
17:11:07-Concord-WARNING-__init__: domain/batch information not found, all samples will be treated as from single domain/batch.
17:11:07-Concord-WARNING-__init__: domain/batch information not found, all samples will be treated as from single domain/batch.
17:11:07-Concord-WARNING-__init__: domain/batch information not found, all samples will be treated as from single domain/batch.
17:11:07-Concord-WARNING-__init__: domain/batch information not found, all samples will be treated as from single domain/batch.
17:11:07-Concord-WARNING-__init__: domain/batch information not found, all samples will be treated as from single domain/batch.
17:11:07-Concord-WARNING-__init__: domain/batch information not found, all samples will be treated as from single domain/batch.
17:11:07-Concord-WARNING-__init__: domain/batch information not found, all samples will be treated as from single domain/batch.
17:11:07-Concord-WARNING-__init__: domain/batch information not found, all samples will be treated as from single domain/batch.
17:11:07-Concord-INFO-__init__: Encoder input dim: 1000
17:11:07-Concord-INFO-__init__: Encoder input dim: 1000
17:11:07-Concord-INFO-__init__: Encoder input dim: 1000
17:11:07-Concord-INFO-__init__: Encoder input dim: 1000
17:11:07-Concord-INFO-__init__: Encoder input dim: 1000
17:11:07-Concord-INFO-__init__: Encoder input dim: 1000
17:11:07-Concord-INFO-__init__: Encoder input dim: 1000
17:11:07-Concord-INFO-__init__: Encoder input dim: 1000
17:11:07-Concord-INFO-init_model: Model loaded to device: cpu
17:11:07-Concord-INFO-init_model: Model loaded to device: cpu
17:11:07-Concord-INFO-init_model: Model loaded to device: cpu
17:11:07-Concord-INFO-init_model: Model loaded to device: cpu
17:11:07-Concord-INFO-init_model: Model loaded to device: cpu
17:11:07-Concord-INFO-init_model: Model loaded to device: cpu
17:11:07-Concord-INFO-init_model: Model loaded to device: cpu
17:11:07-Concord-INFO-init_model: Model loaded to device: cpu
17:11:07-Concord-INFO-init_model: Total number of parameters: 1103308
17:11:07-Concord-INFO-init_model: Total number of parameters: 1103308
17:11:07-Concord-INFO-init_model: Total number of parameters: 1103308
17:11:07-Concord-INFO-init_model: Total number of parameters: 1103308
17:11:07-Concord-INFO-init_model: Total number of parameters: 1103308
17:11:07-Concord-INFO-init_model: Total number of parameters: 1103308
17:11:07-Concord-INFO-init_model: Total number of parameters: 1103308
17:11:07-Concord-INFO-init_model: Total number of parameters: 1103308
17:11:07-Concord-INFO-train: Starting epoch 1/15
17:11:07-Concord-INFO-train: Starting epoch 1/15
17:11:07-Concord-INFO-train: Starting epoch 1/15
17:11:07-Concord-INFO-train: Starting epoch 1/15
17:11:07-Concord-INFO-train: Starting epoch 1/15
17:11:07-Concord-INFO-train: Starting epoch 1/15
17:11:07-Concord-INFO-train: Starting epoch 1/15
17:11:07-Concord-INFO-train: Starting epoch 1/15
17:11:07-Concord-INFO-train: Processing chunk 1/1 for epoch 1
17:11:07-Concord-INFO-train: Processing chunk 1/1 for epoch 1
17:11:07-Concord-INFO-train: Processing chunk 1/1 for epoch 1
17:11:07-Concord-INFO-train: Processing chunk 1/1 for epoch 1
17:11:07-Concord-INFO-train: Processing chunk 1/1 for epoch 1
17:11:07-Concord-INFO-train: Processing chunk 1/1 for epoch 1
17:11:07-Concord-INFO-train: Processing chunk 1/1 for epoch 1
17:11:07-Concord-INFO-train: Processing chunk 1/1 for epoch 1
17:11:07-Concord-INFO-train: Number of samples in train_dataloader: 2638
17:11:07-Concord-INFO-train: Number of samples in train_dataloader: 2638
17:11:07-Concord-INFO-train: Number of samples in train_dataloader: 2638
17:11:07-Concord-INFO-train: Number of samples in train_dataloader: 2638
17:11:07-Concord-INFO-train: Number of samples in train_dataloader: 2638
17:11:07-Concord-INFO-train: Number of samples in train_dataloader: 2638
17:11:07-Concord-INFO-train: Number of samples in train_dataloader: 2638
17:11:07-Concord-INFO-train: Number of samples in train_dataloader: 2638
17:11:07-Concord-INFO-_run_epoch: Epoch   0 | Train Loss: 3.70, MSE: 0.00, CLASS: 0.00, CONTRAST: 3.70, IMPORTANCE: 0.00
17:11:07-Concord-INFO-_run_epoch: Epoch   0 | Train Loss: 3.70, MSE: 0.00, CLASS: 0.00, CONTRAST: 3.70, IMPORTANCE: 0.00
17:11:07-Concord-INFO-_run_epoch: Epoch   0 | Train Loss: 3.70, MSE: 0.00, CLASS: 0.00, CONTRAST: 3.70, IMPORTANCE: 0.00
17:11:07-Concord-INFO-_run_epoch: Epoch   0 | Train Loss: 3.70, MSE: 0.00, CLASS: 0.00, CONTRAST: 3.70, IMPORTANCE: 0.00
17:11:07-Concord-INFO-_run_epoch: Epoch   0 | Train Loss: 3.70, MSE: 0.00, CLASS: 0.00, CONTRAST: 3.70, IMPORTANCE: 0.00
17:11:07-Concord-INFO-_run_epoch: Epoch   0 | Train Loss: 3.70, MSE: 0.00, CLASS: 0.00, CONTRAST: 3.70, IMPORTANCE: 0.00
17:11:07-Concord-INFO-_run_epoch: Epoch   0 | Train Loss: 3.70, MSE: 0.00, CLASS: 0.00, CONTRAST: 3.70, IMPORTANCE: 0.00
17:11:07-Concord-INFO-_run_epoch: Epoch   0 | Train Loss: 3.70, MSE: 0.00, CLASS: 0.00, CONTRAST: 3.70, IMPORTANCE: 0.00
17:11:07-Concord-INFO-train: Starting epoch 2/15
17:11:07-Concord-INFO-train: Starting epoch 2/15
17:11:07-Concord-INFO-train: Starting epoch 2/15
17:11:07-Concord-INFO-train: Starting epoch 2/15
17:11:07-Concord-INFO-train: Starting epoch 2/15
17:11:07-Concord-INFO-train: Starting epoch 2/15
17:11:07-Concord-INFO-train: Starting epoch 2/15
17:11:07-Concord-INFO-train: Starting epoch 2/15
17:11:07-Concord-INFO-train: Processing chunk 1/1 for epoch 2
17:11:07-Concord-INFO-train: Processing chunk 1/1 for epoch 2
17:11:07-Concord-INFO-train: Processing chunk 1/1 for epoch 2
17:11:07-Concord-INFO-train: Processing chunk 1/1 for epoch 2
17:11:07-Concord-INFO-train: Processing chunk 1/1 for epoch 2
17:11:07-Concord-INFO-train: Processing chunk 1/1 for epoch 2
17:11:07-Concord-INFO-train: Processing chunk 1/1 for epoch 2
17:11:07-Concord-INFO-train: Processing chunk 1/1 for epoch 2
17:11:07-Concord-INFO-train: Number of samples in train_dataloader: 2638
17:11:07-Concord-INFO-train: Number of samples in train_dataloader: 2638
17:11:07-Concord-INFO-train: Number of samples in train_dataloader: 2638
17:11:07-Concord-INFO-train: Number of samples in train_dataloader: 2638
17:11:07-Concord-INFO-train: Number of samples in train_dataloader: 2638
17:11:07-Concord-INFO-train: Number of samples in train_dataloader: 2638
17:11:07-Concord-INFO-train: Number of samples in train_dataloader: 2638
17:11:07-Concord-INFO-train: Number of samples in train_dataloader: 2638
17:11:08-Concord-INFO-_run_epoch: Epoch   1 | Train Loss: 3.33, MSE: 0.00, CLASS: 0.00, CONTRAST: 3.33, IMPORTANCE: 0.00
17:11:08-Concord-INFO-_run_epoch: Epoch   1 | Train Loss: 3.33, MSE: 0.00, CLASS: 0.00, CONTRAST: 3.33, IMPORTANCE: 0.00
17:11:08-Concord-INFO-_run_epoch: Epoch   1 | Train Loss: 3.33, MSE: 0.00, CLASS: 0.00, CONTRAST: 3.33, IMPORTANCE: 0.00
17:11:08-Concord-INFO-_run_epoch: Epoch   1 | Train Loss: 3.33, MSE: 0.00, CLASS: 0.00, CONTRAST: 3.33, IMPORTANCE: 0.00
17:11:08-Concord-INFO-_run_epoch: Epoch   1 | Train Loss: 3.33, MSE: 0.00, CLASS: 0.00, CONTRAST: 3.33, IMPORTANCE: 0.00
17:11:08-Concord-INFO-_run_epoch: Epoch   1 | Train Loss: 3.33, MSE: 0.00, CLASS: 0.00, CONTRAST: 3.33, IMPORTANCE: 0.00
17:11:08-Concord-INFO-_run_epoch: Epoch   1 | Train Loss: 3.33, MSE: 0.00, CLASS: 0.00, CONTRAST: 3.33, IMPORTANCE: 0.00
17:11:08-Concord-INFO-_run_epoch: Epoch   1 | Train Loss: 3.33, MSE: 0.00, CLASS: 0.00, CONTRAST: 3.33, IMPORTANCE: 0.00
17:11:08-Concord-INFO-train: Starting epoch 3/15
17:11:08-Concord-INFO-train: Starting epoch 3/15
17:11:08-Concord-INFO-train: Starting epoch 3/15
17:11:08-Concord-INFO-train: Starting epoch 3/15
17:11:08-Concord-INFO-train: Starting epoch 3/15
17:11:08-Concord-INFO-train: Starting epoch 3/15
17:11:08-Concord-INFO-train: Starting epoch 3/15
17:11:08-Concord-INFO-train: Starting epoch 3/15
17:11:08-Concord-INFO-train: Processing chunk 1/1 for epoch 3
17:11:08-Concord-INFO-train: Processing chunk 1/1 for epoch 3
17:11:08-Concord-INFO-train: Processing chunk 1/1 for epoch 3
17:11:08-Concord-INFO-train: Processing chunk 1/1 for epoch 3
17:11:08-Concord-INFO-train: Processing chunk 1/1 for epoch 3
17:11:08-Concord-INFO-train: Processing chunk 1/1 for epoch 3
17:11:08-Concord-INFO-train: Processing chunk 1/1 for epoch 3
17:11:08-Concord-INFO-train: Processing chunk 1/1 for epoch 3
17:11:08-Concord-INFO-train: Number of samples in train_dataloader: 2638
17:11:08-Concord-INFO-train: Number of samples in train_dataloader: 2638
17:11:08-Concord-INFO-train: Number of samples in train_dataloader: 2638
17:11:08-Concord-INFO-train: Number of samples in train_dataloader: 2638
17:11:08-Concord-INFO-train: Number of samples in train_dataloader: 2638
17:11:08-Concord-INFO-train: Number of samples in train_dataloader: 2638
17:11:08-Concord-INFO-train: Number of samples in train_dataloader: 2638
17:11:08-Concord-INFO-train: Number of samples in train_dataloader: 2638
17:11:08-Concord-INFO-_run_epoch: Epoch   2 | Train Loss: 3.14, MSE: 0.00, CLASS: 0.00, CONTRAST: 3.14, IMPORTANCE: 0.00
17:11:08-Concord-INFO-_run_epoch: Epoch   2 | Train Loss: 3.14, MSE: 0.00, CLASS: 0.00, CONTRAST: 3.14, IMPORTANCE: 0.00
17:11:08-Concord-INFO-_run_epoch: Epoch   2 | Train Loss: 3.14, MSE: 0.00, CLASS: 0.00, CONTRAST: 3.14, IMPORTANCE: 0.00
17:11:08-Concord-INFO-_run_epoch: Epoch   2 | Train Loss: 3.14, MSE: 0.00, CLASS: 0.00, CONTRAST: 3.14, IMPORTANCE: 0.00
17:11:08-Concord-INFO-_run_epoch: Epoch   2 | Train Loss: 3.14, MSE: 0.00, CLASS: 0.00, CONTRAST: 3.14, IMPORTANCE: 0.00
17:11:08-Concord-INFO-_run_epoch: Epoch   2 | Train Loss: 3.14, MSE: 0.00, CLASS: 0.00, CONTRAST: 3.14, IMPORTANCE: 0.00
17:11:08-Concord-INFO-_run_epoch: Epoch   2 | Train Loss: 3.14, MSE: 0.00, CLASS: 0.00, CONTRAST: 3.14, IMPORTANCE: 0.00
17:11:08-Concord-INFO-_run_epoch: Epoch   2 | Train Loss: 3.14, MSE: 0.00, CLASS: 0.00, CONTRAST: 3.14, IMPORTANCE: 0.00
17:11:08-Concord-INFO-train: Starting epoch 4/15
17:11:08-Concord-INFO-train: Starting epoch 4/15
17:11:08-Concord-INFO-train: Starting epoch 4/15
17:11:08-Concord-INFO-train: Starting epoch 4/15
17:11:08-Concord-INFO-train: Starting epoch 4/15
17:11:08-Concord-INFO-train: Starting epoch 4/15
17:11:08-Concord-INFO-train: Starting epoch 4/15
17:11:08-Concord-INFO-train: Starting epoch 4/15
17:11:08-Concord-INFO-train: Processing chunk 1/1 for epoch 4
17:11:08-Concord-INFO-train: Processing chunk 1/1 for epoch 4
17:11:08-Concord-INFO-train: Processing chunk 1/1 for epoch 4
17:11:08-Concord-INFO-train: Processing chunk 1/1 for epoch 4
17:11:08-Concord-INFO-train: Processing chunk 1/1 for epoch 4
17:11:08-Concord-INFO-train: Processing chunk 1/1 for epoch 4
17:11:08-Concord-INFO-train: Processing chunk 1/1 for epoch 4
17:11:08-Concord-INFO-train: Processing chunk 1/1 for epoch 4
17:11:08-Concord-INFO-train: Number of samples in train_dataloader: 2638
17:11:08-Concord-INFO-train: Number of samples in train_dataloader: 2638
17:11:08-Concord-INFO-train: Number of samples in train_dataloader: 2638
17:11:08-Concord-INFO-train: Number of samples in train_dataloader: 2638
17:11:08-Concord-INFO-train: Number of samples in train_dataloader: 2638
17:11:08-Concord-INFO-train: Number of samples in train_dataloader: 2638
17:11:08-Concord-INFO-train: Number of samples in train_dataloader: 2638
17:11:08-Concord-INFO-train: Number of samples in train_dataloader: 2638
17:11:09-Concord-INFO-_run_epoch: Epoch   3 | Train Loss: 3.01, MSE: 0.00, CLASS: 0.00, CONTRAST: 3.01, IMPORTANCE: 0.00
17:11:09-Concord-INFO-_run_epoch: Epoch   3 | Train Loss: 3.01, MSE: 0.00, CLASS: 0.00, CONTRAST: 3.01, IMPORTANCE: 0.00
17:11:09-Concord-INFO-_run_epoch: Epoch   3 | Train Loss: 3.01, MSE: 0.00, CLASS: 0.00, CONTRAST: 3.01, IMPORTANCE: 0.00
17:11:09-Concord-INFO-_run_epoch: Epoch   3 | Train Loss: 3.01, MSE: 0.00, CLASS: 0.00, CONTRAST: 3.01, IMPORTANCE: 0.00
17:11:09-Concord-INFO-_run_epoch: Epoch   3 | Train Loss: 3.01, MSE: 0.00, CLASS: 0.00, CONTRAST: 3.01, IMPORTANCE: 0.00
17:11:09-Concord-INFO-_run_epoch: Epoch   3 | Train Loss: 3.01, MSE: 0.00, CLASS: 0.00, CONTRAST: 3.01, IMPORTANCE: 0.00
17:11:09-Concord-INFO-_run_epoch: Epoch   3 | Train Loss: 3.01, MSE: 0.00, CLASS: 0.00, CONTRAST: 3.01, IMPORTANCE: 0.00
17:11:09-Concord-INFO-_run_epoch: Epoch   3 | Train Loss: 3.01, MSE: 0.00, CLASS: 0.00, CONTRAST: 3.01, IMPORTANCE: 0.00
17:11:09-Concord-INFO-train: Starting epoch 5/15
17:11:09-Concord-INFO-train: Starting epoch 5/15
17:11:09-Concord-INFO-train: Starting epoch 5/15
17:11:09-Concord-INFO-train: Starting epoch 5/15
17:11:09-Concord-INFO-train: Starting epoch 5/15
17:11:09-Concord-INFO-train: Starting epoch 5/15
17:11:09-Concord-INFO-train: Starting epoch 5/15
17:11:09-Concord-INFO-train: Starting epoch 5/15
17:11:09-Concord-INFO-train: Processing chunk 1/1 for epoch 5
17:11:09-Concord-INFO-train: Processing chunk 1/1 for epoch 5
17:11:09-Concord-INFO-train: Processing chunk 1/1 for epoch 5
17:11:09-Concord-INFO-train: Processing chunk 1/1 for epoch 5
17:11:09-Concord-INFO-train: Processing chunk 1/1 for epoch 5
17:11:09-Concord-INFO-train: Processing chunk 1/1 for epoch 5
17:11:09-Concord-INFO-train: Processing chunk 1/1 for epoch 5
17:11:09-Concord-INFO-train: Processing chunk 1/1 for epoch 5
17:11:09-Concord-INFO-train: Number of samples in train_dataloader: 2638
17:11:09-Concord-INFO-train: Number of samples in train_dataloader: 2638
17:11:09-Concord-INFO-train: Number of samples in train_dataloader: 2638
17:11:09-Concord-INFO-train: Number of samples in train_dataloader: 2638
17:11:09-Concord-INFO-train: Number of samples in train_dataloader: 2638
17:11:09-Concord-INFO-train: Number of samples in train_dataloader: 2638
17:11:09-Concord-INFO-train: Number of samples in train_dataloader: 2638
17:11:09-Concord-INFO-train: Number of samples in train_dataloader: 2638
17:11:09-Concord-INFO-_run_epoch: Epoch   4 | Train Loss: 2.97, MSE: 0.00, CLASS: 0.00, CONTRAST: 2.97, IMPORTANCE: 0.00
17:11:09-Concord-INFO-_run_epoch: Epoch   4 | Train Loss: 2.97, MSE: 0.00, CLASS: 0.00, CONTRAST: 2.97, IMPORTANCE: 0.00
17:11:09-Concord-INFO-_run_epoch: Epoch   4 | Train Loss: 2.97, MSE: 0.00, CLASS: 0.00, CONTRAST: 2.97, IMPORTANCE: 0.00
17:11:09-Concord-INFO-_run_epoch: Epoch   4 | Train Loss: 2.97, MSE: 0.00, CLASS: 0.00, CONTRAST: 2.97, IMPORTANCE: 0.00
17:11:09-Concord-INFO-_run_epoch: Epoch   4 | Train Loss: 2.97, MSE: 0.00, CLASS: 0.00, CONTRAST: 2.97, IMPORTANCE: 0.00
17:11:09-Concord-INFO-_run_epoch: Epoch   4 | Train Loss: 2.97, MSE: 0.00, CLASS: 0.00, CONTRAST: 2.97, IMPORTANCE: 0.00
17:11:09-Concord-INFO-_run_epoch: Epoch   4 | Train Loss: 2.97, MSE: 0.00, CLASS: 0.00, CONTRAST: 2.97, IMPORTANCE: 0.00
17:11:09-Concord-INFO-_run_epoch: Epoch   4 | Train Loss: 2.97, MSE: 0.00, CLASS: 0.00, CONTRAST: 2.97, IMPORTANCE: 0.00
17:11:09-Concord-INFO-train: Starting epoch 6/15
17:11:09-Concord-INFO-train: Starting epoch 6/15
17:11:09-Concord-INFO-train: Starting epoch 6/15
17:11:09-Concord-INFO-train: Starting epoch 6/15
17:11:09-Concord-INFO-train: Starting epoch 6/15
17:11:09-Concord-INFO-train: Starting epoch 6/15
17:11:09-Concord-INFO-train: Starting epoch 6/15
17:11:09-Concord-INFO-train: Starting epoch 6/15
17:11:09-Concord-INFO-train: Processing chunk 1/1 for epoch 6
17:11:09-Concord-INFO-train: Processing chunk 1/1 for epoch 6
17:11:09-Concord-INFO-train: Processing chunk 1/1 for epoch 6
17:11:09-Concord-INFO-train: Processing chunk 1/1 for epoch 6
17:11:09-Concord-INFO-train: Processing chunk 1/1 for epoch 6
17:11:09-Concord-INFO-train: Processing chunk 1/1 for epoch 6
17:11:09-Concord-INFO-train: Processing chunk 1/1 for epoch 6
17:11:09-Concord-INFO-train: Processing chunk 1/1 for epoch 6
17:11:09-Concord-INFO-train: Number of samples in train_dataloader: 2638
17:11:09-Concord-INFO-train: Number of samples in train_dataloader: 2638
17:11:09-Concord-INFO-train: Number of samples in train_dataloader: 2638
17:11:09-Concord-INFO-train: Number of samples in train_dataloader: 2638
17:11:09-Concord-INFO-train: Number of samples in train_dataloader: 2638
17:11:09-Concord-INFO-train: Number of samples in train_dataloader: 2638
17:11:09-Concord-INFO-train: Number of samples in train_dataloader: 2638
17:11:09-Concord-INFO-train: Number of samples in train_dataloader: 2638
17:11:10-Concord-INFO-_run_epoch: Epoch   5 | Train Loss: 2.87, MSE: 0.00, CLASS: 0.00, CONTRAST: 2.87, IMPORTANCE: 0.00
17:11:10-Concord-INFO-_run_epoch: Epoch   5 | Train Loss: 2.87, MSE: 0.00, CLASS: 0.00, CONTRAST: 2.87, IMPORTANCE: 0.00
17:11:10-Concord-INFO-_run_epoch: Epoch   5 | Train Loss: 2.87, MSE: 0.00, CLASS: 0.00, CONTRAST: 2.87, IMPORTANCE: 0.00
17:11:10-Concord-INFO-_run_epoch: Epoch   5 | Train Loss: 2.87, MSE: 0.00, CLASS: 0.00, CONTRAST: 2.87, IMPORTANCE: 0.00
17:11:10-Concord-INFO-_run_epoch: Epoch   5 | Train Loss: 2.87, MSE: 0.00, CLASS: 0.00, CONTRAST: 2.87, IMPORTANCE: 0.00
17:11:10-Concord-INFO-_run_epoch: Epoch   5 | Train Loss: 2.87, MSE: 0.00, CLASS: 0.00, CONTRAST: 2.87, IMPORTANCE: 0.00
17:11:10-Concord-INFO-_run_epoch: Epoch   5 | Train Loss: 2.87, MSE: 0.00, CLASS: 0.00, CONTRAST: 2.87, IMPORTANCE: 0.00
17:11:10-Concord-INFO-_run_epoch: Epoch   5 | Train Loss: 2.87, MSE: 0.00, CLASS: 0.00, CONTRAST: 2.87, IMPORTANCE: 0.00
17:11:10-Concord-INFO-train: Starting epoch 7/15
17:11:10-Concord-INFO-train: Starting epoch 7/15
17:11:10-Concord-INFO-train: Starting epoch 7/15
17:11:10-Concord-INFO-train: Starting epoch 7/15
17:11:10-Concord-INFO-train: Starting epoch 7/15
17:11:10-Concord-INFO-train: Starting epoch 7/15
17:11:10-Concord-INFO-train: Starting epoch 7/15
17:11:10-Concord-INFO-train: Starting epoch 7/15
17:11:10-Concord-INFO-train: Processing chunk 1/1 for epoch 7
17:11:10-Concord-INFO-train: Processing chunk 1/1 for epoch 7
17:11:10-Concord-INFO-train: Processing chunk 1/1 for epoch 7
17:11:10-Concord-INFO-train: Processing chunk 1/1 for epoch 7
17:11:10-Concord-INFO-train: Processing chunk 1/1 for epoch 7
17:11:10-Concord-INFO-train: Processing chunk 1/1 for epoch 7
17:11:10-Concord-INFO-train: Processing chunk 1/1 for epoch 7
17:11:10-Concord-INFO-train: Processing chunk 1/1 for epoch 7
17:11:10-Concord-INFO-train: Number of samples in train_dataloader: 2638
17:11:10-Concord-INFO-train: Number of samples in train_dataloader: 2638
17:11:10-Concord-INFO-train: Number of samples in train_dataloader: 2638
17:11:10-Concord-INFO-train: Number of samples in train_dataloader: 2638
17:11:10-Concord-INFO-train: Number of samples in train_dataloader: 2638
17:11:10-Concord-INFO-train: Number of samples in train_dataloader: 2638
17:11:10-Concord-INFO-train: Number of samples in train_dataloader: 2638
17:11:10-Concord-INFO-train: Number of samples in train_dataloader: 2638
17:11:10-Concord-INFO-_run_epoch: Epoch   6 | Train Loss: 2.85, MSE: 0.00, CLASS: 0.00, CONTRAST: 2.85, IMPORTANCE: 0.00
17:11:10-Concord-INFO-_run_epoch: Epoch   6 | Train Loss: 2.85, MSE: 0.00, CLASS: 0.00, CONTRAST: 2.85, IMPORTANCE: 0.00
17:11:10-Concord-INFO-_run_epoch: Epoch   6 | Train Loss: 2.85, MSE: 0.00, CLASS: 0.00, CONTRAST: 2.85, IMPORTANCE: 0.00
17:11:10-Concord-INFO-_run_epoch: Epoch   6 | Train Loss: 2.85, MSE: 0.00, CLASS: 0.00, CONTRAST: 2.85, IMPORTANCE: 0.00
17:11:10-Concord-INFO-_run_epoch: Epoch   6 | Train Loss: 2.85, MSE: 0.00, CLASS: 0.00, CONTRAST: 2.85, IMPORTANCE: 0.00
17:11:10-Concord-INFO-_run_epoch: Epoch   6 | Train Loss: 2.85, MSE: 0.00, CLASS: 0.00, CONTRAST: 2.85, IMPORTANCE: 0.00
17:11:10-Concord-INFO-_run_epoch: Epoch   6 | Train Loss: 2.85, MSE: 0.00, CLASS: 0.00, CONTRAST: 2.85, IMPORTANCE: 0.00
17:11:10-Concord-INFO-_run_epoch: Epoch   6 | Train Loss: 2.85, MSE: 0.00, CLASS: 0.00, CONTRAST: 2.85, IMPORTANCE: 0.00
17:11:10-Concord-INFO-train: Starting epoch 8/15
17:11:10-Concord-INFO-train: Starting epoch 8/15
17:11:10-Concord-INFO-train: Starting epoch 8/15
17:11:10-Concord-INFO-train: Starting epoch 8/15
17:11:10-Concord-INFO-train: Starting epoch 8/15
17:11:10-Concord-INFO-train: Starting epoch 8/15
17:11:10-Concord-INFO-train: Starting epoch 8/15
17:11:10-Concord-INFO-train: Starting epoch 8/15
17:11:10-Concord-INFO-train: Processing chunk 1/1 for epoch 8
17:11:10-Concord-INFO-train: Processing chunk 1/1 for epoch 8
17:11:10-Concord-INFO-train: Processing chunk 1/1 for epoch 8
17:11:10-Concord-INFO-train: Processing chunk 1/1 for epoch 8
17:11:10-Concord-INFO-train: Processing chunk 1/1 for epoch 8
17:11:10-Concord-INFO-train: Processing chunk 1/1 for epoch 8
17:11:10-Concord-INFO-train: Processing chunk 1/1 for epoch 8
17:11:10-Concord-INFO-train: Processing chunk 1/1 for epoch 8
17:11:10-Concord-INFO-train: Number of samples in train_dataloader: 2638
17:11:10-Concord-INFO-train: Number of samples in train_dataloader: 2638
17:11:10-Concord-INFO-train: Number of samples in train_dataloader: 2638
17:11:10-Concord-INFO-train: Number of samples in train_dataloader: 2638
17:11:10-Concord-INFO-train: Number of samples in train_dataloader: 2638
17:11:10-Concord-INFO-train: Number of samples in train_dataloader: 2638
17:11:10-Concord-INFO-train: Number of samples in train_dataloader: 2638
17:11:10-Concord-INFO-train: Number of samples in train_dataloader: 2638
17:11:11-Concord-INFO-_run_epoch: Epoch   7 | Train Loss: 2.85, MSE: 0.00, CLASS: 0.00, CONTRAST: 2.85, IMPORTANCE: 0.00
17:11:11-Concord-INFO-_run_epoch: Epoch   7 | Train Loss: 2.85, MSE: 0.00, CLASS: 0.00, CONTRAST: 2.85, IMPORTANCE: 0.00
17:11:11-Concord-INFO-_run_epoch: Epoch   7 | Train Loss: 2.85, MSE: 0.00, CLASS: 0.00, CONTRAST: 2.85, IMPORTANCE: 0.00
17:11:11-Concord-INFO-_run_epoch: Epoch   7 | Train Loss: 2.85, MSE: 0.00, CLASS: 0.00, CONTRAST: 2.85, IMPORTANCE: 0.00
17:11:11-Concord-INFO-_run_epoch: Epoch   7 | Train Loss: 2.85, MSE: 0.00, CLASS: 0.00, CONTRAST: 2.85, IMPORTANCE: 0.00
17:11:11-Concord-INFO-_run_epoch: Epoch   7 | Train Loss: 2.85, MSE: 0.00, CLASS: 0.00, CONTRAST: 2.85, IMPORTANCE: 0.00
17:11:11-Concord-INFO-_run_epoch: Epoch   7 | Train Loss: 2.85, MSE: 0.00, CLASS: 0.00, CONTRAST: 2.85, IMPORTANCE: 0.00
17:11:11-Concord-INFO-_run_epoch: Epoch   7 | Train Loss: 2.85, MSE: 0.00, CLASS: 0.00, CONTRAST: 2.85, IMPORTANCE: 0.00
17:11:11-Concord-INFO-train: Starting epoch 9/15
17:11:11-Concord-INFO-train: Starting epoch 9/15
17:11:11-Concord-INFO-train: Starting epoch 9/15
17:11:11-Concord-INFO-train: Starting epoch 9/15
17:11:11-Concord-INFO-train: Starting epoch 9/15
17:11:11-Concord-INFO-train: Starting epoch 9/15
17:11:11-Concord-INFO-train: Starting epoch 9/15
17:11:11-Concord-INFO-train: Starting epoch 9/15
17:11:11-Concord-INFO-train: Processing chunk 1/1 for epoch 9
17:11:11-Concord-INFO-train: Processing chunk 1/1 for epoch 9
17:11:11-Concord-INFO-train: Processing chunk 1/1 for epoch 9
17:11:11-Concord-INFO-train: Processing chunk 1/1 for epoch 9
17:11:11-Concord-INFO-train: Processing chunk 1/1 for epoch 9
17:11:11-Concord-INFO-train: Processing chunk 1/1 for epoch 9
17:11:11-Concord-INFO-train: Processing chunk 1/1 for epoch 9
17:11:11-Concord-INFO-train: Processing chunk 1/1 for epoch 9
17:11:11-Concord-INFO-train: Number of samples in train_dataloader: 2638
17:11:11-Concord-INFO-train: Number of samples in train_dataloader: 2638
17:11:11-Concord-INFO-train: Number of samples in train_dataloader: 2638
17:11:11-Concord-INFO-train: Number of samples in train_dataloader: 2638
17:11:11-Concord-INFO-train: Number of samples in train_dataloader: 2638
17:11:11-Concord-INFO-train: Number of samples in train_dataloader: 2638
17:11:11-Concord-INFO-train: Number of samples in train_dataloader: 2638
17:11:11-Concord-INFO-train: Number of samples in train_dataloader: 2638
17:11:11-Concord-INFO-_run_epoch: Epoch   8 | Train Loss: 2.79, MSE: 0.00, CLASS: 0.00, CONTRAST: 2.79, IMPORTANCE: 0.00
17:11:11-Concord-INFO-_run_epoch: Epoch   8 | Train Loss: 2.79, MSE: 0.00, CLASS: 0.00, CONTRAST: 2.79, IMPORTANCE: 0.00
17:11:11-Concord-INFO-_run_epoch: Epoch   8 | Train Loss: 2.79, MSE: 0.00, CLASS: 0.00, CONTRAST: 2.79, IMPORTANCE: 0.00
17:11:11-Concord-INFO-_run_epoch: Epoch   8 | Train Loss: 2.79, MSE: 0.00, CLASS: 0.00, CONTRAST: 2.79, IMPORTANCE: 0.00
17:11:11-Concord-INFO-_run_epoch: Epoch   8 | Train Loss: 2.79, MSE: 0.00, CLASS: 0.00, CONTRAST: 2.79, IMPORTANCE: 0.00
17:11:11-Concord-INFO-_run_epoch: Epoch   8 | Train Loss: 2.79, MSE: 0.00, CLASS: 0.00, CONTRAST: 2.79, IMPORTANCE: 0.00
17:11:11-Concord-INFO-_run_epoch: Epoch   8 | Train Loss: 2.79, MSE: 0.00, CLASS: 0.00, CONTRAST: 2.79, IMPORTANCE: 0.00
17:11:11-Concord-INFO-_run_epoch: Epoch   8 | Train Loss: 2.79, MSE: 0.00, CLASS: 0.00, CONTRAST: 2.79, IMPORTANCE: 0.00
17:11:11-Concord-INFO-train: Starting epoch 10/15
17:11:11-Concord-INFO-train: Starting epoch 10/15
17:11:11-Concord-INFO-train: Starting epoch 10/15
17:11:11-Concord-INFO-train: Starting epoch 10/15
17:11:11-Concord-INFO-train: Starting epoch 10/15
17:11:11-Concord-INFO-train: Starting epoch 10/15
17:11:11-Concord-INFO-train: Starting epoch 10/15
17:11:11-Concord-INFO-train: Starting epoch 10/15
17:11:11-Concord-INFO-train: Processing chunk 1/1 for epoch 10
17:11:11-Concord-INFO-train: Processing chunk 1/1 for epoch 10
17:11:11-Concord-INFO-train: Processing chunk 1/1 for epoch 10
17:11:11-Concord-INFO-train: Processing chunk 1/1 for epoch 10
17:11:11-Concord-INFO-train: Processing chunk 1/1 for epoch 10
17:11:11-Concord-INFO-train: Processing chunk 1/1 for epoch 10
17:11:11-Concord-INFO-train: Processing chunk 1/1 for epoch 10
17:11:11-Concord-INFO-train: Processing chunk 1/1 for epoch 10
17:11:11-Concord-INFO-train: Number of samples in train_dataloader: 2638
17:11:11-Concord-INFO-train: Number of samples in train_dataloader: 2638
17:11:11-Concord-INFO-train: Number of samples in train_dataloader: 2638
17:11:11-Concord-INFO-train: Number of samples in train_dataloader: 2638
17:11:11-Concord-INFO-train: Number of samples in train_dataloader: 2638
17:11:11-Concord-INFO-train: Number of samples in train_dataloader: 2638
17:11:11-Concord-INFO-train: Number of samples in train_dataloader: 2638
17:11:11-Concord-INFO-train: Number of samples in train_dataloader: 2638
17:11:12-Concord-INFO-_run_epoch: Epoch   9 | Train Loss: 2.76, MSE: 0.00, CLASS: 0.00, CONTRAST: 2.76, IMPORTANCE: 0.00
17:11:12-Concord-INFO-_run_epoch: Epoch   9 | Train Loss: 2.76, MSE: 0.00, CLASS: 0.00, CONTRAST: 2.76, IMPORTANCE: 0.00
17:11:12-Concord-INFO-_run_epoch: Epoch   9 | Train Loss: 2.76, MSE: 0.00, CLASS: 0.00, CONTRAST: 2.76, IMPORTANCE: 0.00
17:11:12-Concord-INFO-_run_epoch: Epoch   9 | Train Loss: 2.76, MSE: 0.00, CLASS: 0.00, CONTRAST: 2.76, IMPORTANCE: 0.00
17:11:12-Concord-INFO-_run_epoch: Epoch   9 | Train Loss: 2.76, MSE: 0.00, CLASS: 0.00, CONTRAST: 2.76, IMPORTANCE: 0.00
17:11:12-Concord-INFO-_run_epoch: Epoch   9 | Train Loss: 2.76, MSE: 0.00, CLASS: 0.00, CONTRAST: 2.76, IMPORTANCE: 0.00
17:11:12-Concord-INFO-_run_epoch: Epoch   9 | Train Loss: 2.76, MSE: 0.00, CLASS: 0.00, CONTRAST: 2.76, IMPORTANCE: 0.00
17:11:12-Concord-INFO-_run_epoch: Epoch   9 | Train Loss: 2.76, MSE: 0.00, CLASS: 0.00, CONTRAST: 2.76, IMPORTANCE: 0.00
17:11:12-Concord-INFO-train: Starting epoch 11/15
17:11:12-Concord-INFO-train: Starting epoch 11/15
17:11:12-Concord-INFO-train: Starting epoch 11/15
17:11:12-Concord-INFO-train: Starting epoch 11/15
17:11:12-Concord-INFO-train: Starting epoch 11/15
17:11:12-Concord-INFO-train: Starting epoch 11/15
17:11:12-Concord-INFO-train: Starting epoch 11/15
17:11:12-Concord-INFO-train: Starting epoch 11/15
17:11:12-Concord-INFO-train: Processing chunk 1/1 for epoch 11
17:11:12-Concord-INFO-train: Processing chunk 1/1 for epoch 11
17:11:12-Concord-INFO-train: Processing chunk 1/1 for epoch 11
17:11:12-Concord-INFO-train: Processing chunk 1/1 for epoch 11
17:11:12-Concord-INFO-train: Processing chunk 1/1 for epoch 11
17:11:12-Concord-INFO-train: Processing chunk 1/1 for epoch 11
17:11:12-Concord-INFO-train: Processing chunk 1/1 for epoch 11
17:11:12-Concord-INFO-train: Processing chunk 1/1 for epoch 11
17:11:12-Concord-INFO-train: Number of samples in train_dataloader: 2638
17:11:12-Concord-INFO-train: Number of samples in train_dataloader: 2638
17:11:12-Concord-INFO-train: Number of samples in train_dataloader: 2638
17:11:12-Concord-INFO-train: Number of samples in train_dataloader: 2638
17:11:12-Concord-INFO-train: Number of samples in train_dataloader: 2638
17:11:12-Concord-INFO-train: Number of samples in train_dataloader: 2638
17:11:12-Concord-INFO-train: Number of samples in train_dataloader: 2638
17:11:12-Concord-INFO-train: Number of samples in train_dataloader: 2638
17:11:12-Concord-INFO-_run_epoch: Epoch  10 | Train Loss: 2.72, MSE: 0.00, CLASS: 0.00, CONTRAST: 2.72, IMPORTANCE: 0.00
17:11:12-Concord-INFO-_run_epoch: Epoch  10 | Train Loss: 2.72, MSE: 0.00, CLASS: 0.00, CONTRAST: 2.72, IMPORTANCE: 0.00
17:11:12-Concord-INFO-_run_epoch: Epoch  10 | Train Loss: 2.72, MSE: 0.00, CLASS: 0.00, CONTRAST: 2.72, IMPORTANCE: 0.00
17:11:12-Concord-INFO-_run_epoch: Epoch  10 | Train Loss: 2.72, MSE: 0.00, CLASS: 0.00, CONTRAST: 2.72, IMPORTANCE: 0.00
17:11:12-Concord-INFO-_run_epoch: Epoch  10 | Train Loss: 2.72, MSE: 0.00, CLASS: 0.00, CONTRAST: 2.72, IMPORTANCE: 0.00
17:11:12-Concord-INFO-_run_epoch: Epoch  10 | Train Loss: 2.72, MSE: 0.00, CLASS: 0.00, CONTRAST: 2.72, IMPORTANCE: 0.00
17:11:12-Concord-INFO-_run_epoch: Epoch  10 | Train Loss: 2.72, MSE: 0.00, CLASS: 0.00, CONTRAST: 2.72, IMPORTANCE: 0.00
17:11:12-Concord-INFO-_run_epoch: Epoch  10 | Train Loss: 2.72, MSE: 0.00, CLASS: 0.00, CONTRAST: 2.72, IMPORTANCE: 0.00
17:11:12-Concord-INFO-train: Starting epoch 12/15
17:11:12-Concord-INFO-train: Starting epoch 12/15
17:11:12-Concord-INFO-train: Starting epoch 12/15
17:11:12-Concord-INFO-train: Starting epoch 12/15
17:11:12-Concord-INFO-train: Starting epoch 12/15
17:11:12-Concord-INFO-train: Starting epoch 12/15
17:11:12-Concord-INFO-train: Starting epoch 12/15
17:11:12-Concord-INFO-train: Starting epoch 12/15
17:11:12-Concord-INFO-train: Processing chunk 1/1 for epoch 12
17:11:12-Concord-INFO-train: Processing chunk 1/1 for epoch 12
17:11:12-Concord-INFO-train: Processing chunk 1/1 for epoch 12
17:11:12-Concord-INFO-train: Processing chunk 1/1 for epoch 12
17:11:12-Concord-INFO-train: Processing chunk 1/1 for epoch 12
17:11:12-Concord-INFO-train: Processing chunk 1/1 for epoch 12
17:11:12-Concord-INFO-train: Processing chunk 1/1 for epoch 12
17:11:12-Concord-INFO-train: Processing chunk 1/1 for epoch 12
17:11:12-Concord-INFO-train: Number of samples in train_dataloader: 2638
17:11:12-Concord-INFO-train: Number of samples in train_dataloader: 2638
17:11:12-Concord-INFO-train: Number of samples in train_dataloader: 2638
17:11:12-Concord-INFO-train: Number of samples in train_dataloader: 2638
17:11:12-Concord-INFO-train: Number of samples in train_dataloader: 2638
17:11:12-Concord-INFO-train: Number of samples in train_dataloader: 2638
17:11:12-Concord-INFO-train: Number of samples in train_dataloader: 2638
17:11:12-Concord-INFO-train: Number of samples in train_dataloader: 2638
17:11:13-Concord-INFO-_run_epoch: Epoch  11 | Train Loss: 2.73, MSE: 0.00, CLASS: 0.00, CONTRAST: 2.73, IMPORTANCE: 0.00
17:11:13-Concord-INFO-_run_epoch: Epoch  11 | Train Loss: 2.73, MSE: 0.00, CLASS: 0.00, CONTRAST: 2.73, IMPORTANCE: 0.00
17:11:13-Concord-INFO-_run_epoch: Epoch  11 | Train Loss: 2.73, MSE: 0.00, CLASS: 0.00, CONTRAST: 2.73, IMPORTANCE: 0.00
17:11:13-Concord-INFO-_run_epoch: Epoch  11 | Train Loss: 2.73, MSE: 0.00, CLASS: 0.00, CONTRAST: 2.73, IMPORTANCE: 0.00
17:11:13-Concord-INFO-_run_epoch: Epoch  11 | Train Loss: 2.73, MSE: 0.00, CLASS: 0.00, CONTRAST: 2.73, IMPORTANCE: 0.00
17:11:13-Concord-INFO-_run_epoch: Epoch  11 | Train Loss: 2.73, MSE: 0.00, CLASS: 0.00, CONTRAST: 2.73, IMPORTANCE: 0.00
17:11:13-Concord-INFO-_run_epoch: Epoch  11 | Train Loss: 2.73, MSE: 0.00, CLASS: 0.00, CONTRAST: 2.73, IMPORTANCE: 0.00
17:11:13-Concord-INFO-_run_epoch: Epoch  11 | Train Loss: 2.73, MSE: 0.00, CLASS: 0.00, CONTRAST: 2.73, IMPORTANCE: 0.00
17:11:13-Concord-INFO-train: Starting epoch 13/15
17:11:13-Concord-INFO-train: Starting epoch 13/15
17:11:13-Concord-INFO-train: Starting epoch 13/15
17:11:13-Concord-INFO-train: Starting epoch 13/15
17:11:13-Concord-INFO-train: Starting epoch 13/15
17:11:13-Concord-INFO-train: Starting epoch 13/15
17:11:13-Concord-INFO-train: Starting epoch 13/15
17:11:13-Concord-INFO-train: Starting epoch 13/15
17:11:13-Concord-INFO-train: Processing chunk 1/1 for epoch 13
17:11:13-Concord-INFO-train: Processing chunk 1/1 for epoch 13
17:11:13-Concord-INFO-train: Processing chunk 1/1 for epoch 13
17:11:13-Concord-INFO-train: Processing chunk 1/1 for epoch 13
17:11:13-Concord-INFO-train: Processing chunk 1/1 for epoch 13
17:11:13-Concord-INFO-train: Processing chunk 1/1 for epoch 13
17:11:13-Concord-INFO-train: Processing chunk 1/1 for epoch 13
17:11:13-Concord-INFO-train: Processing chunk 1/1 for epoch 13
17:11:13-Concord-INFO-train: Number of samples in train_dataloader: 2638
17:11:13-Concord-INFO-train: Number of samples in train_dataloader: 2638
17:11:13-Concord-INFO-train: Number of samples in train_dataloader: 2638
17:11:13-Concord-INFO-train: Number of samples in train_dataloader: 2638
17:11:13-Concord-INFO-train: Number of samples in train_dataloader: 2638
17:11:13-Concord-INFO-train: Number of samples in train_dataloader: 2638
17:11:13-Concord-INFO-train: Number of samples in train_dataloader: 2638
17:11:13-Concord-INFO-train: Number of samples in train_dataloader: 2638
17:11:13-Concord-INFO-_run_epoch: Epoch  12 | Train Loss: 2.64, MSE: 0.00, CLASS: 0.00, CONTRAST: 2.64, IMPORTANCE: 0.00
17:11:13-Concord-INFO-_run_epoch: Epoch  12 | Train Loss: 2.64, MSE: 0.00, CLASS: 0.00, CONTRAST: 2.64, IMPORTANCE: 0.00
17:11:13-Concord-INFO-_run_epoch: Epoch  12 | Train Loss: 2.64, MSE: 0.00, CLASS: 0.00, CONTRAST: 2.64, IMPORTANCE: 0.00
17:11:13-Concord-INFO-_run_epoch: Epoch  12 | Train Loss: 2.64, MSE: 0.00, CLASS: 0.00, CONTRAST: 2.64, IMPORTANCE: 0.00
17:11:13-Concord-INFO-_run_epoch: Epoch  12 | Train Loss: 2.64, MSE: 0.00, CLASS: 0.00, CONTRAST: 2.64, IMPORTANCE: 0.00
17:11:13-Concord-INFO-_run_epoch: Epoch  12 | Train Loss: 2.64, MSE: 0.00, CLASS: 0.00, CONTRAST: 2.64, IMPORTANCE: 0.00
17:11:13-Concord-INFO-_run_epoch: Epoch  12 | Train Loss: 2.64, MSE: 0.00, CLASS: 0.00, CONTRAST: 2.64, IMPORTANCE: 0.00
17:11:13-Concord-INFO-_run_epoch: Epoch  12 | Train Loss: 2.64, MSE: 0.00, CLASS: 0.00, CONTRAST: 2.64, IMPORTANCE: 0.00
17:11:13-Concord-INFO-train: Starting epoch 14/15
17:11:13-Concord-INFO-train: Starting epoch 14/15
17:11:13-Concord-INFO-train: Starting epoch 14/15
17:11:13-Concord-INFO-train: Starting epoch 14/15
17:11:13-Concord-INFO-train: Starting epoch 14/15
17:11:13-Concord-INFO-train: Starting epoch 14/15
17:11:13-Concord-INFO-train: Starting epoch 14/15
17:11:13-Concord-INFO-train: Starting epoch 14/15
17:11:13-Concord-INFO-train: Processing chunk 1/1 for epoch 14
17:11:13-Concord-INFO-train: Processing chunk 1/1 for epoch 14
17:11:13-Concord-INFO-train: Processing chunk 1/1 for epoch 14
17:11:13-Concord-INFO-train: Processing chunk 1/1 for epoch 14
17:11:13-Concord-INFO-train: Processing chunk 1/1 for epoch 14
17:11:13-Concord-INFO-train: Processing chunk 1/1 for epoch 14
17:11:13-Concord-INFO-train: Processing chunk 1/1 for epoch 14
17:11:13-Concord-INFO-train: Processing chunk 1/1 for epoch 14
17:11:13-Concord-INFO-train: Number of samples in train_dataloader: 2638
17:11:13-Concord-INFO-train: Number of samples in train_dataloader: 2638
17:11:13-Concord-INFO-train: Number of samples in train_dataloader: 2638
17:11:13-Concord-INFO-train: Number of samples in train_dataloader: 2638
17:11:13-Concord-INFO-train: Number of samples in train_dataloader: 2638
17:11:13-Concord-INFO-train: Number of samples in train_dataloader: 2638
17:11:13-Concord-INFO-train: Number of samples in train_dataloader: 2638
17:11:13-Concord-INFO-train: Number of samples in train_dataloader: 2638
17:11:13-Concord-INFO-_run_epoch: Epoch  13 | Train Loss: 2.67, MSE: 0.00, CLASS: 0.00, CONTRAST: 2.67, IMPORTANCE: 0.00
17:11:13-Concord-INFO-_run_epoch: Epoch  13 | Train Loss: 2.67, MSE: 0.00, CLASS: 0.00, CONTRAST: 2.67, IMPORTANCE: 0.00
17:11:13-Concord-INFO-_run_epoch: Epoch  13 | Train Loss: 2.67, MSE: 0.00, CLASS: 0.00, CONTRAST: 2.67, IMPORTANCE: 0.00
17:11:13-Concord-INFO-_run_epoch: Epoch  13 | Train Loss: 2.67, MSE: 0.00, CLASS: 0.00, CONTRAST: 2.67, IMPORTANCE: 0.00
17:11:13-Concord-INFO-_run_epoch: Epoch  13 | Train Loss: 2.67, MSE: 0.00, CLASS: 0.00, CONTRAST: 2.67, IMPORTANCE: 0.00
17:11:13-Concord-INFO-_run_epoch: Epoch  13 | Train Loss: 2.67, MSE: 0.00, CLASS: 0.00, CONTRAST: 2.67, IMPORTANCE: 0.00
17:11:13-Concord-INFO-_run_epoch: Epoch  13 | Train Loss: 2.67, MSE: 0.00, CLASS: 0.00, CONTRAST: 2.67, IMPORTANCE: 0.00
17:11:13-Concord-INFO-_run_epoch: Epoch  13 | Train Loss: 2.67, MSE: 0.00, CLASS: 0.00, CONTRAST: 2.67, IMPORTANCE: 0.00
17:11:13-Concord-INFO-train: Starting epoch 15/15
17:11:13-Concord-INFO-train: Starting epoch 15/15
17:11:13-Concord-INFO-train: Starting epoch 15/15
17:11:13-Concord-INFO-train: Starting epoch 15/15
17:11:13-Concord-INFO-train: Starting epoch 15/15
17:11:13-Concord-INFO-train: Starting epoch 15/15
17:11:13-Concord-INFO-train: Starting epoch 15/15
17:11:13-Concord-INFO-train: Starting epoch 15/15
17:11:13-Concord-INFO-train: Processing chunk 1/1 for epoch 15
17:11:13-Concord-INFO-train: Processing chunk 1/1 for epoch 15
17:11:13-Concord-INFO-train: Processing chunk 1/1 for epoch 15
17:11:13-Concord-INFO-train: Processing chunk 1/1 for epoch 15
17:11:13-Concord-INFO-train: Processing chunk 1/1 for epoch 15
17:11:13-Concord-INFO-train: Processing chunk 1/1 for epoch 15
17:11:13-Concord-INFO-train: Processing chunk 1/1 for epoch 15
17:11:13-Concord-INFO-train: Processing chunk 1/1 for epoch 15
17:11:13-Concord-INFO-train: Number of samples in train_dataloader: 2638
17:11:13-Concord-INFO-train: Number of samples in train_dataloader: 2638
17:11:13-Concord-INFO-train: Number of samples in train_dataloader: 2638
17:11:13-Concord-INFO-train: Number of samples in train_dataloader: 2638
17:11:13-Concord-INFO-train: Number of samples in train_dataloader: 2638
17:11:13-Concord-INFO-train: Number of samples in train_dataloader: 2638
17:11:13-Concord-INFO-train: Number of samples in train_dataloader: 2638
17:11:13-Concord-INFO-train: Number of samples in train_dataloader: 2638
17:11:14-Concord-INFO-_run_epoch: Epoch  14 | Train Loss: 2.68, MSE: 0.00, CLASS: 0.00, CONTRAST: 2.68, IMPORTANCE: 0.00
17:11:14-Concord-INFO-_run_epoch: Epoch  14 | Train Loss: 2.68, MSE: 0.00, CLASS: 0.00, CONTRAST: 2.68, IMPORTANCE: 0.00
17:11:14-Concord-INFO-_run_epoch: Epoch  14 | Train Loss: 2.68, MSE: 0.00, CLASS: 0.00, CONTRAST: 2.68, IMPORTANCE: 0.00
17:11:14-Concord-INFO-_run_epoch: Epoch  14 | Train Loss: 2.68, MSE: 0.00, CLASS: 0.00, CONTRAST: 2.68, IMPORTANCE: 0.00
17:11:14-Concord-INFO-_run_epoch: Epoch  14 | Train Loss: 2.68, MSE: 0.00, CLASS: 0.00, CONTRAST: 2.68, IMPORTANCE: 0.00
17:11:14-Concord-INFO-_run_epoch: Epoch  14 | Train Loss: 2.68, MSE: 0.00, CLASS: 0.00, CONTRAST: 2.68, IMPORTANCE: 0.00
17:11:14-Concord-INFO-_run_epoch: Epoch  14 | Train Loss: 2.68, MSE: 0.00, CLASS: 0.00, CONTRAST: 2.68, IMPORTANCE: 0.00
17:11:14-Concord-INFO-_run_epoch: Epoch  14 | Train Loss: 2.68, MSE: 0.00, CLASS: 0.00, CONTRAST: 2.68, IMPORTANCE: 0.00
17:11:14-Concord-INFO-save_model: Model saved to save/final_model_Apr17-1711.pt
17:11:14-Concord-INFO-save_model: Model saved to save/final_model_Apr17-1711.pt
17:11:14-Concord-INFO-save_model: Model saved to save/final_model_Apr17-1711.pt
17:11:14-Concord-INFO-save_model: Model saved to save/final_model_Apr17-1711.pt
17:11:14-Concord-INFO-save_model: Model saved to save/final_model_Apr17-1711.pt
17:11:14-Concord-INFO-save_model: Model saved to save/final_model_Apr17-1711.pt
17:11:14-Concord-INFO-save_model: Model saved to save/final_model_Apr17-1711.pt
17:11:14-Concord-INFO-save_model: Model saved to save/final_model_Apr17-1711.pt
17:11:14-Concord-INFO-train: Final model saved at: save/final_model_Apr17-1711.pt; Configuration saved at: save/config_Apr17-1711.json.
17:11:14-Concord-INFO-train: Final model saved at: save/final_model_Apr17-1711.pt; Configuration saved at: save/config_Apr17-1711.json.
17:11:14-Concord-INFO-train: Final model saved at: save/final_model_Apr17-1711.pt; Configuration saved at: save/config_Apr17-1711.json.
17:11:14-Concord-INFO-train: Final model saved at: save/final_model_Apr17-1711.pt; Configuration saved at: save/config_Apr17-1711.json.
17:11:14-Concord-INFO-train: Final model saved at: save/final_model_Apr17-1711.pt; Configuration saved at: save/config_Apr17-1711.json.
17:11:14-Concord-INFO-train: Final model saved at: save/final_model_Apr17-1711.pt; Configuration saved at: save/config_Apr17-1711.json.
17:11:14-Concord-INFO-train: Final model saved at: save/final_model_Apr17-1711.pt; Configuration saved at: save/config_Apr17-1711.json.
17:11:14-Concord-INFO-train: Final model saved at: save/final_model_Apr17-1711.pt; Configuration saved at: save/config_Apr17-1711.json.
17:11:14-Concord-INFO-predict: Predicting for chunk 1/1
17:11:14-Concord-INFO-predict: Predicting for chunk 1/1
17:11:14-Concord-INFO-predict: Predicting for chunk 1/1
17:11:14-Concord-INFO-predict: Predicting for chunk 1/1
17:11:14-Concord-INFO-predict: Predicting for chunk 1/1
17:11:14-Concord-INFO-predict: Predicting for chunk 1/1
17:11:14-Concord-INFO-predict: Predicting for chunk 1/1
17:11:14-Concord-INFO-predict: Predicting for chunk 1/1
17:11:21-Concord-INFO-run_umap: UMAP embedding stored in adata.obsm['Concord_UMAP']
17:11:21-Concord-INFO-run_umap: UMAP embedding stored in adata.obsm['Concord_UMAP']
17:11:21-Concord-INFO-run_umap: UMAP embedding stored in adata.obsm['Concord_UMAP']
17:11:21-Concord-INFO-run_umap: UMAP embedding stored in adata.obsm['Concord_UMAP']
17:11:21-Concord-INFO-run_umap: UMAP embedding stored in adata.obsm['Concord_UMAP']
17:11:21-Concord-INFO-run_umap: UMAP embedding stored in adata.obsm['Concord_UMAP']
17:11:21-Concord-INFO-run_umap: UMAP embedding stored in adata.obsm['Concord_UMAP']
17:11:21-Concord-INFO-run_umap: UMAP embedding stored in adata.obsm['Concord_UMAP']
17:11:33-Concord-WARNING-__init__: No input feature list provided. It is recommended to first select features using the command `concord.ul.select_features()`.
17:11:33-Concord-WARNING-__init__: No input feature list provided. It is recommended to first select features using the command `concord.ul.select_features()`.
17:11:33-Concord-WARNING-__init__: No input feature list provided. It is recommended to first select features using the command `concord.ul.select_features()`.
17:11:33-Concord-WARNING-__init__: No input feature list provided. It is recommended to first select features using the command `concord.ul.select_features()`.
17:11:33-Concord-WARNING-__init__: No input feature list provided. It is recommended to first select features using the command `concord.ul.select_features()`.
17:11:33-Concord-WARNING-__init__: No input feature list provided. It is recommended to first select features using the command `concord.ul.select_features()`.
17:11:33-Concord-WARNING-__init__: No input feature list provided. It is recommended to first select features using the command `concord.ul.select_features()`.
17:11:33-Concord-WARNING-__init__: No input feature list provided. It is recommended to first select features using the command `concord.ul.select_features()`.
17:11:33-Concord-WARNING-__init__: No input feature list provided. It is recommended to first select features using the command `concord.ul.select_features()`.
17:11:33-Concord-WARNING-__init__: domain/batch information not found, all samples will be treated as from single domain/batch.
17:11:33-Concord-WARNING-__init__: domain/batch information not found, all samples will be treated as from single domain/batch.
17:11:33-Concord-WARNING-__init__: domain/batch information not found, all samples will be treated as from single domain/batch.
17:11:33-Concord-WARNING-__init__: domain/batch information not found, all samples will be treated as from single domain/batch.
17:11:33-Concord-WARNING-__init__: domain/batch information not found, all samples will be treated as from single domain/batch.
17:11:33-Concord-WARNING-__init__: domain/batch information not found, all samples will be treated as from single domain/batch.
17:11:33-Concord-WARNING-__init__: domain/batch information not found, all samples will be treated as from single domain/batch.
17:11:33-Concord-WARNING-__init__: domain/batch information not found, all samples will be treated as from single domain/batch.
17:11:33-Concord-WARNING-__init__: domain/batch information not found, all samples will be treated as from single domain/batch.
17:11:36-Concord-WARNING-__init__: domain/batch information not found, all samples will be treated as from single domain/batch.
17:11:36-Concord-WARNING-__init__: domain/batch information not found, all samples will be treated as from single domain/batch.
17:11:36-Concord-WARNING-__init__: domain/batch information not found, all samples will be treated as from single domain/batch.
17:11:36-Concord-WARNING-__init__: domain/batch information not found, all samples will be treated as from single domain/batch.
17:11:36-Concord-WARNING-__init__: domain/batch information not found, all samples will be treated as from single domain/batch.
17:11:36-Concord-WARNING-__init__: domain/batch information not found, all samples will be treated as from single domain/batch.
17:11:36-Concord-WARNING-__init__: domain/batch information not found, all samples will be treated as from single domain/batch.
17:11:36-Concord-WARNING-__init__: domain/batch information not found, all samples will be treated as from single domain/batch.
17:11:36-Concord-WARNING-__init__: domain/batch information not found, all samples will be treated as from single domain/batch.
17:11:36-Concord-WARNING-__init__: domain/batch information not found, all samples will be treated as from single domain/batch.
17:11:36-Concord-INFO-__init__: Encoder input dim: 5000
17:11:36-Concord-INFO-__init__: Encoder input dim: 5000
17:11:36-Concord-INFO-__init__: Encoder input dim: 5000
17:11:36-Concord-INFO-__init__: Encoder input dim: 5000
17:11:36-Concord-INFO-__init__: Encoder input dim: 5000
17:11:36-Concord-INFO-__init__: Encoder input dim: 5000
17:11:36-Concord-INFO-__init__: Encoder input dim: 5000
17:11:36-Concord-INFO-__init__: Encoder input dim: 5000
17:11:36-Concord-INFO-__init__: Encoder input dim: 5000
17:11:36-Concord-INFO-__init__: Encoder input dim: 5000
17:11:36-Concord-INFO-init_model: Model loaded to device: cpu
17:11:36-Concord-INFO-init_model: Model loaded to device: cpu
17:11:36-Concord-INFO-init_model: Model loaded to device: cpu
17:11:36-Concord-INFO-init_model: Model loaded to device: cpu
17:11:36-Concord-INFO-init_model: Model loaded to device: cpu
17:11:36-Concord-INFO-init_model: Model loaded to device: cpu
17:11:36-Concord-INFO-init_model: Model loaded to device: cpu
17:11:36-Concord-INFO-init_model: Model loaded to device: cpu
17:11:36-Concord-INFO-init_model: Model loaded to device: cpu
17:11:36-Concord-INFO-init_model: Model loaded to device: cpu
17:11:36-Concord-INFO-init_model: Total number of parameters: 5103308
17:11:36-Concord-INFO-init_model: Total number of parameters: 5103308
17:11:36-Concord-INFO-init_model: Total number of parameters: 5103308
17:11:36-Concord-INFO-init_model: Total number of parameters: 5103308
17:11:36-Concord-INFO-init_model: Total number of parameters: 5103308
17:11:36-Concord-INFO-init_model: Total number of parameters: 5103308
17:11:36-Concord-INFO-init_model: Total number of parameters: 5103308
17:11:36-Concord-INFO-init_model: Total number of parameters: 5103308
17:11:36-Concord-INFO-init_model: Total number of parameters: 5103308
17:11:36-Concord-INFO-init_model: Total number of parameters: 5103308
17:11:36-Concord-INFO-train: Starting epoch 1/15
17:11:36-Concord-INFO-train: Starting epoch 1/15
17:11:36-Concord-INFO-train: Starting epoch 1/15
17:11:36-Concord-INFO-train: Starting epoch 1/15
17:11:36-Concord-INFO-train: Starting epoch 1/15
17:11:36-Concord-INFO-train: Starting epoch 1/15
17:11:36-Concord-INFO-train: Starting epoch 1/15
17:11:36-Concord-INFO-train: Starting epoch 1/15
17:11:36-Concord-INFO-train: Starting epoch 1/15
17:11:36-Concord-INFO-train: Starting epoch 1/15
17:11:36-Concord-INFO-train: Processing chunk 1/1 for epoch 1
17:11:36-Concord-INFO-train: Processing chunk 1/1 for epoch 1
17:11:36-Concord-INFO-train: Processing chunk 1/1 for epoch 1
17:11:36-Concord-INFO-train: Processing chunk 1/1 for epoch 1
17:11:36-Concord-INFO-train: Processing chunk 1/1 for epoch 1
17:11:36-Concord-INFO-train: Processing chunk 1/1 for epoch 1
17:11:36-Concord-INFO-train: Processing chunk 1/1 for epoch 1
17:11:36-Concord-INFO-train: Processing chunk 1/1 for epoch 1
17:11:36-Concord-INFO-train: Processing chunk 1/1 for epoch 1
17:11:36-Concord-INFO-train: Processing chunk 1/1 for epoch 1
17:11:36-Concord-INFO-train: Number of samples in train_dataloader: 2638
17:11:36-Concord-INFO-train: Number of samples in train_dataloader: 2638
17:11:36-Concord-INFO-train: Number of samples in train_dataloader: 2638
17:11:36-Concord-INFO-train: Number of samples in train_dataloader: 2638
17:11:36-Concord-INFO-train: Number of samples in train_dataloader: 2638
17:11:36-Concord-INFO-train: Number of samples in train_dataloader: 2638
17:11:36-Concord-INFO-train: Number of samples in train_dataloader: 2638
17:11:36-Concord-INFO-train: Number of samples in train_dataloader: 2638
17:11:36-Concord-INFO-train: Number of samples in train_dataloader: 2638
17:11:36-Concord-INFO-train: Number of samples in train_dataloader: 2638
17:11:37-Concord-INFO-_run_epoch: Epoch   0 | Train Loss: 3.79, MSE: 0.00, CLASS: 0.00, CONTRAST: 3.79, IMPORTANCE: 0.00
17:11:37-Concord-INFO-_run_epoch: Epoch   0 | Train Loss: 3.79, MSE: 0.00, CLASS: 0.00, CONTRAST: 3.79, IMPORTANCE: 0.00
17:11:37-Concord-INFO-_run_epoch: Epoch   0 | Train Loss: 3.79, MSE: 0.00, CLASS: 0.00, CONTRAST: 3.79, IMPORTANCE: 0.00
17:11:37-Concord-INFO-_run_epoch: Epoch   0 | Train Loss: 3.79, MSE: 0.00, CLASS: 0.00, CONTRAST: 3.79, IMPORTANCE: 0.00
17:11:37-Concord-INFO-_run_epoch: Epoch   0 | Train Loss: 3.79, MSE: 0.00, CLASS: 0.00, CONTRAST: 3.79, IMPORTANCE: 0.00
17:11:37-Concord-INFO-_run_epoch: Epoch   0 | Train Loss: 3.79, MSE: 0.00, CLASS: 0.00, CONTRAST: 3.79, IMPORTANCE: 0.00
17:11:37-Concord-INFO-_run_epoch: Epoch   0 | Train Loss: 3.79, MSE: 0.00, CLASS: 0.00, CONTRAST: 3.79, IMPORTANCE: 0.00
17:11:37-Concord-INFO-_run_epoch: Epoch   0 | Train Loss: 3.79, MSE: 0.00, CLASS: 0.00, CONTRAST: 3.79, IMPORTANCE: 0.00
17:11:37-Concord-INFO-_run_epoch: Epoch   0 | Train Loss: 3.79, MSE: 0.00, CLASS: 0.00, CONTRAST: 3.79, IMPORTANCE: 0.00
17:11:37-Concord-INFO-_run_epoch: Epoch   0 | Train Loss: 3.79, MSE: 0.00, CLASS: 0.00, CONTRAST: 3.79, IMPORTANCE: 0.00
17:11:37-Concord-INFO-train: Starting epoch 2/15
17:11:37-Concord-INFO-train: Starting epoch 2/15
17:11:37-Concord-INFO-train: Starting epoch 2/15
17:11:37-Concord-INFO-train: Starting epoch 2/15
17:11:37-Concord-INFO-train: Starting epoch 2/15
17:11:37-Concord-INFO-train: Starting epoch 2/15
17:11:37-Concord-INFO-train: Starting epoch 2/15
17:11:37-Concord-INFO-train: Starting epoch 2/15
17:11:37-Concord-INFO-train: Starting epoch 2/15
17:11:37-Concord-INFO-train: Starting epoch 2/15
17:11:37-Concord-INFO-train: Processing chunk 1/1 for epoch 2
17:11:37-Concord-INFO-train: Processing chunk 1/1 for epoch 2
17:11:37-Concord-INFO-train: Processing chunk 1/1 for epoch 2
17:11:37-Concord-INFO-train: Processing chunk 1/1 for epoch 2
17:11:37-Concord-INFO-train: Processing chunk 1/1 for epoch 2
17:11:37-Concord-INFO-train: Processing chunk 1/1 for epoch 2
17:11:37-Concord-INFO-train: Processing chunk 1/1 for epoch 2
17:11:37-Concord-INFO-train: Processing chunk 1/1 for epoch 2
17:11:37-Concord-INFO-train: Processing chunk 1/1 for epoch 2
17:11:37-Concord-INFO-train: Processing chunk 1/1 for epoch 2
17:11:37-Concord-INFO-train: Number of samples in train_dataloader: 2638
17:11:37-Concord-INFO-train: Number of samples in train_dataloader: 2638
17:11:37-Concord-INFO-train: Number of samples in train_dataloader: 2638
17:11:37-Concord-INFO-train: Number of samples in train_dataloader: 2638
17:11:37-Concord-INFO-train: Number of samples in train_dataloader: 2638
17:11:37-Concord-INFO-train: Number of samples in train_dataloader: 2638
17:11:37-Concord-INFO-train: Number of samples in train_dataloader: 2638
17:11:37-Concord-INFO-train: Number of samples in train_dataloader: 2638
17:11:37-Concord-INFO-train: Number of samples in train_dataloader: 2638
17:11:37-Concord-INFO-train: Number of samples in train_dataloader: 2638
17:11:38-Concord-INFO-_run_epoch: Epoch   1 | Train Loss: 3.29, MSE: 0.00, CLASS: 0.00, CONTRAST: 3.29, IMPORTANCE: 0.00
17:11:38-Concord-INFO-_run_epoch: Epoch   1 | Train Loss: 3.29, MSE: 0.00, CLASS: 0.00, CONTRAST: 3.29, IMPORTANCE: 0.00
17:11:38-Concord-INFO-_run_epoch: Epoch   1 | Train Loss: 3.29, MSE: 0.00, CLASS: 0.00, CONTRAST: 3.29, IMPORTANCE: 0.00
17:11:38-Concord-INFO-_run_epoch: Epoch   1 | Train Loss: 3.29, MSE: 0.00, CLASS: 0.00, CONTRAST: 3.29, IMPORTANCE: 0.00
17:11:38-Concord-INFO-_run_epoch: Epoch   1 | Train Loss: 3.29, MSE: 0.00, CLASS: 0.00, CONTRAST: 3.29, IMPORTANCE: 0.00
17:11:38-Concord-INFO-_run_epoch: Epoch   1 | Train Loss: 3.29, MSE: 0.00, CLASS: 0.00, CONTRAST: 3.29, IMPORTANCE: 0.00
17:11:38-Concord-INFO-_run_epoch: Epoch   1 | Train Loss: 3.29, MSE: 0.00, CLASS: 0.00, CONTRAST: 3.29, IMPORTANCE: 0.00
17:11:38-Concord-INFO-_run_epoch: Epoch   1 | Train Loss: 3.29, MSE: 0.00, CLASS: 0.00, CONTRAST: 3.29, IMPORTANCE: 0.00
17:11:38-Concord-INFO-_run_epoch: Epoch   1 | Train Loss: 3.29, MSE: 0.00, CLASS: 0.00, CONTRAST: 3.29, IMPORTANCE: 0.00
17:11:38-Concord-INFO-_run_epoch: Epoch   1 | Train Loss: 3.29, MSE: 0.00, CLASS: 0.00, CONTRAST: 3.29, IMPORTANCE: 0.00
17:11:38-Concord-INFO-train: Starting epoch 3/15
17:11:38-Concord-INFO-train: Starting epoch 3/15
17:11:38-Concord-INFO-train: Starting epoch 3/15
17:11:38-Concord-INFO-train: Starting epoch 3/15
17:11:38-Concord-INFO-train: Starting epoch 3/15
17:11:38-Concord-INFO-train: Starting epoch 3/15
17:11:38-Concord-INFO-train: Starting epoch 3/15
17:11:38-Concord-INFO-train: Starting epoch 3/15
17:11:38-Concord-INFO-train: Starting epoch 3/15
17:11:38-Concord-INFO-train: Starting epoch 3/15
17:11:38-Concord-INFO-train: Processing chunk 1/1 for epoch 3
17:11:38-Concord-INFO-train: Processing chunk 1/1 for epoch 3
17:11:38-Concord-INFO-train: Processing chunk 1/1 for epoch 3
17:11:38-Concord-INFO-train: Processing chunk 1/1 for epoch 3
17:11:38-Concord-INFO-train: Processing chunk 1/1 for epoch 3
17:11:38-Concord-INFO-train: Processing chunk 1/1 for epoch 3
17:11:38-Concord-INFO-train: Processing chunk 1/1 for epoch 3
17:11:38-Concord-INFO-train: Processing chunk 1/1 for epoch 3
17:11:38-Concord-INFO-train: Processing chunk 1/1 for epoch 3
17:11:38-Concord-INFO-train: Processing chunk 1/1 for epoch 3
17:11:38-Concord-INFO-train: Number of samples in train_dataloader: 2638
17:11:38-Concord-INFO-train: Number of samples in train_dataloader: 2638
17:11:38-Concord-INFO-train: Number of samples in train_dataloader: 2638
17:11:38-Concord-INFO-train: Number of samples in train_dataloader: 2638
17:11:38-Concord-INFO-train: Number of samples in train_dataloader: 2638
17:11:38-Concord-INFO-train: Number of samples in train_dataloader: 2638
17:11:38-Concord-INFO-train: Number of samples in train_dataloader: 2638
17:11:38-Concord-INFO-train: Number of samples in train_dataloader: 2638
17:11:38-Concord-INFO-train: Number of samples in train_dataloader: 2638
17:11:38-Concord-INFO-train: Number of samples in train_dataloader: 2638
17:11:38-Concord-INFO-_run_epoch: Epoch   2 | Train Loss: 3.00, MSE: 0.00, CLASS: 0.00, CONTRAST: 3.00, IMPORTANCE: 0.00
17:11:38-Concord-INFO-_run_epoch: Epoch   2 | Train Loss: 3.00, MSE: 0.00, CLASS: 0.00, CONTRAST: 3.00, IMPORTANCE: 0.00
17:11:38-Concord-INFO-_run_epoch: Epoch   2 | Train Loss: 3.00, MSE: 0.00, CLASS: 0.00, CONTRAST: 3.00, IMPORTANCE: 0.00
17:11:38-Concord-INFO-_run_epoch: Epoch   2 | Train Loss: 3.00, MSE: 0.00, CLASS: 0.00, CONTRAST: 3.00, IMPORTANCE: 0.00
17:11:38-Concord-INFO-_run_epoch: Epoch   2 | Train Loss: 3.00, MSE: 0.00, CLASS: 0.00, CONTRAST: 3.00, IMPORTANCE: 0.00
17:11:38-Concord-INFO-_run_epoch: Epoch   2 | Train Loss: 3.00, MSE: 0.00, CLASS: 0.00, CONTRAST: 3.00, IMPORTANCE: 0.00
17:11:38-Concord-INFO-_run_epoch: Epoch   2 | Train Loss: 3.00, MSE: 0.00, CLASS: 0.00, CONTRAST: 3.00, IMPORTANCE: 0.00
17:11:38-Concord-INFO-_run_epoch: Epoch   2 | Train Loss: 3.00, MSE: 0.00, CLASS: 0.00, CONTRAST: 3.00, IMPORTANCE: 0.00
17:11:38-Concord-INFO-_run_epoch: Epoch   2 | Train Loss: 3.00, MSE: 0.00, CLASS: 0.00, CONTRAST: 3.00, IMPORTANCE: 0.00
17:11:38-Concord-INFO-_run_epoch: Epoch   2 | Train Loss: 3.00, MSE: 0.00, CLASS: 0.00, CONTRAST: 3.00, IMPORTANCE: 0.00
17:11:38-Concord-INFO-train: Starting epoch 4/15
17:11:38-Concord-INFO-train: Starting epoch 4/15
17:11:38-Concord-INFO-train: Starting epoch 4/15
17:11:38-Concord-INFO-train: Starting epoch 4/15
17:11:38-Concord-INFO-train: Starting epoch 4/15
17:11:38-Concord-INFO-train: Starting epoch 4/15
17:11:38-Concord-INFO-train: Starting epoch 4/15
17:11:38-Concord-INFO-train: Starting epoch 4/15
17:11:38-Concord-INFO-train: Starting epoch 4/15
17:11:38-Concord-INFO-train: Starting epoch 4/15
17:11:38-Concord-INFO-train: Processing chunk 1/1 for epoch 4
17:11:38-Concord-INFO-train: Processing chunk 1/1 for epoch 4
17:11:38-Concord-INFO-train: Processing chunk 1/1 for epoch 4
17:11:38-Concord-INFO-train: Processing chunk 1/1 for epoch 4
17:11:38-Concord-INFO-train: Processing chunk 1/1 for epoch 4
17:11:38-Concord-INFO-train: Processing chunk 1/1 for epoch 4
17:11:38-Concord-INFO-train: Processing chunk 1/1 for epoch 4
17:11:38-Concord-INFO-train: Processing chunk 1/1 for epoch 4
17:11:38-Concord-INFO-train: Processing chunk 1/1 for epoch 4
17:11:38-Concord-INFO-train: Processing chunk 1/1 for epoch 4
17:11:38-Concord-INFO-train: Number of samples in train_dataloader: 2638
17:11:38-Concord-INFO-train: Number of samples in train_dataloader: 2638
17:11:38-Concord-INFO-train: Number of samples in train_dataloader: 2638
17:11:38-Concord-INFO-train: Number of samples in train_dataloader: 2638
17:11:38-Concord-INFO-train: Number of samples in train_dataloader: 2638
17:11:38-Concord-INFO-train: Number of samples in train_dataloader: 2638
17:11:38-Concord-INFO-train: Number of samples in train_dataloader: 2638
17:11:38-Concord-INFO-train: Number of samples in train_dataloader: 2638
17:11:38-Concord-INFO-train: Number of samples in train_dataloader: 2638
17:11:38-Concord-INFO-train: Number of samples in train_dataloader: 2638
17:11:39-Concord-INFO-_run_epoch: Epoch   3 | Train Loss: 2.80, MSE: 0.00, CLASS: 0.00, CONTRAST: 2.80, IMPORTANCE: 0.00
17:11:39-Concord-INFO-_run_epoch: Epoch   3 | Train Loss: 2.80, MSE: 0.00, CLASS: 0.00, CONTRAST: 2.80, IMPORTANCE: 0.00
17:11:39-Concord-INFO-_run_epoch: Epoch   3 | Train Loss: 2.80, MSE: 0.00, CLASS: 0.00, CONTRAST: 2.80, IMPORTANCE: 0.00
17:11:39-Concord-INFO-_run_epoch: Epoch   3 | Train Loss: 2.80, MSE: 0.00, CLASS: 0.00, CONTRAST: 2.80, IMPORTANCE: 0.00
17:11:39-Concord-INFO-_run_epoch: Epoch   3 | Train Loss: 2.80, MSE: 0.00, CLASS: 0.00, CONTRAST: 2.80, IMPORTANCE: 0.00
17:11:39-Concord-INFO-_run_epoch: Epoch   3 | Train Loss: 2.80, MSE: 0.00, CLASS: 0.00, CONTRAST: 2.80, IMPORTANCE: 0.00
17:11:39-Concord-INFO-_run_epoch: Epoch   3 | Train Loss: 2.80, MSE: 0.00, CLASS: 0.00, CONTRAST: 2.80, IMPORTANCE: 0.00
17:11:39-Concord-INFO-_run_epoch: Epoch   3 | Train Loss: 2.80, MSE: 0.00, CLASS: 0.00, CONTRAST: 2.80, IMPORTANCE: 0.00
17:11:39-Concord-INFO-_run_epoch: Epoch   3 | Train Loss: 2.80, MSE: 0.00, CLASS: 0.00, CONTRAST: 2.80, IMPORTANCE: 0.00
17:11:39-Concord-INFO-_run_epoch: Epoch   3 | Train Loss: 2.80, MSE: 0.00, CLASS: 0.00, CONTRAST: 2.80, IMPORTANCE: 0.00
17:11:39-Concord-INFO-train: Starting epoch 5/15
17:11:39-Concord-INFO-train: Starting epoch 5/15
17:11:39-Concord-INFO-train: Starting epoch 5/15
17:11:39-Concord-INFO-train: Starting epoch 5/15
17:11:39-Concord-INFO-train: Starting epoch 5/15
17:11:39-Concord-INFO-train: Starting epoch 5/15
17:11:39-Concord-INFO-train: Starting epoch 5/15
17:11:39-Concord-INFO-train: Starting epoch 5/15
17:11:39-Concord-INFO-train: Starting epoch 5/15
17:11:39-Concord-INFO-train: Starting epoch 5/15
17:11:39-Concord-INFO-train: Processing chunk 1/1 for epoch 5
17:11:39-Concord-INFO-train: Processing chunk 1/1 for epoch 5
17:11:39-Concord-INFO-train: Processing chunk 1/1 for epoch 5
17:11:39-Concord-INFO-train: Processing chunk 1/1 for epoch 5
17:11:39-Concord-INFO-train: Processing chunk 1/1 for epoch 5
17:11:39-Concord-INFO-train: Processing chunk 1/1 for epoch 5
17:11:39-Concord-INFO-train: Processing chunk 1/1 for epoch 5
17:11:39-Concord-INFO-train: Processing chunk 1/1 for epoch 5
17:11:39-Concord-INFO-train: Processing chunk 1/1 for epoch 5
17:11:39-Concord-INFO-train: Processing chunk 1/1 for epoch 5
17:11:39-Concord-INFO-train: Number of samples in train_dataloader: 2638
17:11:39-Concord-INFO-train: Number of samples in train_dataloader: 2638
17:11:39-Concord-INFO-train: Number of samples in train_dataloader: 2638
17:11:39-Concord-INFO-train: Number of samples in train_dataloader: 2638
17:11:39-Concord-INFO-train: Number of samples in train_dataloader: 2638
17:11:39-Concord-INFO-train: Number of samples in train_dataloader: 2638
17:11:39-Concord-INFO-train: Number of samples in train_dataloader: 2638
17:11:39-Concord-INFO-train: Number of samples in train_dataloader: 2638
17:11:39-Concord-INFO-train: Number of samples in train_dataloader: 2638
17:11:39-Concord-INFO-train: Number of samples in train_dataloader: 2638
17:11:40-Concord-INFO-_run_epoch: Epoch   4 | Train Loss: 2.71, MSE: 0.00, CLASS: 0.00, CONTRAST: 2.71, IMPORTANCE: 0.00
17:11:40-Concord-INFO-_run_epoch: Epoch   4 | Train Loss: 2.71, MSE: 0.00, CLASS: 0.00, CONTRAST: 2.71, IMPORTANCE: 0.00
17:11:40-Concord-INFO-_run_epoch: Epoch   4 | Train Loss: 2.71, MSE: 0.00, CLASS: 0.00, CONTRAST: 2.71, IMPORTANCE: 0.00
17:11:40-Concord-INFO-_run_epoch: Epoch   4 | Train Loss: 2.71, MSE: 0.00, CLASS: 0.00, CONTRAST: 2.71, IMPORTANCE: 0.00
17:11:40-Concord-INFO-_run_epoch: Epoch   4 | Train Loss: 2.71, MSE: 0.00, CLASS: 0.00, CONTRAST: 2.71, IMPORTANCE: 0.00
17:11:40-Concord-INFO-_run_epoch: Epoch   4 | Train Loss: 2.71, MSE: 0.00, CLASS: 0.00, CONTRAST: 2.71, IMPORTANCE: 0.00
17:11:40-Concord-INFO-_run_epoch: Epoch   4 | Train Loss: 2.71, MSE: 0.00, CLASS: 0.00, CONTRAST: 2.71, IMPORTANCE: 0.00
17:11:40-Concord-INFO-_run_epoch: Epoch   4 | Train Loss: 2.71, MSE: 0.00, CLASS: 0.00, CONTRAST: 2.71, IMPORTANCE: 0.00
17:11:40-Concord-INFO-_run_epoch: Epoch   4 | Train Loss: 2.71, MSE: 0.00, CLASS: 0.00, CONTRAST: 2.71, IMPORTANCE: 0.00
17:11:40-Concord-INFO-_run_epoch: Epoch   4 | Train Loss: 2.71, MSE: 0.00, CLASS: 0.00, CONTRAST: 2.71, IMPORTANCE: 0.00
17:11:40-Concord-INFO-train: Starting epoch 6/15
17:11:40-Concord-INFO-train: Starting epoch 6/15
17:11:40-Concord-INFO-train: Starting epoch 6/15
17:11:40-Concord-INFO-train: Starting epoch 6/15
17:11:40-Concord-INFO-train: Starting epoch 6/15
17:11:40-Concord-INFO-train: Starting epoch 6/15
17:11:40-Concord-INFO-train: Starting epoch 6/15
17:11:40-Concord-INFO-train: Starting epoch 6/15
17:11:40-Concord-INFO-train: Starting epoch 6/15
17:11:40-Concord-INFO-train: Starting epoch 6/15
17:11:40-Concord-INFO-train: Processing chunk 1/1 for epoch 6
17:11:40-Concord-INFO-train: Processing chunk 1/1 for epoch 6
17:11:40-Concord-INFO-train: Processing chunk 1/1 for epoch 6
17:11:40-Concord-INFO-train: Processing chunk 1/1 for epoch 6
17:11:40-Concord-INFO-train: Processing chunk 1/1 for epoch 6
17:11:40-Concord-INFO-train: Processing chunk 1/1 for epoch 6
17:11:40-Concord-INFO-train: Processing chunk 1/1 for epoch 6
17:11:40-Concord-INFO-train: Processing chunk 1/1 for epoch 6
17:11:40-Concord-INFO-train: Processing chunk 1/1 for epoch 6
17:11:40-Concord-INFO-train: Processing chunk 1/1 for epoch 6
17:11:40-Concord-INFO-train: Number of samples in train_dataloader: 2638
17:11:40-Concord-INFO-train: Number of samples in train_dataloader: 2638
17:11:40-Concord-INFO-train: Number of samples in train_dataloader: 2638
17:11:40-Concord-INFO-train: Number of samples in train_dataloader: 2638
17:11:40-Concord-INFO-train: Number of samples in train_dataloader: 2638
17:11:40-Concord-INFO-train: Number of samples in train_dataloader: 2638
17:11:40-Concord-INFO-train: Number of samples in train_dataloader: 2638
17:11:40-Concord-INFO-train: Number of samples in train_dataloader: 2638
17:11:40-Concord-INFO-train: Number of samples in train_dataloader: 2638
17:11:40-Concord-INFO-train: Number of samples in train_dataloader: 2638
17:11:41-Concord-INFO-_run_epoch: Epoch   5 | Train Loss: 2.60, MSE: 0.00, CLASS: 0.00, CONTRAST: 2.60, IMPORTANCE: 0.00
17:11:41-Concord-INFO-_run_epoch: Epoch   5 | Train Loss: 2.60, MSE: 0.00, CLASS: 0.00, CONTRAST: 2.60, IMPORTANCE: 0.00
17:11:41-Concord-INFO-_run_epoch: Epoch   5 | Train Loss: 2.60, MSE: 0.00, CLASS: 0.00, CONTRAST: 2.60, IMPORTANCE: 0.00
17:11:41-Concord-INFO-_run_epoch: Epoch   5 | Train Loss: 2.60, MSE: 0.00, CLASS: 0.00, CONTRAST: 2.60, IMPORTANCE: 0.00
17:11:41-Concord-INFO-_run_epoch: Epoch   5 | Train Loss: 2.60, MSE: 0.00, CLASS: 0.00, CONTRAST: 2.60, IMPORTANCE: 0.00
17:11:41-Concord-INFO-_run_epoch: Epoch   5 | Train Loss: 2.60, MSE: 0.00, CLASS: 0.00, CONTRAST: 2.60, IMPORTANCE: 0.00
17:11:41-Concord-INFO-_run_epoch: Epoch   5 | Train Loss: 2.60, MSE: 0.00, CLASS: 0.00, CONTRAST: 2.60, IMPORTANCE: 0.00
17:11:41-Concord-INFO-_run_epoch: Epoch   5 | Train Loss: 2.60, MSE: 0.00, CLASS: 0.00, CONTRAST: 2.60, IMPORTANCE: 0.00
17:11:41-Concord-INFO-_run_epoch: Epoch   5 | Train Loss: 2.60, MSE: 0.00, CLASS: 0.00, CONTRAST: 2.60, IMPORTANCE: 0.00
17:11:41-Concord-INFO-_run_epoch: Epoch   5 | Train Loss: 2.60, MSE: 0.00, CLASS: 0.00, CONTRAST: 2.60, IMPORTANCE: 0.00
17:11:41-Concord-INFO-train: Starting epoch 7/15
17:11:41-Concord-INFO-train: Starting epoch 7/15
17:11:41-Concord-INFO-train: Starting epoch 7/15
17:11:41-Concord-INFO-train: Starting epoch 7/15
17:11:41-Concord-INFO-train: Starting epoch 7/15
17:11:41-Concord-INFO-train: Starting epoch 7/15
17:11:41-Concord-INFO-train: Starting epoch 7/15
17:11:41-Concord-INFO-train: Starting epoch 7/15
17:11:41-Concord-INFO-train: Starting epoch 7/15
17:11:41-Concord-INFO-train: Starting epoch 7/15
17:11:41-Concord-INFO-train: Processing chunk 1/1 for epoch 7
17:11:41-Concord-INFO-train: Processing chunk 1/1 for epoch 7
17:11:41-Concord-INFO-train: Processing chunk 1/1 for epoch 7
17:11:41-Concord-INFO-train: Processing chunk 1/1 for epoch 7
17:11:41-Concord-INFO-train: Processing chunk 1/1 for epoch 7
17:11:41-Concord-INFO-train: Processing chunk 1/1 for epoch 7
17:11:41-Concord-INFO-train: Processing chunk 1/1 for epoch 7
17:11:41-Concord-INFO-train: Processing chunk 1/1 for epoch 7
17:11:41-Concord-INFO-train: Processing chunk 1/1 for epoch 7
17:11:41-Concord-INFO-train: Processing chunk 1/1 for epoch 7
17:11:41-Concord-INFO-train: Number of samples in train_dataloader: 2638
17:11:41-Concord-INFO-train: Number of samples in train_dataloader: 2638
17:11:41-Concord-INFO-train: Number of samples in train_dataloader: 2638
17:11:41-Concord-INFO-train: Number of samples in train_dataloader: 2638
17:11:41-Concord-INFO-train: Number of samples in train_dataloader: 2638
17:11:41-Concord-INFO-train: Number of samples in train_dataloader: 2638
17:11:41-Concord-INFO-train: Number of samples in train_dataloader: 2638
17:11:41-Concord-INFO-train: Number of samples in train_dataloader: 2638
17:11:41-Concord-INFO-train: Number of samples in train_dataloader: 2638
17:11:41-Concord-INFO-train: Number of samples in train_dataloader: 2638
17:11:42-Concord-INFO-_run_epoch: Epoch   6 | Train Loss: 2.53, MSE: 0.00, CLASS: 0.00, CONTRAST: 2.53, IMPORTANCE: 0.00
17:11:42-Concord-INFO-_run_epoch: Epoch   6 | Train Loss: 2.53, MSE: 0.00, CLASS: 0.00, CONTRAST: 2.53, IMPORTANCE: 0.00
17:11:42-Concord-INFO-_run_epoch: Epoch   6 | Train Loss: 2.53, MSE: 0.00, CLASS: 0.00, CONTRAST: 2.53, IMPORTANCE: 0.00
17:11:42-Concord-INFO-_run_epoch: Epoch   6 | Train Loss: 2.53, MSE: 0.00, CLASS: 0.00, CONTRAST: 2.53, IMPORTANCE: 0.00
17:11:42-Concord-INFO-_run_epoch: Epoch   6 | Train Loss: 2.53, MSE: 0.00, CLASS: 0.00, CONTRAST: 2.53, IMPORTANCE: 0.00
17:11:42-Concord-INFO-_run_epoch: Epoch   6 | Train Loss: 2.53, MSE: 0.00, CLASS: 0.00, CONTRAST: 2.53, IMPORTANCE: 0.00
17:11:42-Concord-INFO-_run_epoch: Epoch   6 | Train Loss: 2.53, MSE: 0.00, CLASS: 0.00, CONTRAST: 2.53, IMPORTANCE: 0.00
17:11:42-Concord-INFO-_run_epoch: Epoch   6 | Train Loss: 2.53, MSE: 0.00, CLASS: 0.00, CONTRAST: 2.53, IMPORTANCE: 0.00
17:11:42-Concord-INFO-_run_epoch: Epoch   6 | Train Loss: 2.53, MSE: 0.00, CLASS: 0.00, CONTRAST: 2.53, IMPORTANCE: 0.00
17:11:42-Concord-INFO-_run_epoch: Epoch   6 | Train Loss: 2.53, MSE: 0.00, CLASS: 0.00, CONTRAST: 2.53, IMPORTANCE: 0.00
17:11:42-Concord-INFO-train: Starting epoch 8/15
17:11:42-Concord-INFO-train: Starting epoch 8/15
17:11:42-Concord-INFO-train: Starting epoch 8/15
17:11:42-Concord-INFO-train: Starting epoch 8/15
17:11:42-Concord-INFO-train: Starting epoch 8/15
17:11:42-Concord-INFO-train: Starting epoch 8/15
17:11:42-Concord-INFO-train: Starting epoch 8/15
17:11:42-Concord-INFO-train: Starting epoch 8/15
17:11:42-Concord-INFO-train: Starting epoch 8/15
17:11:42-Concord-INFO-train: Starting epoch 8/15
17:11:42-Concord-INFO-train: Processing chunk 1/1 for epoch 8
17:11:42-Concord-INFO-train: Processing chunk 1/1 for epoch 8
17:11:42-Concord-INFO-train: Processing chunk 1/1 for epoch 8
17:11:42-Concord-INFO-train: Processing chunk 1/1 for epoch 8
17:11:42-Concord-INFO-train: Processing chunk 1/1 for epoch 8
17:11:42-Concord-INFO-train: Processing chunk 1/1 for epoch 8
17:11:42-Concord-INFO-train: Processing chunk 1/1 for epoch 8
17:11:42-Concord-INFO-train: Processing chunk 1/1 for epoch 8
17:11:42-Concord-INFO-train: Processing chunk 1/1 for epoch 8
17:11:42-Concord-INFO-train: Processing chunk 1/1 for epoch 8
17:11:42-Concord-INFO-train: Number of samples in train_dataloader: 2638
17:11:42-Concord-INFO-train: Number of samples in train_dataloader: 2638
17:11:42-Concord-INFO-train: Number of samples in train_dataloader: 2638
17:11:42-Concord-INFO-train: Number of samples in train_dataloader: 2638
17:11:42-Concord-INFO-train: Number of samples in train_dataloader: 2638
17:11:42-Concord-INFO-train: Number of samples in train_dataloader: 2638
17:11:42-Concord-INFO-train: Number of samples in train_dataloader: 2638
17:11:42-Concord-INFO-train: Number of samples in train_dataloader: 2638
17:11:42-Concord-INFO-train: Number of samples in train_dataloader: 2638
17:11:42-Concord-INFO-train: Number of samples in train_dataloader: 2638
17:11:43-Concord-INFO-_run_epoch: Epoch   7 | Train Loss: 2.49, MSE: 0.00, CLASS: 0.00, CONTRAST: 2.49, IMPORTANCE: 0.00
17:11:43-Concord-INFO-_run_epoch: Epoch   7 | Train Loss: 2.49, MSE: 0.00, CLASS: 0.00, CONTRAST: 2.49, IMPORTANCE: 0.00
17:11:43-Concord-INFO-_run_epoch: Epoch   7 | Train Loss: 2.49, MSE: 0.00, CLASS: 0.00, CONTRAST: 2.49, IMPORTANCE: 0.00
17:11:43-Concord-INFO-_run_epoch: Epoch   7 | Train Loss: 2.49, MSE: 0.00, CLASS: 0.00, CONTRAST: 2.49, IMPORTANCE: 0.00
17:11:43-Concord-INFO-_run_epoch: Epoch   7 | Train Loss: 2.49, MSE: 0.00, CLASS: 0.00, CONTRAST: 2.49, IMPORTANCE: 0.00
17:11:43-Concord-INFO-_run_epoch: Epoch   7 | Train Loss: 2.49, MSE: 0.00, CLASS: 0.00, CONTRAST: 2.49, IMPORTANCE: 0.00
17:11:43-Concord-INFO-_run_epoch: Epoch   7 | Train Loss: 2.49, MSE: 0.00, CLASS: 0.00, CONTRAST: 2.49, IMPORTANCE: 0.00
17:11:43-Concord-INFO-_run_epoch: Epoch   7 | Train Loss: 2.49, MSE: 0.00, CLASS: 0.00, CONTRAST: 2.49, IMPORTANCE: 0.00
17:11:43-Concord-INFO-_run_epoch: Epoch   7 | Train Loss: 2.49, MSE: 0.00, CLASS: 0.00, CONTRAST: 2.49, IMPORTANCE: 0.00
17:11:43-Concord-INFO-_run_epoch: Epoch   7 | Train Loss: 2.49, MSE: 0.00, CLASS: 0.00, CONTRAST: 2.49, IMPORTANCE: 0.00
17:11:43-Concord-INFO-train: Starting epoch 9/15
17:11:43-Concord-INFO-train: Starting epoch 9/15
17:11:43-Concord-INFO-train: Starting epoch 9/15
17:11:43-Concord-INFO-train: Starting epoch 9/15
17:11:43-Concord-INFO-train: Starting epoch 9/15
17:11:43-Concord-INFO-train: Starting epoch 9/15
17:11:43-Concord-INFO-train: Starting epoch 9/15
17:11:43-Concord-INFO-train: Starting epoch 9/15
17:11:43-Concord-INFO-train: Starting epoch 9/15
17:11:43-Concord-INFO-train: Starting epoch 9/15
17:11:43-Concord-INFO-train: Processing chunk 1/1 for epoch 9
17:11:43-Concord-INFO-train: Processing chunk 1/1 for epoch 9
17:11:43-Concord-INFO-train: Processing chunk 1/1 for epoch 9
17:11:43-Concord-INFO-train: Processing chunk 1/1 for epoch 9
17:11:43-Concord-INFO-train: Processing chunk 1/1 for epoch 9
17:11:43-Concord-INFO-train: Processing chunk 1/1 for epoch 9
17:11:43-Concord-INFO-train: Processing chunk 1/1 for epoch 9
17:11:43-Concord-INFO-train: Processing chunk 1/1 for epoch 9
17:11:43-Concord-INFO-train: Processing chunk 1/1 for epoch 9
17:11:43-Concord-INFO-train: Processing chunk 1/1 for epoch 9
17:11:43-Concord-INFO-train: Number of samples in train_dataloader: 2638
17:11:43-Concord-INFO-train: Number of samples in train_dataloader: 2638
17:11:43-Concord-INFO-train: Number of samples in train_dataloader: 2638
17:11:43-Concord-INFO-train: Number of samples in train_dataloader: 2638
17:11:43-Concord-INFO-train: Number of samples in train_dataloader: 2638
17:11:43-Concord-INFO-train: Number of samples in train_dataloader: 2638
17:11:43-Concord-INFO-train: Number of samples in train_dataloader: 2638
17:11:43-Concord-INFO-train: Number of samples in train_dataloader: 2638
17:11:43-Concord-INFO-train: Number of samples in train_dataloader: 2638
17:11:43-Concord-INFO-train: Number of samples in train_dataloader: 2638
17:11:44-Concord-INFO-_run_epoch: Epoch   8 | Train Loss: 2.44, MSE: 0.00, CLASS: 0.00, CONTRAST: 2.44, IMPORTANCE: 0.00
17:11:44-Concord-INFO-_run_epoch: Epoch   8 | Train Loss: 2.44, MSE: 0.00, CLASS: 0.00, CONTRAST: 2.44, IMPORTANCE: 0.00
17:11:44-Concord-INFO-_run_epoch: Epoch   8 | Train Loss: 2.44, MSE: 0.00, CLASS: 0.00, CONTRAST: 2.44, IMPORTANCE: 0.00
17:11:44-Concord-INFO-_run_epoch: Epoch   8 | Train Loss: 2.44, MSE: 0.00, CLASS: 0.00, CONTRAST: 2.44, IMPORTANCE: 0.00
17:11:44-Concord-INFO-_run_epoch: Epoch   8 | Train Loss: 2.44, MSE: 0.00, CLASS: 0.00, CONTRAST: 2.44, IMPORTANCE: 0.00
17:11:44-Concord-INFO-_run_epoch: Epoch   8 | Train Loss: 2.44, MSE: 0.00, CLASS: 0.00, CONTRAST: 2.44, IMPORTANCE: 0.00
17:11:44-Concord-INFO-_run_epoch: Epoch   8 | Train Loss: 2.44, MSE: 0.00, CLASS: 0.00, CONTRAST: 2.44, IMPORTANCE: 0.00
17:11:44-Concord-INFO-_run_epoch: Epoch   8 | Train Loss: 2.44, MSE: 0.00, CLASS: 0.00, CONTRAST: 2.44, IMPORTANCE: 0.00
17:11:44-Concord-INFO-_run_epoch: Epoch   8 | Train Loss: 2.44, MSE: 0.00, CLASS: 0.00, CONTRAST: 2.44, IMPORTANCE: 0.00
17:11:44-Concord-INFO-_run_epoch: Epoch   8 | Train Loss: 2.44, MSE: 0.00, CLASS: 0.00, CONTRAST: 2.44, IMPORTANCE: 0.00
17:11:44-Concord-INFO-train: Starting epoch 10/15
17:11:44-Concord-INFO-train: Starting epoch 10/15
17:11:44-Concord-INFO-train: Starting epoch 10/15
17:11:44-Concord-INFO-train: Starting epoch 10/15
17:11:44-Concord-INFO-train: Starting epoch 10/15
17:11:44-Concord-INFO-train: Starting epoch 10/15
17:11:44-Concord-INFO-train: Starting epoch 10/15
17:11:44-Concord-INFO-train: Starting epoch 10/15
17:11:44-Concord-INFO-train: Starting epoch 10/15
17:11:44-Concord-INFO-train: Starting epoch 10/15
17:11:44-Concord-INFO-train: Processing chunk 1/1 for epoch 10
17:11:44-Concord-INFO-train: Processing chunk 1/1 for epoch 10
17:11:44-Concord-INFO-train: Processing chunk 1/1 for epoch 10
17:11:44-Concord-INFO-train: Processing chunk 1/1 for epoch 10
17:11:44-Concord-INFO-train: Processing chunk 1/1 for epoch 10
17:11:44-Concord-INFO-train: Processing chunk 1/1 for epoch 10
17:11:44-Concord-INFO-train: Processing chunk 1/1 for epoch 10
17:11:44-Concord-INFO-train: Processing chunk 1/1 for epoch 10
17:11:44-Concord-INFO-train: Processing chunk 1/1 for epoch 10
17:11:44-Concord-INFO-train: Processing chunk 1/1 for epoch 10
17:11:44-Concord-INFO-train: Number of samples in train_dataloader: 2638
17:11:44-Concord-INFO-train: Number of samples in train_dataloader: 2638
17:11:44-Concord-INFO-train: Number of samples in train_dataloader: 2638
17:11:44-Concord-INFO-train: Number of samples in train_dataloader: 2638
17:11:44-Concord-INFO-train: Number of samples in train_dataloader: 2638
17:11:44-Concord-INFO-train: Number of samples in train_dataloader: 2638
17:11:44-Concord-INFO-train: Number of samples in train_dataloader: 2638
17:11:44-Concord-INFO-train: Number of samples in train_dataloader: 2638
17:11:44-Concord-INFO-train: Number of samples in train_dataloader: 2638
17:11:44-Concord-INFO-train: Number of samples in train_dataloader: 2638
17:11:46-Concord-INFO-_run_epoch: Epoch   9 | Train Loss: 2.44, MSE: 0.00, CLASS: 0.00, CONTRAST: 2.44, IMPORTANCE: 0.00
17:11:46-Concord-INFO-_run_epoch: Epoch   9 | Train Loss: 2.44, MSE: 0.00, CLASS: 0.00, CONTRAST: 2.44, IMPORTANCE: 0.00
17:11:46-Concord-INFO-_run_epoch: Epoch   9 | Train Loss: 2.44, MSE: 0.00, CLASS: 0.00, CONTRAST: 2.44, IMPORTANCE: 0.00
17:11:46-Concord-INFO-_run_epoch: Epoch   9 | Train Loss: 2.44, MSE: 0.00, CLASS: 0.00, CONTRAST: 2.44, IMPORTANCE: 0.00
17:11:46-Concord-INFO-_run_epoch: Epoch   9 | Train Loss: 2.44, MSE: 0.00, CLASS: 0.00, CONTRAST: 2.44, IMPORTANCE: 0.00
17:11:46-Concord-INFO-_run_epoch: Epoch   9 | Train Loss: 2.44, MSE: 0.00, CLASS: 0.00, CONTRAST: 2.44, IMPORTANCE: 0.00
17:11:46-Concord-INFO-_run_epoch: Epoch   9 | Train Loss: 2.44, MSE: 0.00, CLASS: 0.00, CONTRAST: 2.44, IMPORTANCE: 0.00
17:11:46-Concord-INFO-_run_epoch: Epoch   9 | Train Loss: 2.44, MSE: 0.00, CLASS: 0.00, CONTRAST: 2.44, IMPORTANCE: 0.00
17:11:46-Concord-INFO-_run_epoch: Epoch   9 | Train Loss: 2.44, MSE: 0.00, CLASS: 0.00, CONTRAST: 2.44, IMPORTANCE: 0.00
17:11:46-Concord-INFO-_run_epoch: Epoch   9 | Train Loss: 2.44, MSE: 0.00, CLASS: 0.00, CONTRAST: 2.44, IMPORTANCE: 0.00
17:11:46-Concord-INFO-train: Starting epoch 11/15
17:11:46-Concord-INFO-train: Starting epoch 11/15
17:11:46-Concord-INFO-train: Starting epoch 11/15
17:11:46-Concord-INFO-train: Starting epoch 11/15
17:11:46-Concord-INFO-train: Starting epoch 11/15
17:11:46-Concord-INFO-train: Starting epoch 11/15
17:11:46-Concord-INFO-train: Starting epoch 11/15
17:11:46-Concord-INFO-train: Starting epoch 11/15
17:11:46-Concord-INFO-train: Starting epoch 11/15
17:11:46-Concord-INFO-train: Starting epoch 11/15
17:11:46-Concord-INFO-train: Processing chunk 1/1 for epoch 11
17:11:46-Concord-INFO-train: Processing chunk 1/1 for epoch 11
17:11:46-Concord-INFO-train: Processing chunk 1/1 for epoch 11
17:11:46-Concord-INFO-train: Processing chunk 1/1 for epoch 11
17:11:46-Concord-INFO-train: Processing chunk 1/1 for epoch 11
17:11:46-Concord-INFO-train: Processing chunk 1/1 for epoch 11
17:11:46-Concord-INFO-train: Processing chunk 1/1 for epoch 11
17:11:46-Concord-INFO-train: Processing chunk 1/1 for epoch 11
17:11:46-Concord-INFO-train: Processing chunk 1/1 for epoch 11
17:11:46-Concord-INFO-train: Processing chunk 1/1 for epoch 11
17:11:46-Concord-INFO-train: Number of samples in train_dataloader: 2638
17:11:46-Concord-INFO-train: Number of samples in train_dataloader: 2638
17:11:46-Concord-INFO-train: Number of samples in train_dataloader: 2638
17:11:46-Concord-INFO-train: Number of samples in train_dataloader: 2638
17:11:46-Concord-INFO-train: Number of samples in train_dataloader: 2638
17:11:46-Concord-INFO-train: Number of samples in train_dataloader: 2638
17:11:46-Concord-INFO-train: Number of samples in train_dataloader: 2638
17:11:46-Concord-INFO-train: Number of samples in train_dataloader: 2638
17:11:46-Concord-INFO-train: Number of samples in train_dataloader: 2638
17:11:46-Concord-INFO-train: Number of samples in train_dataloader: 2638
17:11:47-Concord-INFO-_run_epoch: Epoch  10 | Train Loss: 2.41, MSE: 0.00, CLASS: 0.00, CONTRAST: 2.41, IMPORTANCE: 0.00
17:11:47-Concord-INFO-_run_epoch: Epoch  10 | Train Loss: 2.41, MSE: 0.00, CLASS: 0.00, CONTRAST: 2.41, IMPORTANCE: 0.00
17:11:47-Concord-INFO-_run_epoch: Epoch  10 | Train Loss: 2.41, MSE: 0.00, CLASS: 0.00, CONTRAST: 2.41, IMPORTANCE: 0.00
17:11:47-Concord-INFO-_run_epoch: Epoch  10 | Train Loss: 2.41, MSE: 0.00, CLASS: 0.00, CONTRAST: 2.41, IMPORTANCE: 0.00
17:11:47-Concord-INFO-_run_epoch: Epoch  10 | Train Loss: 2.41, MSE: 0.00, CLASS: 0.00, CONTRAST: 2.41, IMPORTANCE: 0.00
17:11:47-Concord-INFO-_run_epoch: Epoch  10 | Train Loss: 2.41, MSE: 0.00, CLASS: 0.00, CONTRAST: 2.41, IMPORTANCE: 0.00
17:11:47-Concord-INFO-_run_epoch: Epoch  10 | Train Loss: 2.41, MSE: 0.00, CLASS: 0.00, CONTRAST: 2.41, IMPORTANCE: 0.00
17:11:47-Concord-INFO-_run_epoch: Epoch  10 | Train Loss: 2.41, MSE: 0.00, CLASS: 0.00, CONTRAST: 2.41, IMPORTANCE: 0.00
17:11:47-Concord-INFO-_run_epoch: Epoch  10 | Train Loss: 2.41, MSE: 0.00, CLASS: 0.00, CONTRAST: 2.41, IMPORTANCE: 0.00
17:11:47-Concord-INFO-_run_epoch: Epoch  10 | Train Loss: 2.41, MSE: 0.00, CLASS: 0.00, CONTRAST: 2.41, IMPORTANCE: 0.00
17:11:47-Concord-INFO-train: Starting epoch 12/15
17:11:47-Concord-INFO-train: Starting epoch 12/15
17:11:47-Concord-INFO-train: Starting epoch 12/15
17:11:47-Concord-INFO-train: Starting epoch 12/15
17:11:47-Concord-INFO-train: Starting epoch 12/15
17:11:47-Concord-INFO-train: Starting epoch 12/15
17:11:47-Concord-INFO-train: Starting epoch 12/15
17:11:47-Concord-INFO-train: Starting epoch 12/15
17:11:47-Concord-INFO-train: Starting epoch 12/15
17:11:47-Concord-INFO-train: Starting epoch 12/15
17:11:47-Concord-INFO-train: Processing chunk 1/1 for epoch 12
17:11:47-Concord-INFO-train: Processing chunk 1/1 for epoch 12
17:11:47-Concord-INFO-train: Processing chunk 1/1 for epoch 12
17:11:47-Concord-INFO-train: Processing chunk 1/1 for epoch 12
17:11:47-Concord-INFO-train: Processing chunk 1/1 for epoch 12
17:11:47-Concord-INFO-train: Processing chunk 1/1 for epoch 12
17:11:47-Concord-INFO-train: Processing chunk 1/1 for epoch 12
17:11:47-Concord-INFO-train: Processing chunk 1/1 for epoch 12
17:11:47-Concord-INFO-train: Processing chunk 1/1 for epoch 12
17:11:47-Concord-INFO-train: Processing chunk 1/1 for epoch 12
17:11:47-Concord-INFO-train: Number of samples in train_dataloader: 2638
17:11:47-Concord-INFO-train: Number of samples in train_dataloader: 2638
17:11:47-Concord-INFO-train: Number of samples in train_dataloader: 2638
17:11:47-Concord-INFO-train: Number of samples in train_dataloader: 2638
17:11:47-Concord-INFO-train: Number of samples in train_dataloader: 2638
17:11:47-Concord-INFO-train: Number of samples in train_dataloader: 2638
17:11:47-Concord-INFO-train: Number of samples in train_dataloader: 2638
17:11:47-Concord-INFO-train: Number of samples in train_dataloader: 2638
17:11:47-Concord-INFO-train: Number of samples in train_dataloader: 2638
17:11:47-Concord-INFO-train: Number of samples in train_dataloader: 2638
17:11:47-Concord-INFO-_run_epoch: Epoch  11 | Train Loss: 2.40, MSE: 0.00, CLASS: 0.00, CONTRAST: 2.40, IMPORTANCE: 0.00
17:11:47-Concord-INFO-_run_epoch: Epoch  11 | Train Loss: 2.40, MSE: 0.00, CLASS: 0.00, CONTRAST: 2.40, IMPORTANCE: 0.00
17:11:47-Concord-INFO-_run_epoch: Epoch  11 | Train Loss: 2.40, MSE: 0.00, CLASS: 0.00, CONTRAST: 2.40, IMPORTANCE: 0.00
17:11:47-Concord-INFO-_run_epoch: Epoch  11 | Train Loss: 2.40, MSE: 0.00, CLASS: 0.00, CONTRAST: 2.40, IMPORTANCE: 0.00
17:11:47-Concord-INFO-_run_epoch: Epoch  11 | Train Loss: 2.40, MSE: 0.00, CLASS: 0.00, CONTRAST: 2.40, IMPORTANCE: 0.00
17:11:47-Concord-INFO-_run_epoch: Epoch  11 | Train Loss: 2.40, MSE: 0.00, CLASS: 0.00, CONTRAST: 2.40, IMPORTANCE: 0.00
17:11:47-Concord-INFO-_run_epoch: Epoch  11 | Train Loss: 2.40, MSE: 0.00, CLASS: 0.00, CONTRAST: 2.40, IMPORTANCE: 0.00
17:11:47-Concord-INFO-_run_epoch: Epoch  11 | Train Loss: 2.40, MSE: 0.00, CLASS: 0.00, CONTRAST: 2.40, IMPORTANCE: 0.00
17:11:47-Concord-INFO-_run_epoch: Epoch  11 | Train Loss: 2.40, MSE: 0.00, CLASS: 0.00, CONTRAST: 2.40, IMPORTANCE: 0.00
17:11:47-Concord-INFO-_run_epoch: Epoch  11 | Train Loss: 2.40, MSE: 0.00, CLASS: 0.00, CONTRAST: 2.40, IMPORTANCE: 0.00
17:11:47-Concord-INFO-train: Starting epoch 13/15
17:11:47-Concord-INFO-train: Starting epoch 13/15
17:11:47-Concord-INFO-train: Starting epoch 13/15
17:11:47-Concord-INFO-train: Starting epoch 13/15
17:11:47-Concord-INFO-train: Starting epoch 13/15
17:11:47-Concord-INFO-train: Starting epoch 13/15
17:11:47-Concord-INFO-train: Starting epoch 13/15
17:11:47-Concord-INFO-train: Starting epoch 13/15
17:11:47-Concord-INFO-train: Starting epoch 13/15
17:11:47-Concord-INFO-train: Starting epoch 13/15
17:11:47-Concord-INFO-train: Processing chunk 1/1 for epoch 13
17:11:47-Concord-INFO-train: Processing chunk 1/1 for epoch 13
17:11:47-Concord-INFO-train: Processing chunk 1/1 for epoch 13
17:11:47-Concord-INFO-train: Processing chunk 1/1 for epoch 13
17:11:47-Concord-INFO-train: Processing chunk 1/1 for epoch 13
17:11:47-Concord-INFO-train: Processing chunk 1/1 for epoch 13
17:11:47-Concord-INFO-train: Processing chunk 1/1 for epoch 13
17:11:47-Concord-INFO-train: Processing chunk 1/1 for epoch 13
17:11:47-Concord-INFO-train: Processing chunk 1/1 for epoch 13
17:11:47-Concord-INFO-train: Processing chunk 1/1 for epoch 13
17:11:47-Concord-INFO-train: Number of samples in train_dataloader: 2638
17:11:47-Concord-INFO-train: Number of samples in train_dataloader: 2638
17:11:47-Concord-INFO-train: Number of samples in train_dataloader: 2638
17:11:47-Concord-INFO-train: Number of samples in train_dataloader: 2638
17:11:47-Concord-INFO-train: Number of samples in train_dataloader: 2638
17:11:47-Concord-INFO-train: Number of samples in train_dataloader: 2638
17:11:47-Concord-INFO-train: Number of samples in train_dataloader: 2638
17:11:47-Concord-INFO-train: Number of samples in train_dataloader: 2638
17:11:47-Concord-INFO-train: Number of samples in train_dataloader: 2638
17:11:47-Concord-INFO-train: Number of samples in train_dataloader: 2638
17:11:48-Concord-INFO-_run_epoch: Epoch  12 | Train Loss: 2.38, MSE: 0.00, CLASS: 0.00, CONTRAST: 2.38, IMPORTANCE: 0.00
17:11:48-Concord-INFO-_run_epoch: Epoch  12 | Train Loss: 2.38, MSE: 0.00, CLASS: 0.00, CONTRAST: 2.38, IMPORTANCE: 0.00
17:11:48-Concord-INFO-_run_epoch: Epoch  12 | Train Loss: 2.38, MSE: 0.00, CLASS: 0.00, CONTRAST: 2.38, IMPORTANCE: 0.00
17:11:48-Concord-INFO-_run_epoch: Epoch  12 | Train Loss: 2.38, MSE: 0.00, CLASS: 0.00, CONTRAST: 2.38, IMPORTANCE: 0.00
17:11:48-Concord-INFO-_run_epoch: Epoch  12 | Train Loss: 2.38, MSE: 0.00, CLASS: 0.00, CONTRAST: 2.38, IMPORTANCE: 0.00
17:11:48-Concord-INFO-_run_epoch: Epoch  12 | Train Loss: 2.38, MSE: 0.00, CLASS: 0.00, CONTRAST: 2.38, IMPORTANCE: 0.00
17:11:48-Concord-INFO-_run_epoch: Epoch  12 | Train Loss: 2.38, MSE: 0.00, CLASS: 0.00, CONTRAST: 2.38, IMPORTANCE: 0.00
17:11:48-Concord-INFO-_run_epoch: Epoch  12 | Train Loss: 2.38, MSE: 0.00, CLASS: 0.00, CONTRAST: 2.38, IMPORTANCE: 0.00
17:11:48-Concord-INFO-_run_epoch: Epoch  12 | Train Loss: 2.38, MSE: 0.00, CLASS: 0.00, CONTRAST: 2.38, IMPORTANCE: 0.00
17:11:48-Concord-INFO-_run_epoch: Epoch  12 | Train Loss: 2.38, MSE: 0.00, CLASS: 0.00, CONTRAST: 2.38, IMPORTANCE: 0.00
17:11:48-Concord-INFO-train: Starting epoch 14/15
17:11:48-Concord-INFO-train: Starting epoch 14/15
17:11:48-Concord-INFO-train: Starting epoch 14/15
17:11:48-Concord-INFO-train: Starting epoch 14/15
17:11:48-Concord-INFO-train: Starting epoch 14/15
17:11:48-Concord-INFO-train: Starting epoch 14/15
17:11:48-Concord-INFO-train: Starting epoch 14/15
17:11:48-Concord-INFO-train: Starting epoch 14/15
17:11:48-Concord-INFO-train: Starting epoch 14/15
17:11:48-Concord-INFO-train: Starting epoch 14/15
17:11:48-Concord-INFO-train: Processing chunk 1/1 for epoch 14
17:11:48-Concord-INFO-train: Processing chunk 1/1 for epoch 14
17:11:48-Concord-INFO-train: Processing chunk 1/1 for epoch 14
17:11:48-Concord-INFO-train: Processing chunk 1/1 for epoch 14
17:11:48-Concord-INFO-train: Processing chunk 1/1 for epoch 14
17:11:48-Concord-INFO-train: Processing chunk 1/1 for epoch 14
17:11:48-Concord-INFO-train: Processing chunk 1/1 for epoch 14
17:11:48-Concord-INFO-train: Processing chunk 1/1 for epoch 14
17:11:48-Concord-INFO-train: Processing chunk 1/1 for epoch 14
17:11:48-Concord-INFO-train: Processing chunk 1/1 for epoch 14
17:11:48-Concord-INFO-train: Number of samples in train_dataloader: 2638
17:11:48-Concord-INFO-train: Number of samples in train_dataloader: 2638
17:11:48-Concord-INFO-train: Number of samples in train_dataloader: 2638
17:11:48-Concord-INFO-train: Number of samples in train_dataloader: 2638
17:11:48-Concord-INFO-train: Number of samples in train_dataloader: 2638
17:11:48-Concord-INFO-train: Number of samples in train_dataloader: 2638
17:11:48-Concord-INFO-train: Number of samples in train_dataloader: 2638
17:11:48-Concord-INFO-train: Number of samples in train_dataloader: 2638
17:11:48-Concord-INFO-train: Number of samples in train_dataloader: 2638
17:11:48-Concord-INFO-train: Number of samples in train_dataloader: 2638
17:11:49-Concord-INFO-_run_epoch: Epoch  13 | Train Loss: 2.37, MSE: 0.00, CLASS: 0.00, CONTRAST: 2.37, IMPORTANCE: 0.00
17:11:49-Concord-INFO-_run_epoch: Epoch  13 | Train Loss: 2.37, MSE: 0.00, CLASS: 0.00, CONTRAST: 2.37, IMPORTANCE: 0.00
17:11:49-Concord-INFO-_run_epoch: Epoch  13 | Train Loss: 2.37, MSE: 0.00, CLASS: 0.00, CONTRAST: 2.37, IMPORTANCE: 0.00
17:11:49-Concord-INFO-_run_epoch: Epoch  13 | Train Loss: 2.37, MSE: 0.00, CLASS: 0.00, CONTRAST: 2.37, IMPORTANCE: 0.00
17:11:49-Concord-INFO-_run_epoch: Epoch  13 | Train Loss: 2.37, MSE: 0.00, CLASS: 0.00, CONTRAST: 2.37, IMPORTANCE: 0.00
17:11:49-Concord-INFO-_run_epoch: Epoch  13 | Train Loss: 2.37, MSE: 0.00, CLASS: 0.00, CONTRAST: 2.37, IMPORTANCE: 0.00
17:11:49-Concord-INFO-_run_epoch: Epoch  13 | Train Loss: 2.37, MSE: 0.00, CLASS: 0.00, CONTRAST: 2.37, IMPORTANCE: 0.00
17:11:49-Concord-INFO-_run_epoch: Epoch  13 | Train Loss: 2.37, MSE: 0.00, CLASS: 0.00, CONTRAST: 2.37, IMPORTANCE: 0.00
17:11:49-Concord-INFO-_run_epoch: Epoch  13 | Train Loss: 2.37, MSE: 0.00, CLASS: 0.00, CONTRAST: 2.37, IMPORTANCE: 0.00
17:11:49-Concord-INFO-_run_epoch: Epoch  13 | Train Loss: 2.37, MSE: 0.00, CLASS: 0.00, CONTRAST: 2.37, IMPORTANCE: 0.00
17:11:49-Concord-INFO-train: Starting epoch 15/15
17:11:49-Concord-INFO-train: Starting epoch 15/15
17:11:49-Concord-INFO-train: Starting epoch 15/15
17:11:49-Concord-INFO-train: Starting epoch 15/15
17:11:49-Concord-INFO-train: Starting epoch 15/15
17:11:49-Concord-INFO-train: Starting epoch 15/15
17:11:49-Concord-INFO-train: Starting epoch 15/15
17:11:49-Concord-INFO-train: Starting epoch 15/15
17:11:49-Concord-INFO-train: Starting epoch 15/15
17:11:49-Concord-INFO-train: Starting epoch 15/15
17:11:49-Concord-INFO-train: Processing chunk 1/1 for epoch 15
17:11:49-Concord-INFO-train: Processing chunk 1/1 for epoch 15
17:11:49-Concord-INFO-train: Processing chunk 1/1 for epoch 15
17:11:49-Concord-INFO-train: Processing chunk 1/1 for epoch 15
17:11:49-Concord-INFO-train: Processing chunk 1/1 for epoch 15
17:11:49-Concord-INFO-train: Processing chunk 1/1 for epoch 15
17:11:49-Concord-INFO-train: Processing chunk 1/1 for epoch 15
17:11:49-Concord-INFO-train: Processing chunk 1/1 for epoch 15
17:11:49-Concord-INFO-train: Processing chunk 1/1 for epoch 15
17:11:49-Concord-INFO-train: Processing chunk 1/1 for epoch 15
17:11:49-Concord-INFO-train: Number of samples in train_dataloader: 2638
17:11:49-Concord-INFO-train: Number of samples in train_dataloader: 2638
17:11:49-Concord-INFO-train: Number of samples in train_dataloader: 2638
17:11:49-Concord-INFO-train: Number of samples in train_dataloader: 2638
17:11:49-Concord-INFO-train: Number of samples in train_dataloader: 2638
17:11:49-Concord-INFO-train: Number of samples in train_dataloader: 2638
17:11:49-Concord-INFO-train: Number of samples in train_dataloader: 2638
17:11:49-Concord-INFO-train: Number of samples in train_dataloader: 2638
17:11:49-Concord-INFO-train: Number of samples in train_dataloader: 2638
17:11:49-Concord-INFO-train: Number of samples in train_dataloader: 2638
17:11:50-Concord-INFO-_run_epoch: Epoch  14 | Train Loss: 2.35, MSE: 0.00, CLASS: 0.00, CONTRAST: 2.35, IMPORTANCE: 0.00
17:11:50-Concord-INFO-_run_epoch: Epoch  14 | Train Loss: 2.35, MSE: 0.00, CLASS: 0.00, CONTRAST: 2.35, IMPORTANCE: 0.00
17:11:50-Concord-INFO-_run_epoch: Epoch  14 | Train Loss: 2.35, MSE: 0.00, CLASS: 0.00, CONTRAST: 2.35, IMPORTANCE: 0.00
17:11:50-Concord-INFO-_run_epoch: Epoch  14 | Train Loss: 2.35, MSE: 0.00, CLASS: 0.00, CONTRAST: 2.35, IMPORTANCE: 0.00
17:11:50-Concord-INFO-_run_epoch: Epoch  14 | Train Loss: 2.35, MSE: 0.00, CLASS: 0.00, CONTRAST: 2.35, IMPORTANCE: 0.00
17:11:50-Concord-INFO-_run_epoch: Epoch  14 | Train Loss: 2.35, MSE: 0.00, CLASS: 0.00, CONTRAST: 2.35, IMPORTANCE: 0.00
17:11:50-Concord-INFO-_run_epoch: Epoch  14 | Train Loss: 2.35, MSE: 0.00, CLASS: 0.00, CONTRAST: 2.35, IMPORTANCE: 0.00
17:11:50-Concord-INFO-_run_epoch: Epoch  14 | Train Loss: 2.35, MSE: 0.00, CLASS: 0.00, CONTRAST: 2.35, IMPORTANCE: 0.00
17:11:50-Concord-INFO-_run_epoch: Epoch  14 | Train Loss: 2.35, MSE: 0.00, CLASS: 0.00, CONTRAST: 2.35, IMPORTANCE: 0.00
17:11:50-Concord-INFO-_run_epoch: Epoch  14 | Train Loss: 2.35, MSE: 0.00, CLASS: 0.00, CONTRAST: 2.35, IMPORTANCE: 0.00
17:11:51-Concord-INFO-save_model: Model saved to save/final_model_Apr17-1711.pt
17:11:51-Concord-INFO-save_model: Model saved to save/final_model_Apr17-1711.pt
17:11:51-Concord-INFO-save_model: Model saved to save/final_model_Apr17-1711.pt
17:11:51-Concord-INFO-save_model: Model saved to save/final_model_Apr17-1711.pt
17:11:51-Concord-INFO-save_model: Model saved to save/final_model_Apr17-1711.pt
17:11:51-Concord-INFO-save_model: Model saved to save/final_model_Apr17-1711.pt
17:11:51-Concord-INFO-save_model: Model saved to save/final_model_Apr17-1711.pt
17:11:51-Concord-INFO-save_model: Model saved to save/final_model_Apr17-1711.pt
17:11:51-Concord-INFO-save_model: Model saved to save/final_model_Apr17-1711.pt
17:11:51-Concord-INFO-save_model: Model saved to save/final_model_Apr17-1711.pt
17:11:51-Concord-INFO-train: Final model saved at: save/final_model_Apr17-1711.pt; Configuration saved at: save/config_Apr17-1711.json.
17:11:51-Concord-INFO-train: Final model saved at: save/final_model_Apr17-1711.pt; Configuration saved at: save/config_Apr17-1711.json.
17:11:51-Concord-INFO-train: Final model saved at: save/final_model_Apr17-1711.pt; Configuration saved at: save/config_Apr17-1711.json.
17:11:51-Concord-INFO-train: Final model saved at: save/final_model_Apr17-1711.pt; Configuration saved at: save/config_Apr17-1711.json.
17:11:51-Concord-INFO-train: Final model saved at: save/final_model_Apr17-1711.pt; Configuration saved at: save/config_Apr17-1711.json.
17:11:51-Concord-INFO-train: Final model saved at: save/final_model_Apr17-1711.pt; Configuration saved at: save/config_Apr17-1711.json.
17:11:51-Concord-INFO-train: Final model saved at: save/final_model_Apr17-1711.pt; Configuration saved at: save/config_Apr17-1711.json.
17:11:51-Concord-INFO-train: Final model saved at: save/final_model_Apr17-1711.pt; Configuration saved at: save/config_Apr17-1711.json.
17:11:51-Concord-INFO-train: Final model saved at: save/final_model_Apr17-1711.pt; Configuration saved at: save/config_Apr17-1711.json.
17:11:51-Concord-INFO-train: Final model saved at: save/final_model_Apr17-1711.pt; Configuration saved at: save/config_Apr17-1711.json.
17:11:51-Concord-INFO-predict: Predicting for chunk 1/1
17:11:51-Concord-INFO-predict: Predicting for chunk 1/1
17:11:51-Concord-INFO-predict: Predicting for chunk 1/1
17:11:51-Concord-INFO-predict: Predicting for chunk 1/1
17:11:51-Concord-INFO-predict: Predicting for chunk 1/1
17:11:51-Concord-INFO-predict: Predicting for chunk 1/1
17:11:51-Concord-INFO-predict: Predicting for chunk 1/1
17:11:51-Concord-INFO-predict: Predicting for chunk 1/1
17:11:51-Concord-INFO-predict: Predicting for chunk 1/1
17:11:51-Concord-INFO-predict: Predicting for chunk 1/1
17:11:55-Concord-INFO-run_umap: UMAP embedding stored in adata.obsm['Concord_UMAP']
17:11:55-Concord-INFO-run_umap: UMAP embedding stored in adata.obsm['Concord_UMAP']
17:11:55-Concord-INFO-run_umap: UMAP embedding stored in adata.obsm['Concord_UMAP']
17:11:55-Concord-INFO-run_umap: UMAP embedding stored in adata.obsm['Concord_UMAP']
17:11:55-Concord-INFO-run_umap: UMAP embedding stored in adata.obsm['Concord_UMAP']
17:11:55-Concord-INFO-run_umap: UMAP embedding stored in adata.obsm['Concord_UMAP']
17:11:55-Concord-INFO-run_umap: UMAP embedding stored in adata.obsm['Concord_UMAP']
17:11:55-Concord-INFO-run_umap: UMAP embedding stored in adata.obsm['Concord_UMAP']
17:11:55-Concord-INFO-run_umap: UMAP embedding stored in adata.obsm['Concord_UMAP']
17:11:55-Concord-INFO-run_umap: UMAP embedding stored in adata.obsm['Concord_UMAP']
17:16:43-Concord-WARNING-__init__: domain/batch information not found, all samples will be treated as from single domain/batch.
17:16:43-Concord-WARNING-__init__: domain/batch information not found, all samples will be treated as from single domain/batch.
17:16:43-Concord-WARNING-__init__: domain/batch information not found, all samples will be treated as from single domain/batch.
17:16:43-Concord-WARNING-__init__: domain/batch information not found, all samples will be treated as from single domain/batch.
17:16:43-Concord-WARNING-__init__: domain/batch information not found, all samples will be treated as from single domain/batch.
17:16:43-Concord-WARNING-__init__: domain/batch information not found, all samples will be treated as from single domain/batch.
17:16:43-Concord-WARNING-__init__: domain/batch information not found, all samples will be treated as from single domain/batch.
17:16:43-Concord-WARNING-__init__: domain/batch information not found, all samples will be treated as from single domain/batch.
17:16:43-Concord-WARNING-__init__: domain/batch information not found, all samples will be treated as from single domain/batch.
17:16:43-Concord-WARNING-__init__: domain/batch information not found, all samples will be treated as from single domain/batch.
17:16:43-Concord-WARNING-__init__: domain/batch information not found, all samples will be treated as from single domain/batch.
17:16:43-Concord-INFO-__init__: Encoder input dim: 2000
17:16:43-Concord-INFO-__init__: Encoder input dim: 2000
17:16:43-Concord-INFO-__init__: Encoder input dim: 2000
17:16:43-Concord-INFO-__init__: Encoder input dim: 2000
17:16:43-Concord-INFO-__init__: Encoder input dim: 2000
17:16:43-Concord-INFO-__init__: Encoder input dim: 2000
17:16:43-Concord-INFO-__init__: Encoder input dim: 2000
17:16:43-Concord-INFO-__init__: Encoder input dim: 2000
17:16:43-Concord-INFO-__init__: Encoder input dim: 2000
17:16:43-Concord-INFO-__init__: Encoder input dim: 2000
17:16:43-Concord-INFO-__init__: Encoder input dim: 2000
17:16:43-Concord-INFO-init_model: Model loaded to device: cpu
17:16:43-Concord-INFO-init_model: Model loaded to device: cpu
17:16:43-Concord-INFO-init_model: Model loaded to device: cpu
17:16:43-Concord-INFO-init_model: Model loaded to device: cpu
17:16:43-Concord-INFO-init_model: Model loaded to device: cpu
17:16:43-Concord-INFO-init_model: Model loaded to device: cpu
17:16:43-Concord-INFO-init_model: Model loaded to device: cpu
17:16:43-Concord-INFO-init_model: Model loaded to device: cpu
17:16:43-Concord-INFO-init_model: Model loaded to device: cpu
17:16:43-Concord-INFO-init_model: Model loaded to device: cpu
17:16:43-Concord-INFO-init_model: Model loaded to device: cpu
17:16:43-Concord-INFO-init_model: Total number of parameters: 2103308
17:16:43-Concord-INFO-init_model: Total number of parameters: 2103308
17:16:43-Concord-INFO-init_model: Total number of parameters: 2103308
17:16:43-Concord-INFO-init_model: Total number of parameters: 2103308
17:16:43-Concord-INFO-init_model: Total number of parameters: 2103308
17:16:43-Concord-INFO-init_model: Total number of parameters: 2103308
17:16:43-Concord-INFO-init_model: Total number of parameters: 2103308
17:16:43-Concord-INFO-init_model: Total number of parameters: 2103308
17:16:43-Concord-INFO-init_model: Total number of parameters: 2103308
17:16:43-Concord-INFO-init_model: Total number of parameters: 2103308
17:16:43-Concord-INFO-init_model: Total number of parameters: 2103308
17:16:43-Concord-INFO-train: Starting epoch 1/15
17:16:43-Concord-INFO-train: Starting epoch 1/15
17:16:43-Concord-INFO-train: Starting epoch 1/15
17:16:43-Concord-INFO-train: Starting epoch 1/15
17:16:43-Concord-INFO-train: Starting epoch 1/15
17:16:43-Concord-INFO-train: Starting epoch 1/15
17:16:43-Concord-INFO-train: Starting epoch 1/15
17:16:43-Concord-INFO-train: Starting epoch 1/15
17:16:43-Concord-INFO-train: Starting epoch 1/15
17:16:43-Concord-INFO-train: Starting epoch 1/15
17:16:43-Concord-INFO-train: Starting epoch 1/15
17:16:43-Concord-INFO-train: Processing chunk 1/1 for epoch 1
17:16:43-Concord-INFO-train: Processing chunk 1/1 for epoch 1
17:16:43-Concord-INFO-train: Processing chunk 1/1 for epoch 1
17:16:43-Concord-INFO-train: Processing chunk 1/1 for epoch 1
17:16:43-Concord-INFO-train: Processing chunk 1/1 for epoch 1
17:16:43-Concord-INFO-train: Processing chunk 1/1 for epoch 1
17:16:43-Concord-INFO-train: Processing chunk 1/1 for epoch 1
17:16:43-Concord-INFO-train: Processing chunk 1/1 for epoch 1
17:16:43-Concord-INFO-train: Processing chunk 1/1 for epoch 1
17:16:43-Concord-INFO-train: Processing chunk 1/1 for epoch 1
17:16:43-Concord-INFO-train: Processing chunk 1/1 for epoch 1
17:16:43-Concord-INFO-train: Number of samples in train_dataloader: 2638
17:16:43-Concord-INFO-train: Number of samples in train_dataloader: 2638
17:16:43-Concord-INFO-train: Number of samples in train_dataloader: 2638
17:16:43-Concord-INFO-train: Number of samples in train_dataloader: 2638
17:16:43-Concord-INFO-train: Number of samples in train_dataloader: 2638
17:16:43-Concord-INFO-train: Number of samples in train_dataloader: 2638
17:16:43-Concord-INFO-train: Number of samples in train_dataloader: 2638
17:16:43-Concord-INFO-train: Number of samples in train_dataloader: 2638
17:16:43-Concord-INFO-train: Number of samples in train_dataloader: 2638
17:16:43-Concord-INFO-train: Number of samples in train_dataloader: 2638
17:16:43-Concord-INFO-train: Number of samples in train_dataloader: 2638
17:16:43-Concord-INFO-_run_epoch: Epoch   0 | Train Loss: 3.64, MSE: 0.00, CLASS: 0.00, CONTRAST: 3.64, IMPORTANCE: 0.00
17:16:43-Concord-INFO-_run_epoch: Epoch   0 | Train Loss: 3.64, MSE: 0.00, CLASS: 0.00, CONTRAST: 3.64, IMPORTANCE: 0.00
17:16:43-Concord-INFO-_run_epoch: Epoch   0 | Train Loss: 3.64, MSE: 0.00, CLASS: 0.00, CONTRAST: 3.64, IMPORTANCE: 0.00
17:16:43-Concord-INFO-_run_epoch: Epoch   0 | Train Loss: 3.64, MSE: 0.00, CLASS: 0.00, CONTRAST: 3.64, IMPORTANCE: 0.00
17:16:43-Concord-INFO-_run_epoch: Epoch   0 | Train Loss: 3.64, MSE: 0.00, CLASS: 0.00, CONTRAST: 3.64, IMPORTANCE: 0.00
17:16:43-Concord-INFO-_run_epoch: Epoch   0 | Train Loss: 3.64, MSE: 0.00, CLASS: 0.00, CONTRAST: 3.64, IMPORTANCE: 0.00
17:16:43-Concord-INFO-_run_epoch: Epoch   0 | Train Loss: 3.64, MSE: 0.00, CLASS: 0.00, CONTRAST: 3.64, IMPORTANCE: 0.00
17:16:43-Concord-INFO-_run_epoch: Epoch   0 | Train Loss: 3.64, MSE: 0.00, CLASS: 0.00, CONTRAST: 3.64, IMPORTANCE: 0.00
17:16:43-Concord-INFO-_run_epoch: Epoch   0 | Train Loss: 3.64, MSE: 0.00, CLASS: 0.00, CONTRAST: 3.64, IMPORTANCE: 0.00
17:16:43-Concord-INFO-_run_epoch: Epoch   0 | Train Loss: 3.64, MSE: 0.00, CLASS: 0.00, CONTRAST: 3.64, IMPORTANCE: 0.00
17:16:43-Concord-INFO-_run_epoch: Epoch   0 | Train Loss: 3.64, MSE: 0.00, CLASS: 0.00, CONTRAST: 3.64, IMPORTANCE: 0.00
17:16:43-Concord-INFO-train: Starting epoch 2/15
17:16:43-Concord-INFO-train: Starting epoch 2/15
17:16:43-Concord-INFO-train: Starting epoch 2/15
17:16:43-Concord-INFO-train: Starting epoch 2/15
17:16:43-Concord-INFO-train: Starting epoch 2/15
17:16:43-Concord-INFO-train: Starting epoch 2/15
17:16:43-Concord-INFO-train: Starting epoch 2/15
17:16:43-Concord-INFO-train: Starting epoch 2/15
17:16:43-Concord-INFO-train: Starting epoch 2/15
17:16:43-Concord-INFO-train: Starting epoch 2/15
17:16:43-Concord-INFO-train: Starting epoch 2/15
17:16:43-Concord-INFO-train: Processing chunk 1/1 for epoch 2
17:16:43-Concord-INFO-train: Processing chunk 1/1 for epoch 2
17:16:43-Concord-INFO-train: Processing chunk 1/1 for epoch 2
17:16:43-Concord-INFO-train: Processing chunk 1/1 for epoch 2
17:16:43-Concord-INFO-train: Processing chunk 1/1 for epoch 2
17:16:43-Concord-INFO-train: Processing chunk 1/1 for epoch 2
17:16:43-Concord-INFO-train: Processing chunk 1/1 for epoch 2
17:16:43-Concord-INFO-train: Processing chunk 1/1 for epoch 2
17:16:43-Concord-INFO-train: Processing chunk 1/1 for epoch 2
17:16:43-Concord-INFO-train: Processing chunk 1/1 for epoch 2
17:16:43-Concord-INFO-train: Processing chunk 1/1 for epoch 2
17:16:43-Concord-INFO-train: Number of samples in train_dataloader: 2638
17:16:43-Concord-INFO-train: Number of samples in train_dataloader: 2638
17:16:43-Concord-INFO-train: Number of samples in train_dataloader: 2638
17:16:43-Concord-INFO-train: Number of samples in train_dataloader: 2638
17:16:43-Concord-INFO-train: Number of samples in train_dataloader: 2638
17:16:43-Concord-INFO-train: Number of samples in train_dataloader: 2638
17:16:43-Concord-INFO-train: Number of samples in train_dataloader: 2638
17:16:43-Concord-INFO-train: Number of samples in train_dataloader: 2638
17:16:43-Concord-INFO-train: Number of samples in train_dataloader: 2638
17:16:43-Concord-INFO-train: Number of samples in train_dataloader: 2638
17:16:43-Concord-INFO-train: Number of samples in train_dataloader: 2638
17:16:44-Concord-INFO-_run_epoch: Epoch   1 | Train Loss: 3.11, MSE: 0.00, CLASS: 0.00, CONTRAST: 3.11, IMPORTANCE: 0.00
17:16:44-Concord-INFO-_run_epoch: Epoch   1 | Train Loss: 3.11, MSE: 0.00, CLASS: 0.00, CONTRAST: 3.11, IMPORTANCE: 0.00
17:16:44-Concord-INFO-_run_epoch: Epoch   1 | Train Loss: 3.11, MSE: 0.00, CLASS: 0.00, CONTRAST: 3.11, IMPORTANCE: 0.00
17:16:44-Concord-INFO-_run_epoch: Epoch   1 | Train Loss: 3.11, MSE: 0.00, CLASS: 0.00, CONTRAST: 3.11, IMPORTANCE: 0.00
17:16:44-Concord-INFO-_run_epoch: Epoch   1 | Train Loss: 3.11, MSE: 0.00, CLASS: 0.00, CONTRAST: 3.11, IMPORTANCE: 0.00
17:16:44-Concord-INFO-_run_epoch: Epoch   1 | Train Loss: 3.11, MSE: 0.00, CLASS: 0.00, CONTRAST: 3.11, IMPORTANCE: 0.00
17:16:44-Concord-INFO-_run_epoch: Epoch   1 | Train Loss: 3.11, MSE: 0.00, CLASS: 0.00, CONTRAST: 3.11, IMPORTANCE: 0.00
17:16:44-Concord-INFO-_run_epoch: Epoch   1 | Train Loss: 3.11, MSE: 0.00, CLASS: 0.00, CONTRAST: 3.11, IMPORTANCE: 0.00
17:16:44-Concord-INFO-_run_epoch: Epoch   1 | Train Loss: 3.11, MSE: 0.00, CLASS: 0.00, CONTRAST: 3.11, IMPORTANCE: 0.00
17:16:44-Concord-INFO-_run_epoch: Epoch   1 | Train Loss: 3.11, MSE: 0.00, CLASS: 0.00, CONTRAST: 3.11, IMPORTANCE: 0.00
17:16:44-Concord-INFO-_run_epoch: Epoch   1 | Train Loss: 3.11, MSE: 0.00, CLASS: 0.00, CONTRAST: 3.11, IMPORTANCE: 0.00
17:16:44-Concord-INFO-train: Starting epoch 3/15
17:16:44-Concord-INFO-train: Starting epoch 3/15
17:16:44-Concord-INFO-train: Starting epoch 3/15
17:16:44-Concord-INFO-train: Starting epoch 3/15
17:16:44-Concord-INFO-train: Starting epoch 3/15
17:16:44-Concord-INFO-train: Starting epoch 3/15
17:16:44-Concord-INFO-train: Starting epoch 3/15
17:16:44-Concord-INFO-train: Starting epoch 3/15
17:16:44-Concord-INFO-train: Starting epoch 3/15
17:16:44-Concord-INFO-train: Starting epoch 3/15
17:16:44-Concord-INFO-train: Starting epoch 3/15
17:16:44-Concord-INFO-train: Processing chunk 1/1 for epoch 3
17:16:44-Concord-INFO-train: Processing chunk 1/1 for epoch 3
17:16:44-Concord-INFO-train: Processing chunk 1/1 for epoch 3
17:16:44-Concord-INFO-train: Processing chunk 1/1 for epoch 3
17:16:44-Concord-INFO-train: Processing chunk 1/1 for epoch 3
17:16:44-Concord-INFO-train: Processing chunk 1/1 for epoch 3
17:16:44-Concord-INFO-train: Processing chunk 1/1 for epoch 3
17:16:44-Concord-INFO-train: Processing chunk 1/1 for epoch 3
17:16:44-Concord-INFO-train: Processing chunk 1/1 for epoch 3
17:16:44-Concord-INFO-train: Processing chunk 1/1 for epoch 3
17:16:44-Concord-INFO-train: Processing chunk 1/1 for epoch 3
17:16:44-Concord-INFO-train: Number of samples in train_dataloader: 2638
17:16:44-Concord-INFO-train: Number of samples in train_dataloader: 2638
17:16:44-Concord-INFO-train: Number of samples in train_dataloader: 2638
17:16:44-Concord-INFO-train: Number of samples in train_dataloader: 2638
17:16:44-Concord-INFO-train: Number of samples in train_dataloader: 2638
17:16:44-Concord-INFO-train: Number of samples in train_dataloader: 2638
17:16:44-Concord-INFO-train: Number of samples in train_dataloader: 2638
17:16:44-Concord-INFO-train: Number of samples in train_dataloader: 2638
17:16:44-Concord-INFO-train: Number of samples in train_dataloader: 2638
17:16:44-Concord-INFO-train: Number of samples in train_dataloader: 2638
17:16:44-Concord-INFO-train: Number of samples in train_dataloader: 2638
17:16:45-Concord-INFO-_run_epoch: Epoch   2 | Train Loss: 2.85, MSE: 0.00, CLASS: 0.00, CONTRAST: 2.85, IMPORTANCE: 0.00
17:16:45-Concord-INFO-_run_epoch: Epoch   2 | Train Loss: 2.85, MSE: 0.00, CLASS: 0.00, CONTRAST: 2.85, IMPORTANCE: 0.00
17:16:45-Concord-INFO-_run_epoch: Epoch   2 | Train Loss: 2.85, MSE: 0.00, CLASS: 0.00, CONTRAST: 2.85, IMPORTANCE: 0.00
17:16:45-Concord-INFO-_run_epoch: Epoch   2 | Train Loss: 2.85, MSE: 0.00, CLASS: 0.00, CONTRAST: 2.85, IMPORTANCE: 0.00
17:16:45-Concord-INFO-_run_epoch: Epoch   2 | Train Loss: 2.85, MSE: 0.00, CLASS: 0.00, CONTRAST: 2.85, IMPORTANCE: 0.00
17:16:45-Concord-INFO-_run_epoch: Epoch   2 | Train Loss: 2.85, MSE: 0.00, CLASS: 0.00, CONTRAST: 2.85, IMPORTANCE: 0.00
17:16:45-Concord-INFO-_run_epoch: Epoch   2 | Train Loss: 2.85, MSE: 0.00, CLASS: 0.00, CONTRAST: 2.85, IMPORTANCE: 0.00
17:16:45-Concord-INFO-_run_epoch: Epoch   2 | Train Loss: 2.85, MSE: 0.00, CLASS: 0.00, CONTRAST: 2.85, IMPORTANCE: 0.00
17:16:45-Concord-INFO-_run_epoch: Epoch   2 | Train Loss: 2.85, MSE: 0.00, CLASS: 0.00, CONTRAST: 2.85, IMPORTANCE: 0.00
17:16:45-Concord-INFO-_run_epoch: Epoch   2 | Train Loss: 2.85, MSE: 0.00, CLASS: 0.00, CONTRAST: 2.85, IMPORTANCE: 0.00
17:16:45-Concord-INFO-_run_epoch: Epoch   2 | Train Loss: 2.85, MSE: 0.00, CLASS: 0.00, CONTRAST: 2.85, IMPORTANCE: 0.00
17:16:45-Concord-INFO-train: Starting epoch 4/15
17:16:45-Concord-INFO-train: Starting epoch 4/15
17:16:45-Concord-INFO-train: Starting epoch 4/15
17:16:45-Concord-INFO-train: Starting epoch 4/15
17:16:45-Concord-INFO-train: Starting epoch 4/15
17:16:45-Concord-INFO-train: Starting epoch 4/15
17:16:45-Concord-INFO-train: Starting epoch 4/15
17:16:45-Concord-INFO-train: Starting epoch 4/15
17:16:45-Concord-INFO-train: Starting epoch 4/15
17:16:45-Concord-INFO-train: Starting epoch 4/15
17:16:45-Concord-INFO-train: Starting epoch 4/15
17:16:45-Concord-INFO-train: Processing chunk 1/1 for epoch 4
17:16:45-Concord-INFO-train: Processing chunk 1/1 for epoch 4
17:16:45-Concord-INFO-train: Processing chunk 1/1 for epoch 4
17:16:45-Concord-INFO-train: Processing chunk 1/1 for epoch 4
17:16:45-Concord-INFO-train: Processing chunk 1/1 for epoch 4
17:16:45-Concord-INFO-train: Processing chunk 1/1 for epoch 4
17:16:45-Concord-INFO-train: Processing chunk 1/1 for epoch 4
17:16:45-Concord-INFO-train: Processing chunk 1/1 for epoch 4
17:16:45-Concord-INFO-train: Processing chunk 1/1 for epoch 4
17:16:45-Concord-INFO-train: Processing chunk 1/1 for epoch 4
17:16:45-Concord-INFO-train: Processing chunk 1/1 for epoch 4
17:16:45-Concord-INFO-train: Number of samples in train_dataloader: 2638
17:16:45-Concord-INFO-train: Number of samples in train_dataloader: 2638
17:16:45-Concord-INFO-train: Number of samples in train_dataloader: 2638
17:16:45-Concord-INFO-train: Number of samples in train_dataloader: 2638
17:16:45-Concord-INFO-train: Number of samples in train_dataloader: 2638
17:16:45-Concord-INFO-train: Number of samples in train_dataloader: 2638
17:16:45-Concord-INFO-train: Number of samples in train_dataloader: 2638
17:16:45-Concord-INFO-train: Number of samples in train_dataloader: 2638
17:16:45-Concord-INFO-train: Number of samples in train_dataloader: 2638
17:16:45-Concord-INFO-train: Number of samples in train_dataloader: 2638
17:16:45-Concord-INFO-train: Number of samples in train_dataloader: 2638
17:16:45-Concord-INFO-_run_epoch: Epoch   3 | Train Loss: 2.75, MSE: 0.00, CLASS: 0.00, CONTRAST: 2.75, IMPORTANCE: 0.00
17:16:45-Concord-INFO-_run_epoch: Epoch   3 | Train Loss: 2.75, MSE: 0.00, CLASS: 0.00, CONTRAST: 2.75, IMPORTANCE: 0.00
17:16:45-Concord-INFO-_run_epoch: Epoch   3 | Train Loss: 2.75, MSE: 0.00, CLASS: 0.00, CONTRAST: 2.75, IMPORTANCE: 0.00
17:16:45-Concord-INFO-_run_epoch: Epoch   3 | Train Loss: 2.75, MSE: 0.00, CLASS: 0.00, CONTRAST: 2.75, IMPORTANCE: 0.00
17:16:45-Concord-INFO-_run_epoch: Epoch   3 | Train Loss: 2.75, MSE: 0.00, CLASS: 0.00, CONTRAST: 2.75, IMPORTANCE: 0.00
17:16:45-Concord-INFO-_run_epoch: Epoch   3 | Train Loss: 2.75, MSE: 0.00, CLASS: 0.00, CONTRAST: 2.75, IMPORTANCE: 0.00
17:16:45-Concord-INFO-_run_epoch: Epoch   3 | Train Loss: 2.75, MSE: 0.00, CLASS: 0.00, CONTRAST: 2.75, IMPORTANCE: 0.00
17:16:45-Concord-INFO-_run_epoch: Epoch   3 | Train Loss: 2.75, MSE: 0.00, CLASS: 0.00, CONTRAST: 2.75, IMPORTANCE: 0.00
17:16:45-Concord-INFO-_run_epoch: Epoch   3 | Train Loss: 2.75, MSE: 0.00, CLASS: 0.00, CONTRAST: 2.75, IMPORTANCE: 0.00
17:16:45-Concord-INFO-_run_epoch: Epoch   3 | Train Loss: 2.75, MSE: 0.00, CLASS: 0.00, CONTRAST: 2.75, IMPORTANCE: 0.00
17:16:45-Concord-INFO-_run_epoch: Epoch   3 | Train Loss: 2.75, MSE: 0.00, CLASS: 0.00, CONTRAST: 2.75, IMPORTANCE: 0.00
17:16:45-Concord-INFO-train: Starting epoch 5/15
17:16:45-Concord-INFO-train: Starting epoch 5/15
17:16:45-Concord-INFO-train: Starting epoch 5/15
17:16:45-Concord-INFO-train: Starting epoch 5/15
17:16:45-Concord-INFO-train: Starting epoch 5/15
17:16:45-Concord-INFO-train: Starting epoch 5/15
17:16:45-Concord-INFO-train: Starting epoch 5/15
17:16:45-Concord-INFO-train: Starting epoch 5/15
17:16:45-Concord-INFO-train: Starting epoch 5/15
17:16:45-Concord-INFO-train: Starting epoch 5/15
17:16:45-Concord-INFO-train: Starting epoch 5/15
17:16:45-Concord-INFO-train: Processing chunk 1/1 for epoch 5
17:16:45-Concord-INFO-train: Processing chunk 1/1 for epoch 5
17:16:45-Concord-INFO-train: Processing chunk 1/1 for epoch 5
17:16:45-Concord-INFO-train: Processing chunk 1/1 for epoch 5
17:16:45-Concord-INFO-train: Processing chunk 1/1 for epoch 5
17:16:45-Concord-INFO-train: Processing chunk 1/1 for epoch 5
17:16:45-Concord-INFO-train: Processing chunk 1/1 for epoch 5
17:16:45-Concord-INFO-train: Processing chunk 1/1 for epoch 5
17:16:45-Concord-INFO-train: Processing chunk 1/1 for epoch 5
17:16:45-Concord-INFO-train: Processing chunk 1/1 for epoch 5
17:16:45-Concord-INFO-train: Processing chunk 1/1 for epoch 5
17:16:45-Concord-INFO-train: Number of samples in train_dataloader: 2638
17:16:45-Concord-INFO-train: Number of samples in train_dataloader: 2638
17:16:45-Concord-INFO-train: Number of samples in train_dataloader: 2638
17:16:45-Concord-INFO-train: Number of samples in train_dataloader: 2638
17:16:45-Concord-INFO-train: Number of samples in train_dataloader: 2638
17:16:45-Concord-INFO-train: Number of samples in train_dataloader: 2638
17:16:45-Concord-INFO-train: Number of samples in train_dataloader: 2638
17:16:45-Concord-INFO-train: Number of samples in train_dataloader: 2638
17:16:45-Concord-INFO-train: Number of samples in train_dataloader: 2638
17:16:45-Concord-INFO-train: Number of samples in train_dataloader: 2638
17:16:45-Concord-INFO-train: Number of samples in train_dataloader: 2638
17:16:46-Concord-INFO-_run_epoch: Epoch   4 | Train Loss: 2.72, MSE: 0.00, CLASS: 0.00, CONTRAST: 2.72, IMPORTANCE: 0.00
17:16:46-Concord-INFO-_run_epoch: Epoch   4 | Train Loss: 2.72, MSE: 0.00, CLASS: 0.00, CONTRAST: 2.72, IMPORTANCE: 0.00
17:16:46-Concord-INFO-_run_epoch: Epoch   4 | Train Loss: 2.72, MSE: 0.00, CLASS: 0.00, CONTRAST: 2.72, IMPORTANCE: 0.00
17:16:46-Concord-INFO-_run_epoch: Epoch   4 | Train Loss: 2.72, MSE: 0.00, CLASS: 0.00, CONTRAST: 2.72, IMPORTANCE: 0.00
17:16:46-Concord-INFO-_run_epoch: Epoch   4 | Train Loss: 2.72, MSE: 0.00, CLASS: 0.00, CONTRAST: 2.72, IMPORTANCE: 0.00
17:16:46-Concord-INFO-_run_epoch: Epoch   4 | Train Loss: 2.72, MSE: 0.00, CLASS: 0.00, CONTRAST: 2.72, IMPORTANCE: 0.00
17:16:46-Concord-INFO-_run_epoch: Epoch   4 | Train Loss: 2.72, MSE: 0.00, CLASS: 0.00, CONTRAST: 2.72, IMPORTANCE: 0.00
17:16:46-Concord-INFO-_run_epoch: Epoch   4 | Train Loss: 2.72, MSE: 0.00, CLASS: 0.00, CONTRAST: 2.72, IMPORTANCE: 0.00
17:16:46-Concord-INFO-_run_epoch: Epoch   4 | Train Loss: 2.72, MSE: 0.00, CLASS: 0.00, CONTRAST: 2.72, IMPORTANCE: 0.00
17:16:46-Concord-INFO-_run_epoch: Epoch   4 | Train Loss: 2.72, MSE: 0.00, CLASS: 0.00, CONTRAST: 2.72, IMPORTANCE: 0.00
17:16:46-Concord-INFO-_run_epoch: Epoch   4 | Train Loss: 2.72, MSE: 0.00, CLASS: 0.00, CONTRAST: 2.72, IMPORTANCE: 0.00
17:16:46-Concord-INFO-train: Starting epoch 6/15
17:16:46-Concord-INFO-train: Starting epoch 6/15
17:16:46-Concord-INFO-train: Starting epoch 6/15
17:16:46-Concord-INFO-train: Starting epoch 6/15
17:16:46-Concord-INFO-train: Starting epoch 6/15
17:16:46-Concord-INFO-train: Starting epoch 6/15
17:16:46-Concord-INFO-train: Starting epoch 6/15
17:16:46-Concord-INFO-train: Starting epoch 6/15
17:16:46-Concord-INFO-train: Starting epoch 6/15
17:16:46-Concord-INFO-train: Starting epoch 6/15
17:16:46-Concord-INFO-train: Starting epoch 6/15
17:16:46-Concord-INFO-train: Processing chunk 1/1 for epoch 6
17:16:46-Concord-INFO-train: Processing chunk 1/1 for epoch 6
17:16:46-Concord-INFO-train: Processing chunk 1/1 for epoch 6
17:16:46-Concord-INFO-train: Processing chunk 1/1 for epoch 6
17:16:46-Concord-INFO-train: Processing chunk 1/1 for epoch 6
17:16:46-Concord-INFO-train: Processing chunk 1/1 for epoch 6
17:16:46-Concord-INFO-train: Processing chunk 1/1 for epoch 6
17:16:46-Concord-INFO-train: Processing chunk 1/1 for epoch 6
17:16:46-Concord-INFO-train: Processing chunk 1/1 for epoch 6
17:16:46-Concord-INFO-train: Processing chunk 1/1 for epoch 6
17:16:46-Concord-INFO-train: Processing chunk 1/1 for epoch 6
17:16:46-Concord-INFO-train: Number of samples in train_dataloader: 2638
17:16:46-Concord-INFO-train: Number of samples in train_dataloader: 2638
17:16:46-Concord-INFO-train: Number of samples in train_dataloader: 2638
17:16:46-Concord-INFO-train: Number of samples in train_dataloader: 2638
17:16:46-Concord-INFO-train: Number of samples in train_dataloader: 2638
17:16:46-Concord-INFO-train: Number of samples in train_dataloader: 2638
17:16:46-Concord-INFO-train: Number of samples in train_dataloader: 2638
17:16:46-Concord-INFO-train: Number of samples in train_dataloader: 2638
17:16:46-Concord-INFO-train: Number of samples in train_dataloader: 2638
17:16:46-Concord-INFO-train: Number of samples in train_dataloader: 2638
17:16:46-Concord-INFO-train: Number of samples in train_dataloader: 2638
17:16:47-Concord-INFO-_run_epoch: Epoch   5 | Train Loss: 2.62, MSE: 0.00, CLASS: 0.00, CONTRAST: 2.62, IMPORTANCE: 0.00
17:16:47-Concord-INFO-_run_epoch: Epoch   5 | Train Loss: 2.62, MSE: 0.00, CLASS: 0.00, CONTRAST: 2.62, IMPORTANCE: 0.00
17:16:47-Concord-INFO-_run_epoch: Epoch   5 | Train Loss: 2.62, MSE: 0.00, CLASS: 0.00, CONTRAST: 2.62, IMPORTANCE: 0.00
17:16:47-Concord-INFO-_run_epoch: Epoch   5 | Train Loss: 2.62, MSE: 0.00, CLASS: 0.00, CONTRAST: 2.62, IMPORTANCE: 0.00
17:16:47-Concord-INFO-_run_epoch: Epoch   5 | Train Loss: 2.62, MSE: 0.00, CLASS: 0.00, CONTRAST: 2.62, IMPORTANCE: 0.00
17:16:47-Concord-INFO-_run_epoch: Epoch   5 | Train Loss: 2.62, MSE: 0.00, CLASS: 0.00, CONTRAST: 2.62, IMPORTANCE: 0.00
17:16:47-Concord-INFO-_run_epoch: Epoch   5 | Train Loss: 2.62, MSE: 0.00, CLASS: 0.00, CONTRAST: 2.62, IMPORTANCE: 0.00
17:16:47-Concord-INFO-_run_epoch: Epoch   5 | Train Loss: 2.62, MSE: 0.00, CLASS: 0.00, CONTRAST: 2.62, IMPORTANCE: 0.00
17:16:47-Concord-INFO-_run_epoch: Epoch   5 | Train Loss: 2.62, MSE: 0.00, CLASS: 0.00, CONTRAST: 2.62, IMPORTANCE: 0.00
17:16:47-Concord-INFO-_run_epoch: Epoch   5 | Train Loss: 2.62, MSE: 0.00, CLASS: 0.00, CONTRAST: 2.62, IMPORTANCE: 0.00
17:16:47-Concord-INFO-_run_epoch: Epoch   5 | Train Loss: 2.62, MSE: 0.00, CLASS: 0.00, CONTRAST: 2.62, IMPORTANCE: 0.00
17:16:47-Concord-INFO-train: Starting epoch 7/15
17:16:47-Concord-INFO-train: Starting epoch 7/15
17:16:47-Concord-INFO-train: Starting epoch 7/15
17:16:47-Concord-INFO-train: Starting epoch 7/15
17:16:47-Concord-INFO-train: Starting epoch 7/15
17:16:47-Concord-INFO-train: Starting epoch 7/15
17:16:47-Concord-INFO-train: Starting epoch 7/15
17:16:47-Concord-INFO-train: Starting epoch 7/15
17:16:47-Concord-INFO-train: Starting epoch 7/15
17:16:47-Concord-INFO-train: Starting epoch 7/15
17:16:47-Concord-INFO-train: Starting epoch 7/15
17:16:47-Concord-INFO-train: Processing chunk 1/1 for epoch 7
17:16:47-Concord-INFO-train: Processing chunk 1/1 for epoch 7
17:16:47-Concord-INFO-train: Processing chunk 1/1 for epoch 7
17:16:47-Concord-INFO-train: Processing chunk 1/1 for epoch 7
17:16:47-Concord-INFO-train: Processing chunk 1/1 for epoch 7
17:16:47-Concord-INFO-train: Processing chunk 1/1 for epoch 7
17:16:47-Concord-INFO-train: Processing chunk 1/1 for epoch 7
17:16:47-Concord-INFO-train: Processing chunk 1/1 for epoch 7
17:16:47-Concord-INFO-train: Processing chunk 1/1 for epoch 7
17:16:47-Concord-INFO-train: Processing chunk 1/1 for epoch 7
17:16:47-Concord-INFO-train: Processing chunk 1/1 for epoch 7
17:16:47-Concord-INFO-train: Number of samples in train_dataloader: 2638
17:16:47-Concord-INFO-train: Number of samples in train_dataloader: 2638
17:16:47-Concord-INFO-train: Number of samples in train_dataloader: 2638
17:16:47-Concord-INFO-train: Number of samples in train_dataloader: 2638
17:16:47-Concord-INFO-train: Number of samples in train_dataloader: 2638
17:16:47-Concord-INFO-train: Number of samples in train_dataloader: 2638
17:16:47-Concord-INFO-train: Number of samples in train_dataloader: 2638
17:16:47-Concord-INFO-train: Number of samples in train_dataloader: 2638
17:16:47-Concord-INFO-train: Number of samples in train_dataloader: 2638
17:16:47-Concord-INFO-train: Number of samples in train_dataloader: 2638
17:16:47-Concord-INFO-train: Number of samples in train_dataloader: 2638
17:16:47-Concord-INFO-_run_epoch: Epoch   6 | Train Loss: 2.60, MSE: 0.00, CLASS: 0.00, CONTRAST: 2.60, IMPORTANCE: 0.00
17:16:47-Concord-INFO-_run_epoch: Epoch   6 | Train Loss: 2.60, MSE: 0.00, CLASS: 0.00, CONTRAST: 2.60, IMPORTANCE: 0.00
17:16:47-Concord-INFO-_run_epoch: Epoch   6 | Train Loss: 2.60, MSE: 0.00, CLASS: 0.00, CONTRAST: 2.60, IMPORTANCE: 0.00
17:16:47-Concord-INFO-_run_epoch: Epoch   6 | Train Loss: 2.60, MSE: 0.00, CLASS: 0.00, CONTRAST: 2.60, IMPORTANCE: 0.00
17:16:47-Concord-INFO-_run_epoch: Epoch   6 | Train Loss: 2.60, MSE: 0.00, CLASS: 0.00, CONTRAST: 2.60, IMPORTANCE: 0.00
17:16:47-Concord-INFO-_run_epoch: Epoch   6 | Train Loss: 2.60, MSE: 0.00, CLASS: 0.00, CONTRAST: 2.60, IMPORTANCE: 0.00
17:16:47-Concord-INFO-_run_epoch: Epoch   6 | Train Loss: 2.60, MSE: 0.00, CLASS: 0.00, CONTRAST: 2.60, IMPORTANCE: 0.00
17:16:47-Concord-INFO-_run_epoch: Epoch   6 | Train Loss: 2.60, MSE: 0.00, CLASS: 0.00, CONTRAST: 2.60, IMPORTANCE: 0.00
17:16:47-Concord-INFO-_run_epoch: Epoch   6 | Train Loss: 2.60, MSE: 0.00, CLASS: 0.00, CONTRAST: 2.60, IMPORTANCE: 0.00
17:16:47-Concord-INFO-_run_epoch: Epoch   6 | Train Loss: 2.60, MSE: 0.00, CLASS: 0.00, CONTRAST: 2.60, IMPORTANCE: 0.00
17:16:47-Concord-INFO-_run_epoch: Epoch   6 | Train Loss: 2.60, MSE: 0.00, CLASS: 0.00, CONTRAST: 2.60, IMPORTANCE: 0.00
17:16:47-Concord-INFO-train: Starting epoch 8/15
17:16:47-Concord-INFO-train: Starting epoch 8/15
17:16:47-Concord-INFO-train: Starting epoch 8/15
17:16:47-Concord-INFO-train: Starting epoch 8/15
17:16:47-Concord-INFO-train: Starting epoch 8/15
17:16:47-Concord-INFO-train: Starting epoch 8/15
17:16:47-Concord-INFO-train: Starting epoch 8/15
17:16:47-Concord-INFO-train: Starting epoch 8/15
17:16:47-Concord-INFO-train: Starting epoch 8/15
17:16:47-Concord-INFO-train: Starting epoch 8/15
17:16:47-Concord-INFO-train: Starting epoch 8/15
17:16:47-Concord-INFO-train: Processing chunk 1/1 for epoch 8
17:16:47-Concord-INFO-train: Processing chunk 1/1 for epoch 8
17:16:47-Concord-INFO-train: Processing chunk 1/1 for epoch 8
17:16:47-Concord-INFO-train: Processing chunk 1/1 for epoch 8
17:16:47-Concord-INFO-train: Processing chunk 1/1 for epoch 8
17:16:47-Concord-INFO-train: Processing chunk 1/1 for epoch 8
17:16:47-Concord-INFO-train: Processing chunk 1/1 for epoch 8
17:16:47-Concord-INFO-train: Processing chunk 1/1 for epoch 8
17:16:47-Concord-INFO-train: Processing chunk 1/1 for epoch 8
17:16:47-Concord-INFO-train: Processing chunk 1/1 for epoch 8
17:16:47-Concord-INFO-train: Processing chunk 1/1 for epoch 8
17:16:47-Concord-INFO-train: Number of samples in train_dataloader: 2638
17:16:47-Concord-INFO-train: Number of samples in train_dataloader: 2638
17:16:47-Concord-INFO-train: Number of samples in train_dataloader: 2638
17:16:47-Concord-INFO-train: Number of samples in train_dataloader: 2638
17:16:47-Concord-INFO-train: Number of samples in train_dataloader: 2638
17:16:47-Concord-INFO-train: Number of samples in train_dataloader: 2638
17:16:47-Concord-INFO-train: Number of samples in train_dataloader: 2638
17:16:47-Concord-INFO-train: Number of samples in train_dataloader: 2638
17:16:47-Concord-INFO-train: Number of samples in train_dataloader: 2638
17:16:47-Concord-INFO-train: Number of samples in train_dataloader: 2638
17:16:47-Concord-INFO-train: Number of samples in train_dataloader: 2638
17:16:48-Concord-INFO-_run_epoch: Epoch   7 | Train Loss: 2.55, MSE: 0.00, CLASS: 0.00, CONTRAST: 2.55, IMPORTANCE: 0.00
17:16:48-Concord-INFO-_run_epoch: Epoch   7 | Train Loss: 2.55, MSE: 0.00, CLASS: 0.00, CONTRAST: 2.55, IMPORTANCE: 0.00
17:16:48-Concord-INFO-_run_epoch: Epoch   7 | Train Loss: 2.55, MSE: 0.00, CLASS: 0.00, CONTRAST: 2.55, IMPORTANCE: 0.00
17:16:48-Concord-INFO-_run_epoch: Epoch   7 | Train Loss: 2.55, MSE: 0.00, CLASS: 0.00, CONTRAST: 2.55, IMPORTANCE: 0.00
17:16:48-Concord-INFO-_run_epoch: Epoch   7 | Train Loss: 2.55, MSE: 0.00, CLASS: 0.00, CONTRAST: 2.55, IMPORTANCE: 0.00
17:16:48-Concord-INFO-_run_epoch: Epoch   7 | Train Loss: 2.55, MSE: 0.00, CLASS: 0.00, CONTRAST: 2.55, IMPORTANCE: 0.00
17:16:48-Concord-INFO-_run_epoch: Epoch   7 | Train Loss: 2.55, MSE: 0.00, CLASS: 0.00, CONTRAST: 2.55, IMPORTANCE: 0.00
17:16:48-Concord-INFO-_run_epoch: Epoch   7 | Train Loss: 2.55, MSE: 0.00, CLASS: 0.00, CONTRAST: 2.55, IMPORTANCE: 0.00
17:16:48-Concord-INFO-_run_epoch: Epoch   7 | Train Loss: 2.55, MSE: 0.00, CLASS: 0.00, CONTRAST: 2.55, IMPORTANCE: 0.00
17:16:48-Concord-INFO-_run_epoch: Epoch   7 | Train Loss: 2.55, MSE: 0.00, CLASS: 0.00, CONTRAST: 2.55, IMPORTANCE: 0.00
17:16:48-Concord-INFO-_run_epoch: Epoch   7 | Train Loss: 2.55, MSE: 0.00, CLASS: 0.00, CONTRAST: 2.55, IMPORTANCE: 0.00
17:16:48-Concord-INFO-train: Starting epoch 9/15
17:16:48-Concord-INFO-train: Starting epoch 9/15
17:16:48-Concord-INFO-train: Starting epoch 9/15
17:16:48-Concord-INFO-train: Starting epoch 9/15
17:16:48-Concord-INFO-train: Starting epoch 9/15
17:16:48-Concord-INFO-train: Starting epoch 9/15
17:16:48-Concord-INFO-train: Starting epoch 9/15
17:16:48-Concord-INFO-train: Starting epoch 9/15
17:16:48-Concord-INFO-train: Starting epoch 9/15
17:16:48-Concord-INFO-train: Starting epoch 9/15
17:16:48-Concord-INFO-train: Starting epoch 9/15
17:16:48-Concord-INFO-train: Processing chunk 1/1 for epoch 9
17:16:48-Concord-INFO-train: Processing chunk 1/1 for epoch 9
17:16:48-Concord-INFO-train: Processing chunk 1/1 for epoch 9
17:16:48-Concord-INFO-train: Processing chunk 1/1 for epoch 9
17:16:48-Concord-INFO-train: Processing chunk 1/1 for epoch 9
17:16:48-Concord-INFO-train: Processing chunk 1/1 for epoch 9
17:16:48-Concord-INFO-train: Processing chunk 1/1 for epoch 9
17:16:48-Concord-INFO-train: Processing chunk 1/1 for epoch 9
17:16:48-Concord-INFO-train: Processing chunk 1/1 for epoch 9
17:16:48-Concord-INFO-train: Processing chunk 1/1 for epoch 9
17:16:48-Concord-INFO-train: Processing chunk 1/1 for epoch 9
17:16:48-Concord-INFO-train: Number of samples in train_dataloader: 2638
17:16:48-Concord-INFO-train: Number of samples in train_dataloader: 2638
17:16:48-Concord-INFO-train: Number of samples in train_dataloader: 2638
17:16:48-Concord-INFO-train: Number of samples in train_dataloader: 2638
17:16:48-Concord-INFO-train: Number of samples in train_dataloader: 2638
17:16:48-Concord-INFO-train: Number of samples in train_dataloader: 2638
17:16:48-Concord-INFO-train: Number of samples in train_dataloader: 2638
17:16:48-Concord-INFO-train: Number of samples in train_dataloader: 2638
17:16:48-Concord-INFO-train: Number of samples in train_dataloader: 2638
17:16:48-Concord-INFO-train: Number of samples in train_dataloader: 2638
17:16:48-Concord-INFO-train: Number of samples in train_dataloader: 2638
17:16:48-Concord-INFO-_run_epoch: Epoch   8 | Train Loss: 2.52, MSE: 0.00, CLASS: 0.00, CONTRAST: 2.52, IMPORTANCE: 0.00
17:16:48-Concord-INFO-_run_epoch: Epoch   8 | Train Loss: 2.52, MSE: 0.00, CLASS: 0.00, CONTRAST: 2.52, IMPORTANCE: 0.00
17:16:48-Concord-INFO-_run_epoch: Epoch   8 | Train Loss: 2.52, MSE: 0.00, CLASS: 0.00, CONTRAST: 2.52, IMPORTANCE: 0.00
17:16:48-Concord-INFO-_run_epoch: Epoch   8 | Train Loss: 2.52, MSE: 0.00, CLASS: 0.00, CONTRAST: 2.52, IMPORTANCE: 0.00
17:16:48-Concord-INFO-_run_epoch: Epoch   8 | Train Loss: 2.52, MSE: 0.00, CLASS: 0.00, CONTRAST: 2.52, IMPORTANCE: 0.00
17:16:48-Concord-INFO-_run_epoch: Epoch   8 | Train Loss: 2.52, MSE: 0.00, CLASS: 0.00, CONTRAST: 2.52, IMPORTANCE: 0.00
17:16:48-Concord-INFO-_run_epoch: Epoch   8 | Train Loss: 2.52, MSE: 0.00, CLASS: 0.00, CONTRAST: 2.52, IMPORTANCE: 0.00
17:16:48-Concord-INFO-_run_epoch: Epoch   8 | Train Loss: 2.52, MSE: 0.00, CLASS: 0.00, CONTRAST: 2.52, IMPORTANCE: 0.00
17:16:48-Concord-INFO-_run_epoch: Epoch   8 | Train Loss: 2.52, MSE: 0.00, CLASS: 0.00, CONTRAST: 2.52, IMPORTANCE: 0.00
17:16:48-Concord-INFO-_run_epoch: Epoch   8 | Train Loss: 2.52, MSE: 0.00, CLASS: 0.00, CONTRAST: 2.52, IMPORTANCE: 0.00
17:16:48-Concord-INFO-_run_epoch: Epoch   8 | Train Loss: 2.52, MSE: 0.00, CLASS: 0.00, CONTRAST: 2.52, IMPORTANCE: 0.00
17:16:48-Concord-INFO-train: Starting epoch 10/15
17:16:48-Concord-INFO-train: Starting epoch 10/15
17:16:48-Concord-INFO-train: Starting epoch 10/15
17:16:48-Concord-INFO-train: Starting epoch 10/15
17:16:48-Concord-INFO-train: Starting epoch 10/15
17:16:48-Concord-INFO-train: Starting epoch 10/15
17:16:48-Concord-INFO-train: Starting epoch 10/15
17:16:48-Concord-INFO-train: Starting epoch 10/15
17:16:48-Concord-INFO-train: Starting epoch 10/15
17:16:48-Concord-INFO-train: Starting epoch 10/15
17:16:48-Concord-INFO-train: Starting epoch 10/15
17:16:48-Concord-INFO-train: Processing chunk 1/1 for epoch 10
17:16:48-Concord-INFO-train: Processing chunk 1/1 for epoch 10
17:16:48-Concord-INFO-train: Processing chunk 1/1 for epoch 10
17:16:48-Concord-INFO-train: Processing chunk 1/1 for epoch 10
17:16:48-Concord-INFO-train: Processing chunk 1/1 for epoch 10
17:16:48-Concord-INFO-train: Processing chunk 1/1 for epoch 10
17:16:48-Concord-INFO-train: Processing chunk 1/1 for epoch 10
17:16:48-Concord-INFO-train: Processing chunk 1/1 for epoch 10
17:16:48-Concord-INFO-train: Processing chunk 1/1 for epoch 10
17:16:48-Concord-INFO-train: Processing chunk 1/1 for epoch 10
17:16:48-Concord-INFO-train: Processing chunk 1/1 for epoch 10
17:16:48-Concord-INFO-train: Number of samples in train_dataloader: 2638
17:16:48-Concord-INFO-train: Number of samples in train_dataloader: 2638
17:16:48-Concord-INFO-train: Number of samples in train_dataloader: 2638
17:16:48-Concord-INFO-train: Number of samples in train_dataloader: 2638
17:16:48-Concord-INFO-train: Number of samples in train_dataloader: 2638
17:16:48-Concord-INFO-train: Number of samples in train_dataloader: 2638
17:16:48-Concord-INFO-train: Number of samples in train_dataloader: 2638
17:16:48-Concord-INFO-train: Number of samples in train_dataloader: 2638
17:16:48-Concord-INFO-train: Number of samples in train_dataloader: 2638
17:16:48-Concord-INFO-train: Number of samples in train_dataloader: 2638
17:16:48-Concord-INFO-train: Number of samples in train_dataloader: 2638
17:16:49-Concord-INFO-_run_epoch: Epoch   9 | Train Loss: 2.52, MSE: 0.00, CLASS: 0.00, CONTRAST: 2.52, IMPORTANCE: 0.00
17:16:49-Concord-INFO-_run_epoch: Epoch   9 | Train Loss: 2.52, MSE: 0.00, CLASS: 0.00, CONTRAST: 2.52, IMPORTANCE: 0.00
17:16:49-Concord-INFO-_run_epoch: Epoch   9 | Train Loss: 2.52, MSE: 0.00, CLASS: 0.00, CONTRAST: 2.52, IMPORTANCE: 0.00
17:16:49-Concord-INFO-_run_epoch: Epoch   9 | Train Loss: 2.52, MSE: 0.00, CLASS: 0.00, CONTRAST: 2.52, IMPORTANCE: 0.00
17:16:49-Concord-INFO-_run_epoch: Epoch   9 | Train Loss: 2.52, MSE: 0.00, CLASS: 0.00, CONTRAST: 2.52, IMPORTANCE: 0.00
17:16:49-Concord-INFO-_run_epoch: Epoch   9 | Train Loss: 2.52, MSE: 0.00, CLASS: 0.00, CONTRAST: 2.52, IMPORTANCE: 0.00
17:16:49-Concord-INFO-_run_epoch: Epoch   9 | Train Loss: 2.52, MSE: 0.00, CLASS: 0.00, CONTRAST: 2.52, IMPORTANCE: 0.00
17:16:49-Concord-INFO-_run_epoch: Epoch   9 | Train Loss: 2.52, MSE: 0.00, CLASS: 0.00, CONTRAST: 2.52, IMPORTANCE: 0.00
17:16:49-Concord-INFO-_run_epoch: Epoch   9 | Train Loss: 2.52, MSE: 0.00, CLASS: 0.00, CONTRAST: 2.52, IMPORTANCE: 0.00
17:16:49-Concord-INFO-_run_epoch: Epoch   9 | Train Loss: 2.52, MSE: 0.00, CLASS: 0.00, CONTRAST: 2.52, IMPORTANCE: 0.00
17:16:49-Concord-INFO-_run_epoch: Epoch   9 | Train Loss: 2.52, MSE: 0.00, CLASS: 0.00, CONTRAST: 2.52, IMPORTANCE: 0.00
17:16:49-Concord-INFO-train: Starting epoch 11/15
17:16:49-Concord-INFO-train: Starting epoch 11/15
17:16:49-Concord-INFO-train: Starting epoch 11/15
17:16:49-Concord-INFO-train: Starting epoch 11/15
17:16:49-Concord-INFO-train: Starting epoch 11/15
17:16:49-Concord-INFO-train: Starting epoch 11/15
17:16:49-Concord-INFO-train: Starting epoch 11/15
17:16:49-Concord-INFO-train: Starting epoch 11/15
17:16:49-Concord-INFO-train: Starting epoch 11/15
17:16:49-Concord-INFO-train: Starting epoch 11/15
17:16:49-Concord-INFO-train: Starting epoch 11/15
17:16:49-Concord-INFO-train: Processing chunk 1/1 for epoch 11
17:16:49-Concord-INFO-train: Processing chunk 1/1 for epoch 11
17:16:49-Concord-INFO-train: Processing chunk 1/1 for epoch 11
17:16:49-Concord-INFO-train: Processing chunk 1/1 for epoch 11
17:16:49-Concord-INFO-train: Processing chunk 1/1 for epoch 11
17:16:49-Concord-INFO-train: Processing chunk 1/1 for epoch 11
17:16:49-Concord-INFO-train: Processing chunk 1/1 for epoch 11
17:16:49-Concord-INFO-train: Processing chunk 1/1 for epoch 11
17:16:49-Concord-INFO-train: Processing chunk 1/1 for epoch 11
17:16:49-Concord-INFO-train: Processing chunk 1/1 for epoch 11
17:16:49-Concord-INFO-train: Processing chunk 1/1 for epoch 11
17:16:49-Concord-INFO-train: Number of samples in train_dataloader: 2638
17:16:49-Concord-INFO-train: Number of samples in train_dataloader: 2638
17:16:49-Concord-INFO-train: Number of samples in train_dataloader: 2638
17:16:49-Concord-INFO-train: Number of samples in train_dataloader: 2638
17:16:49-Concord-INFO-train: Number of samples in train_dataloader: 2638
17:16:49-Concord-INFO-train: Number of samples in train_dataloader: 2638
17:16:49-Concord-INFO-train: Number of samples in train_dataloader: 2638
17:16:49-Concord-INFO-train: Number of samples in train_dataloader: 2638
17:16:49-Concord-INFO-train: Number of samples in train_dataloader: 2638
17:16:49-Concord-INFO-train: Number of samples in train_dataloader: 2638
17:16:49-Concord-INFO-train: Number of samples in train_dataloader: 2638
17:16:49-Concord-INFO-_run_epoch: Epoch  10 | Train Loss: 2.49, MSE: 0.00, CLASS: 0.00, CONTRAST: 2.49, IMPORTANCE: 0.00
17:16:49-Concord-INFO-_run_epoch: Epoch  10 | Train Loss: 2.49, MSE: 0.00, CLASS: 0.00, CONTRAST: 2.49, IMPORTANCE: 0.00
17:16:49-Concord-INFO-_run_epoch: Epoch  10 | Train Loss: 2.49, MSE: 0.00, CLASS: 0.00, CONTRAST: 2.49, IMPORTANCE: 0.00
17:16:49-Concord-INFO-_run_epoch: Epoch  10 | Train Loss: 2.49, MSE: 0.00, CLASS: 0.00, CONTRAST: 2.49, IMPORTANCE: 0.00
17:16:49-Concord-INFO-_run_epoch: Epoch  10 | Train Loss: 2.49, MSE: 0.00, CLASS: 0.00, CONTRAST: 2.49, IMPORTANCE: 0.00
17:16:49-Concord-INFO-_run_epoch: Epoch  10 | Train Loss: 2.49, MSE: 0.00, CLASS: 0.00, CONTRAST: 2.49, IMPORTANCE: 0.00
17:16:49-Concord-INFO-_run_epoch: Epoch  10 | Train Loss: 2.49, MSE: 0.00, CLASS: 0.00, CONTRAST: 2.49, IMPORTANCE: 0.00
17:16:49-Concord-INFO-_run_epoch: Epoch  10 | Train Loss: 2.49, MSE: 0.00, CLASS: 0.00, CONTRAST: 2.49, IMPORTANCE: 0.00
17:16:49-Concord-INFO-_run_epoch: Epoch  10 | Train Loss: 2.49, MSE: 0.00, CLASS: 0.00, CONTRAST: 2.49, IMPORTANCE: 0.00
17:16:49-Concord-INFO-_run_epoch: Epoch  10 | Train Loss: 2.49, MSE: 0.00, CLASS: 0.00, CONTRAST: 2.49, IMPORTANCE: 0.00
17:16:49-Concord-INFO-_run_epoch: Epoch  10 | Train Loss: 2.49, MSE: 0.00, CLASS: 0.00, CONTRAST: 2.49, IMPORTANCE: 0.00
17:16:49-Concord-INFO-train: Starting epoch 12/15
17:16:49-Concord-INFO-train: Starting epoch 12/15
17:16:49-Concord-INFO-train: Starting epoch 12/15
17:16:49-Concord-INFO-train: Starting epoch 12/15
17:16:49-Concord-INFO-train: Starting epoch 12/15
17:16:49-Concord-INFO-train: Starting epoch 12/15
17:16:49-Concord-INFO-train: Starting epoch 12/15
17:16:49-Concord-INFO-train: Starting epoch 12/15
17:16:49-Concord-INFO-train: Starting epoch 12/15
17:16:49-Concord-INFO-train: Starting epoch 12/15
17:16:49-Concord-INFO-train: Starting epoch 12/15
17:16:49-Concord-INFO-train: Processing chunk 1/1 for epoch 12
17:16:49-Concord-INFO-train: Processing chunk 1/1 for epoch 12
17:16:49-Concord-INFO-train: Processing chunk 1/1 for epoch 12
17:16:49-Concord-INFO-train: Processing chunk 1/1 for epoch 12
17:16:49-Concord-INFO-train: Processing chunk 1/1 for epoch 12
17:16:49-Concord-INFO-train: Processing chunk 1/1 for epoch 12
17:16:49-Concord-INFO-train: Processing chunk 1/1 for epoch 12
17:16:49-Concord-INFO-train: Processing chunk 1/1 for epoch 12
17:16:49-Concord-INFO-train: Processing chunk 1/1 for epoch 12
17:16:49-Concord-INFO-train: Processing chunk 1/1 for epoch 12
17:16:49-Concord-INFO-train: Processing chunk 1/1 for epoch 12
17:16:49-Concord-INFO-train: Number of samples in train_dataloader: 2638
17:16:49-Concord-INFO-train: Number of samples in train_dataloader: 2638
17:16:49-Concord-INFO-train: Number of samples in train_dataloader: 2638
17:16:49-Concord-INFO-train: Number of samples in train_dataloader: 2638
17:16:49-Concord-INFO-train: Number of samples in train_dataloader: 2638
17:16:49-Concord-INFO-train: Number of samples in train_dataloader: 2638
17:16:49-Concord-INFO-train: Number of samples in train_dataloader: 2638
17:16:49-Concord-INFO-train: Number of samples in train_dataloader: 2638
17:16:49-Concord-INFO-train: Number of samples in train_dataloader: 2638
17:16:49-Concord-INFO-train: Number of samples in train_dataloader: 2638
17:16:49-Concord-INFO-train: Number of samples in train_dataloader: 2638
17:16:50-Concord-INFO-_run_epoch: Epoch  11 | Train Loss: 2.46, MSE: 0.00, CLASS: 0.00, CONTRAST: 2.46, IMPORTANCE: 0.00
17:16:50-Concord-INFO-_run_epoch: Epoch  11 | Train Loss: 2.46, MSE: 0.00, CLASS: 0.00, CONTRAST: 2.46, IMPORTANCE: 0.00
17:16:50-Concord-INFO-_run_epoch: Epoch  11 | Train Loss: 2.46, MSE: 0.00, CLASS: 0.00, CONTRAST: 2.46, IMPORTANCE: 0.00
17:16:50-Concord-INFO-_run_epoch: Epoch  11 | Train Loss: 2.46, MSE: 0.00, CLASS: 0.00, CONTRAST: 2.46, IMPORTANCE: 0.00
17:16:50-Concord-INFO-_run_epoch: Epoch  11 | Train Loss: 2.46, MSE: 0.00, CLASS: 0.00, CONTRAST: 2.46, IMPORTANCE: 0.00
17:16:50-Concord-INFO-_run_epoch: Epoch  11 | Train Loss: 2.46, MSE: 0.00, CLASS: 0.00, CONTRAST: 2.46, IMPORTANCE: 0.00
17:16:50-Concord-INFO-_run_epoch: Epoch  11 | Train Loss: 2.46, MSE: 0.00, CLASS: 0.00, CONTRAST: 2.46, IMPORTANCE: 0.00
17:16:50-Concord-INFO-_run_epoch: Epoch  11 | Train Loss: 2.46, MSE: 0.00, CLASS: 0.00, CONTRAST: 2.46, IMPORTANCE: 0.00
17:16:50-Concord-INFO-_run_epoch: Epoch  11 | Train Loss: 2.46, MSE: 0.00, CLASS: 0.00, CONTRAST: 2.46, IMPORTANCE: 0.00
17:16:50-Concord-INFO-_run_epoch: Epoch  11 | Train Loss: 2.46, MSE: 0.00, CLASS: 0.00, CONTRAST: 2.46, IMPORTANCE: 0.00
17:16:50-Concord-INFO-_run_epoch: Epoch  11 | Train Loss: 2.46, MSE: 0.00, CLASS: 0.00, CONTRAST: 2.46, IMPORTANCE: 0.00
17:16:50-Concord-INFO-train: Starting epoch 13/15
17:16:50-Concord-INFO-train: Starting epoch 13/15
17:16:50-Concord-INFO-train: Starting epoch 13/15
17:16:50-Concord-INFO-train: Starting epoch 13/15
17:16:50-Concord-INFO-train: Starting epoch 13/15
17:16:50-Concord-INFO-train: Starting epoch 13/15
17:16:50-Concord-INFO-train: Starting epoch 13/15
17:16:50-Concord-INFO-train: Starting epoch 13/15
17:16:50-Concord-INFO-train: Starting epoch 13/15
17:16:50-Concord-INFO-train: Starting epoch 13/15
17:16:50-Concord-INFO-train: Starting epoch 13/15
17:16:50-Concord-INFO-train: Processing chunk 1/1 for epoch 13
17:16:50-Concord-INFO-train: Processing chunk 1/1 for epoch 13
17:16:50-Concord-INFO-train: Processing chunk 1/1 for epoch 13
17:16:50-Concord-INFO-train: Processing chunk 1/1 for epoch 13
17:16:50-Concord-INFO-train: Processing chunk 1/1 for epoch 13
17:16:50-Concord-INFO-train: Processing chunk 1/1 for epoch 13
17:16:50-Concord-INFO-train: Processing chunk 1/1 for epoch 13
17:16:50-Concord-INFO-train: Processing chunk 1/1 for epoch 13
17:16:50-Concord-INFO-train: Processing chunk 1/1 for epoch 13
17:16:50-Concord-INFO-train: Processing chunk 1/1 for epoch 13
17:16:50-Concord-INFO-train: Processing chunk 1/1 for epoch 13
17:16:50-Concord-INFO-train: Number of samples in train_dataloader: 2638
17:16:50-Concord-INFO-train: Number of samples in train_dataloader: 2638
17:16:50-Concord-INFO-train: Number of samples in train_dataloader: 2638
17:16:50-Concord-INFO-train: Number of samples in train_dataloader: 2638
17:16:50-Concord-INFO-train: Number of samples in train_dataloader: 2638
17:16:50-Concord-INFO-train: Number of samples in train_dataloader: 2638
17:16:50-Concord-INFO-train: Number of samples in train_dataloader: 2638
17:16:50-Concord-INFO-train: Number of samples in train_dataloader: 2638
17:16:50-Concord-INFO-train: Number of samples in train_dataloader: 2638
17:16:50-Concord-INFO-train: Number of samples in train_dataloader: 2638
17:16:50-Concord-INFO-train: Number of samples in train_dataloader: 2638
17:16:51-Concord-INFO-_run_epoch: Epoch  12 | Train Loss: 2.41, MSE: 0.00, CLASS: 0.00, CONTRAST: 2.41, IMPORTANCE: 0.00
17:16:51-Concord-INFO-_run_epoch: Epoch  12 | Train Loss: 2.41, MSE: 0.00, CLASS: 0.00, CONTRAST: 2.41, IMPORTANCE: 0.00
17:16:51-Concord-INFO-_run_epoch: Epoch  12 | Train Loss: 2.41, MSE: 0.00, CLASS: 0.00, CONTRAST: 2.41, IMPORTANCE: 0.00
17:16:51-Concord-INFO-_run_epoch: Epoch  12 | Train Loss: 2.41, MSE: 0.00, CLASS: 0.00, CONTRAST: 2.41, IMPORTANCE: 0.00
17:16:51-Concord-INFO-_run_epoch: Epoch  12 | Train Loss: 2.41, MSE: 0.00, CLASS: 0.00, CONTRAST: 2.41, IMPORTANCE: 0.00
17:16:51-Concord-INFO-_run_epoch: Epoch  12 | Train Loss: 2.41, MSE: 0.00, CLASS: 0.00, CONTRAST: 2.41, IMPORTANCE: 0.00
17:16:51-Concord-INFO-_run_epoch: Epoch  12 | Train Loss: 2.41, MSE: 0.00, CLASS: 0.00, CONTRAST: 2.41, IMPORTANCE: 0.00
17:16:51-Concord-INFO-_run_epoch: Epoch  12 | Train Loss: 2.41, MSE: 0.00, CLASS: 0.00, CONTRAST: 2.41, IMPORTANCE: 0.00
17:16:51-Concord-INFO-_run_epoch: Epoch  12 | Train Loss: 2.41, MSE: 0.00, CLASS: 0.00, CONTRAST: 2.41, IMPORTANCE: 0.00
17:16:51-Concord-INFO-_run_epoch: Epoch  12 | Train Loss: 2.41, MSE: 0.00, CLASS: 0.00, CONTRAST: 2.41, IMPORTANCE: 0.00
17:16:51-Concord-INFO-_run_epoch: Epoch  12 | Train Loss: 2.41, MSE: 0.00, CLASS: 0.00, CONTRAST: 2.41, IMPORTANCE: 0.00
17:16:51-Concord-INFO-train: Starting epoch 14/15
17:16:51-Concord-INFO-train: Starting epoch 14/15
17:16:51-Concord-INFO-train: Starting epoch 14/15
17:16:51-Concord-INFO-train: Starting epoch 14/15
17:16:51-Concord-INFO-train: Starting epoch 14/15
17:16:51-Concord-INFO-train: Starting epoch 14/15
17:16:51-Concord-INFO-train: Starting epoch 14/15
17:16:51-Concord-INFO-train: Starting epoch 14/15
17:16:51-Concord-INFO-train: Starting epoch 14/15
17:16:51-Concord-INFO-train: Starting epoch 14/15
17:16:51-Concord-INFO-train: Starting epoch 14/15
17:16:51-Concord-INFO-train: Processing chunk 1/1 for epoch 14
17:16:51-Concord-INFO-train: Processing chunk 1/1 for epoch 14
17:16:51-Concord-INFO-train: Processing chunk 1/1 for epoch 14
17:16:51-Concord-INFO-train: Processing chunk 1/1 for epoch 14
17:16:51-Concord-INFO-train: Processing chunk 1/1 for epoch 14
17:16:51-Concord-INFO-train: Processing chunk 1/1 for epoch 14
17:16:51-Concord-INFO-train: Processing chunk 1/1 for epoch 14
17:16:51-Concord-INFO-train: Processing chunk 1/1 for epoch 14
17:16:51-Concord-INFO-train: Processing chunk 1/1 for epoch 14
17:16:51-Concord-INFO-train: Processing chunk 1/1 for epoch 14
17:16:51-Concord-INFO-train: Processing chunk 1/1 for epoch 14
17:16:51-Concord-INFO-train: Number of samples in train_dataloader: 2638
17:16:51-Concord-INFO-train: Number of samples in train_dataloader: 2638
17:16:51-Concord-INFO-train: Number of samples in train_dataloader: 2638
17:16:51-Concord-INFO-train: Number of samples in train_dataloader: 2638
17:16:51-Concord-INFO-train: Number of samples in train_dataloader: 2638
17:16:51-Concord-INFO-train: Number of samples in train_dataloader: 2638
17:16:51-Concord-INFO-train: Number of samples in train_dataloader: 2638
17:16:51-Concord-INFO-train: Number of samples in train_dataloader: 2638
17:16:51-Concord-INFO-train: Number of samples in train_dataloader: 2638
17:16:51-Concord-INFO-train: Number of samples in train_dataloader: 2638
17:16:51-Concord-INFO-train: Number of samples in train_dataloader: 2638
17:16:51-Concord-INFO-_run_epoch: Epoch  13 | Train Loss: 2.45, MSE: 0.00, CLASS: 0.00, CONTRAST: 2.45, IMPORTANCE: 0.00
17:16:51-Concord-INFO-_run_epoch: Epoch  13 | Train Loss: 2.45, MSE: 0.00, CLASS: 0.00, CONTRAST: 2.45, IMPORTANCE: 0.00
17:16:51-Concord-INFO-_run_epoch: Epoch  13 | Train Loss: 2.45, MSE: 0.00, CLASS: 0.00, CONTRAST: 2.45, IMPORTANCE: 0.00
17:16:51-Concord-INFO-_run_epoch: Epoch  13 | Train Loss: 2.45, MSE: 0.00, CLASS: 0.00, CONTRAST: 2.45, IMPORTANCE: 0.00
17:16:51-Concord-INFO-_run_epoch: Epoch  13 | Train Loss: 2.45, MSE: 0.00, CLASS: 0.00, CONTRAST: 2.45, IMPORTANCE: 0.00
17:16:51-Concord-INFO-_run_epoch: Epoch  13 | Train Loss: 2.45, MSE: 0.00, CLASS: 0.00, CONTRAST: 2.45, IMPORTANCE: 0.00
17:16:51-Concord-INFO-_run_epoch: Epoch  13 | Train Loss: 2.45, MSE: 0.00, CLASS: 0.00, CONTRAST: 2.45, IMPORTANCE: 0.00
17:16:51-Concord-INFO-_run_epoch: Epoch  13 | Train Loss: 2.45, MSE: 0.00, CLASS: 0.00, CONTRAST: 2.45, IMPORTANCE: 0.00
17:16:51-Concord-INFO-_run_epoch: Epoch  13 | Train Loss: 2.45, MSE: 0.00, CLASS: 0.00, CONTRAST: 2.45, IMPORTANCE: 0.00
17:16:51-Concord-INFO-_run_epoch: Epoch  13 | Train Loss: 2.45, MSE: 0.00, CLASS: 0.00, CONTRAST: 2.45, IMPORTANCE: 0.00
17:16:51-Concord-INFO-_run_epoch: Epoch  13 | Train Loss: 2.45, MSE: 0.00, CLASS: 0.00, CONTRAST: 2.45, IMPORTANCE: 0.00
17:16:51-Concord-INFO-train: Starting epoch 15/15
17:16:51-Concord-INFO-train: Starting epoch 15/15
17:16:51-Concord-INFO-train: Starting epoch 15/15
17:16:51-Concord-INFO-train: Starting epoch 15/15
17:16:51-Concord-INFO-train: Starting epoch 15/15
17:16:51-Concord-INFO-train: Starting epoch 15/15
17:16:51-Concord-INFO-train: Starting epoch 15/15
17:16:51-Concord-INFO-train: Starting epoch 15/15
17:16:51-Concord-INFO-train: Starting epoch 15/15
17:16:51-Concord-INFO-train: Starting epoch 15/15
17:16:51-Concord-INFO-train: Starting epoch 15/15
17:16:51-Concord-INFO-train: Processing chunk 1/1 for epoch 15
17:16:51-Concord-INFO-train: Processing chunk 1/1 for epoch 15
17:16:51-Concord-INFO-train: Processing chunk 1/1 for epoch 15
17:16:51-Concord-INFO-train: Processing chunk 1/1 for epoch 15
17:16:51-Concord-INFO-train: Processing chunk 1/1 for epoch 15
17:16:51-Concord-INFO-train: Processing chunk 1/1 for epoch 15
17:16:51-Concord-INFO-train: Processing chunk 1/1 for epoch 15
17:16:51-Concord-INFO-train: Processing chunk 1/1 for epoch 15
17:16:51-Concord-INFO-train: Processing chunk 1/1 for epoch 15
17:16:51-Concord-INFO-train: Processing chunk 1/1 for epoch 15
17:16:51-Concord-INFO-train: Processing chunk 1/1 for epoch 15
17:16:51-Concord-INFO-train: Number of samples in train_dataloader: 2638
17:16:51-Concord-INFO-train: Number of samples in train_dataloader: 2638
17:16:51-Concord-INFO-train: Number of samples in train_dataloader: 2638
17:16:51-Concord-INFO-train: Number of samples in train_dataloader: 2638
17:16:51-Concord-INFO-train: Number of samples in train_dataloader: 2638
17:16:51-Concord-INFO-train: Number of samples in train_dataloader: 2638
17:16:51-Concord-INFO-train: Number of samples in train_dataloader: 2638
17:16:51-Concord-INFO-train: Number of samples in train_dataloader: 2638
17:16:51-Concord-INFO-train: Number of samples in train_dataloader: 2638
17:16:51-Concord-INFO-train: Number of samples in train_dataloader: 2638
17:16:51-Concord-INFO-train: Number of samples in train_dataloader: 2638
17:16:52-Concord-INFO-_run_epoch: Epoch  14 | Train Loss: 2.41, MSE: 0.00, CLASS: 0.00, CONTRAST: 2.41, IMPORTANCE: 0.00
17:16:52-Concord-INFO-_run_epoch: Epoch  14 | Train Loss: 2.41, MSE: 0.00, CLASS: 0.00, CONTRAST: 2.41, IMPORTANCE: 0.00
17:16:52-Concord-INFO-_run_epoch: Epoch  14 | Train Loss: 2.41, MSE: 0.00, CLASS: 0.00, CONTRAST: 2.41, IMPORTANCE: 0.00
17:16:52-Concord-INFO-_run_epoch: Epoch  14 | Train Loss: 2.41, MSE: 0.00, CLASS: 0.00, CONTRAST: 2.41, IMPORTANCE: 0.00
17:16:52-Concord-INFO-_run_epoch: Epoch  14 | Train Loss: 2.41, MSE: 0.00, CLASS: 0.00, CONTRAST: 2.41, IMPORTANCE: 0.00
17:16:52-Concord-INFO-_run_epoch: Epoch  14 | Train Loss: 2.41, MSE: 0.00, CLASS: 0.00, CONTRAST: 2.41, IMPORTANCE: 0.00
17:16:52-Concord-INFO-_run_epoch: Epoch  14 | Train Loss: 2.41, MSE: 0.00, CLASS: 0.00, CONTRAST: 2.41, IMPORTANCE: 0.00
17:16:52-Concord-INFO-_run_epoch: Epoch  14 | Train Loss: 2.41, MSE: 0.00, CLASS: 0.00, CONTRAST: 2.41, IMPORTANCE: 0.00
17:16:52-Concord-INFO-_run_epoch: Epoch  14 | Train Loss: 2.41, MSE: 0.00, CLASS: 0.00, CONTRAST: 2.41, IMPORTANCE: 0.00
17:16:52-Concord-INFO-_run_epoch: Epoch  14 | Train Loss: 2.41, MSE: 0.00, CLASS: 0.00, CONTRAST: 2.41, IMPORTANCE: 0.00
17:16:52-Concord-INFO-_run_epoch: Epoch  14 | Train Loss: 2.41, MSE: 0.00, CLASS: 0.00, CONTRAST: 2.41, IMPORTANCE: 0.00
17:16:52-Concord-INFO-save_model: Model saved to save/final_model_Apr17-1716.pt
17:16:52-Concord-INFO-save_model: Model saved to save/final_model_Apr17-1716.pt
17:16:52-Concord-INFO-save_model: Model saved to save/final_model_Apr17-1716.pt
17:16:52-Concord-INFO-save_model: Model saved to save/final_model_Apr17-1716.pt
17:16:52-Concord-INFO-save_model: Model saved to save/final_model_Apr17-1716.pt
17:16:52-Concord-INFO-save_model: Model saved to save/final_model_Apr17-1716.pt
17:16:52-Concord-INFO-save_model: Model saved to save/final_model_Apr17-1716.pt
17:16:52-Concord-INFO-save_model: Model saved to save/final_model_Apr17-1716.pt
17:16:52-Concord-INFO-save_model: Model saved to save/final_model_Apr17-1716.pt
17:16:52-Concord-INFO-save_model: Model saved to save/final_model_Apr17-1716.pt
17:16:52-Concord-INFO-save_model: Model saved to save/final_model_Apr17-1716.pt
17:16:52-Concord-INFO-train: Final model saved at: save/final_model_Apr17-1716.pt; Configuration saved at: save/config_Apr17-1716.json.
17:16:52-Concord-INFO-train: Final model saved at: save/final_model_Apr17-1716.pt; Configuration saved at: save/config_Apr17-1716.json.
17:16:52-Concord-INFO-train: Final model saved at: save/final_model_Apr17-1716.pt; Configuration saved at: save/config_Apr17-1716.json.
17:16:52-Concord-INFO-train: Final model saved at: save/final_model_Apr17-1716.pt; Configuration saved at: save/config_Apr17-1716.json.
17:16:52-Concord-INFO-train: Final model saved at: save/final_model_Apr17-1716.pt; Configuration saved at: save/config_Apr17-1716.json.
17:16:52-Concord-INFO-train: Final model saved at: save/final_model_Apr17-1716.pt; Configuration saved at: save/config_Apr17-1716.json.
17:16:52-Concord-INFO-train: Final model saved at: save/final_model_Apr17-1716.pt; Configuration saved at: save/config_Apr17-1716.json.
17:16:52-Concord-INFO-train: Final model saved at: save/final_model_Apr17-1716.pt; Configuration saved at: save/config_Apr17-1716.json.
17:16:52-Concord-INFO-train: Final model saved at: save/final_model_Apr17-1716.pt; Configuration saved at: save/config_Apr17-1716.json.
17:16:52-Concord-INFO-train: Final model saved at: save/final_model_Apr17-1716.pt; Configuration saved at: save/config_Apr17-1716.json.
17:16:52-Concord-INFO-train: Final model saved at: save/final_model_Apr17-1716.pt; Configuration saved at: save/config_Apr17-1716.json.
17:16:52-Concord-INFO-predict: Predicting for chunk 1/1
17:16:52-Concord-INFO-predict: Predicting for chunk 1/1
17:16:52-Concord-INFO-predict: Predicting for chunk 1/1
17:16:52-Concord-INFO-predict: Predicting for chunk 1/1
17:16:52-Concord-INFO-predict: Predicting for chunk 1/1
17:16:52-Concord-INFO-predict: Predicting for chunk 1/1
17:16:52-Concord-INFO-predict: Predicting for chunk 1/1
17:16:52-Concord-INFO-predict: Predicting for chunk 1/1
17:16:52-Concord-INFO-predict: Predicting for chunk 1/1
17:16:52-Concord-INFO-predict: Predicting for chunk 1/1
17:16:52-Concord-INFO-predict: Predicting for chunk 1/1
17:17:19-Concord-INFO-run_umap: UMAP embedding stored in adata.obsm['Concord_UMAP']
17:17:19-Concord-INFO-run_umap: UMAP embedding stored in adata.obsm['Concord_UMAP']
17:17:19-Concord-INFO-run_umap: UMAP embedding stored in adata.obsm['Concord_UMAP']
17:17:19-Concord-INFO-run_umap: UMAP embedding stored in adata.obsm['Concord_UMAP']
17:17:19-Concord-INFO-run_umap: UMAP embedding stored in adata.obsm['Concord_UMAP']
17:17:19-Concord-INFO-run_umap: UMAP embedding stored in adata.obsm['Concord_UMAP']
17:17:19-Concord-INFO-run_umap: UMAP embedding stored in adata.obsm['Concord_UMAP']
17:17:19-Concord-INFO-run_umap: UMAP embedding stored in adata.obsm['Concord_UMAP']
17:17:19-Concord-INFO-run_umap: UMAP embedding stored in adata.obsm['Concord_UMAP']
17:17:19-Concord-INFO-run_umap: UMAP embedding stored in adata.obsm['Concord_UMAP']
17:17:19-Concord-INFO-run_umap: UMAP embedding stored in adata.obsm['Concord_UMAP']
17:17:31-Concord-WARNING-__init__: No input feature list provided. It is recommended to first select features using the command `concord.ul.select_features()`.
17:17:31-Concord-WARNING-__init__: No input feature list provided. It is recommended to first select features using the command `concord.ul.select_features()`.
17:17:31-Concord-WARNING-__init__: No input feature list provided. It is recommended to first select features using the command `concord.ul.select_features()`.
17:17:31-Concord-WARNING-__init__: No input feature list provided. It is recommended to first select features using the command `concord.ul.select_features()`.
17:17:31-Concord-WARNING-__init__: No input feature list provided. It is recommended to first select features using the command `concord.ul.select_features()`.
17:17:31-Concord-WARNING-__init__: No input feature list provided. It is recommended to first select features using the command `concord.ul.select_features()`.
17:17:31-Concord-WARNING-__init__: No input feature list provided. It is recommended to first select features using the command `concord.ul.select_features()`.
17:17:31-Concord-WARNING-__init__: No input feature list provided. It is recommended to first select features using the command `concord.ul.select_features()`.
17:17:31-Concord-WARNING-__init__: No input feature list provided. It is recommended to first select features using the command `concord.ul.select_features()`.
17:17:31-Concord-WARNING-__init__: No input feature list provided. It is recommended to first select features using the command `concord.ul.select_features()`.
17:17:31-Concord-WARNING-__init__: No input feature list provided. It is recommended to first select features using the command `concord.ul.select_features()`.
17:17:31-Concord-WARNING-__init__: No input feature list provided. It is recommended to first select features using the command `concord.ul.select_features()`.
17:17:31-Concord-WARNING-__init__: domain/batch information not found, all samples will be treated as from single domain/batch.
17:17:31-Concord-WARNING-__init__: domain/batch information not found, all samples will be treated as from single domain/batch.
17:17:31-Concord-WARNING-__init__: domain/batch information not found, all samples will be treated as from single domain/batch.
17:17:31-Concord-WARNING-__init__: domain/batch information not found, all samples will be treated as from single domain/batch.
17:17:31-Concord-WARNING-__init__: domain/batch information not found, all samples will be treated as from single domain/batch.
17:17:31-Concord-WARNING-__init__: domain/batch information not found, all samples will be treated as from single domain/batch.
17:17:31-Concord-WARNING-__init__: domain/batch information not found, all samples will be treated as from single domain/batch.
17:17:31-Concord-WARNING-__init__: domain/batch information not found, all samples will be treated as from single domain/batch.
17:17:31-Concord-WARNING-__init__: domain/batch information not found, all samples will be treated as from single domain/batch.
17:17:31-Concord-WARNING-__init__: domain/batch information not found, all samples will be treated as from single domain/batch.
17:17:31-Concord-WARNING-__init__: domain/batch information not found, all samples will be treated as from single domain/batch.
17:17:31-Concord-WARNING-__init__: domain/batch information not found, all samples will be treated as from single domain/batch.
17:17:37-Concord-WARNING-__init__: domain/batch information not found, all samples will be treated as from single domain/batch.
17:17:37-Concord-WARNING-__init__: domain/batch information not found, all samples will be treated as from single domain/batch.
17:17:37-Concord-WARNING-__init__: domain/batch information not found, all samples will be treated as from single domain/batch.
17:17:37-Concord-WARNING-__init__: domain/batch information not found, all samples will be treated as from single domain/batch.
17:17:37-Concord-WARNING-__init__: domain/batch information not found, all samples will be treated as from single domain/batch.
17:17:37-Concord-WARNING-__init__: domain/batch information not found, all samples will be treated as from single domain/batch.
17:17:37-Concord-WARNING-__init__: domain/batch information not found, all samples will be treated as from single domain/batch.
17:17:37-Concord-WARNING-__init__: domain/batch information not found, all samples will be treated as from single domain/batch.
17:17:37-Concord-WARNING-__init__: domain/batch information not found, all samples will be treated as from single domain/batch.
17:17:37-Concord-WARNING-__init__: domain/batch information not found, all samples will be treated as from single domain/batch.
17:17:37-Concord-WARNING-__init__: domain/batch information not found, all samples will be treated as from single domain/batch.
17:17:37-Concord-WARNING-__init__: domain/batch information not found, all samples will be treated as from single domain/batch.
17:17:37-Concord-WARNING-__init__: domain/batch information not found, all samples will be treated as from single domain/batch.
17:17:37-Concord-INFO-__init__: Encoder input dim: 1000
17:17:37-Concord-INFO-__init__: Encoder input dim: 1000
17:17:37-Concord-INFO-__init__: Encoder input dim: 1000
17:17:37-Concord-INFO-__init__: Encoder input dim: 1000
17:17:37-Concord-INFO-__init__: Encoder input dim: 1000
17:17:37-Concord-INFO-__init__: Encoder input dim: 1000
17:17:37-Concord-INFO-__init__: Encoder input dim: 1000
17:17:37-Concord-INFO-__init__: Encoder input dim: 1000
17:17:37-Concord-INFO-__init__: Encoder input dim: 1000
17:17:37-Concord-INFO-__init__: Encoder input dim: 1000
17:17:37-Concord-INFO-__init__: Encoder input dim: 1000
17:17:37-Concord-INFO-__init__: Encoder input dim: 1000
17:17:37-Concord-INFO-__init__: Encoder input dim: 1000
17:17:37-Concord-INFO-init_model: Model loaded to device: cpu
17:17:37-Concord-INFO-init_model: Model loaded to device: cpu
17:17:37-Concord-INFO-init_model: Model loaded to device: cpu
17:17:37-Concord-INFO-init_model: Model loaded to device: cpu
17:17:37-Concord-INFO-init_model: Model loaded to device: cpu
17:17:37-Concord-INFO-init_model: Model loaded to device: cpu
17:17:37-Concord-INFO-init_model: Model loaded to device: cpu
17:17:37-Concord-INFO-init_model: Model loaded to device: cpu
17:17:37-Concord-INFO-init_model: Model loaded to device: cpu
17:17:37-Concord-INFO-init_model: Model loaded to device: cpu
17:17:37-Concord-INFO-init_model: Model loaded to device: cpu
17:17:37-Concord-INFO-init_model: Model loaded to device: cpu
17:17:37-Concord-INFO-init_model: Model loaded to device: cpu
17:17:37-Concord-INFO-init_model: Total number of parameters: 1103308
17:17:37-Concord-INFO-init_model: Total number of parameters: 1103308
17:17:37-Concord-INFO-init_model: Total number of parameters: 1103308
17:17:37-Concord-INFO-init_model: Total number of parameters: 1103308
17:17:37-Concord-INFO-init_model: Total number of parameters: 1103308
17:17:37-Concord-INFO-init_model: Total number of parameters: 1103308
17:17:37-Concord-INFO-init_model: Total number of parameters: 1103308
17:17:37-Concord-INFO-init_model: Total number of parameters: 1103308
17:17:37-Concord-INFO-init_model: Total number of parameters: 1103308
17:17:37-Concord-INFO-init_model: Total number of parameters: 1103308
17:17:37-Concord-INFO-init_model: Total number of parameters: 1103308
17:17:37-Concord-INFO-init_model: Total number of parameters: 1103308
17:17:37-Concord-INFO-init_model: Total number of parameters: 1103308
17:17:37-Concord-INFO-train: Starting epoch 1/15
17:17:37-Concord-INFO-train: Starting epoch 1/15
17:17:37-Concord-INFO-train: Starting epoch 1/15
17:17:37-Concord-INFO-train: Starting epoch 1/15
17:17:37-Concord-INFO-train: Starting epoch 1/15
17:17:37-Concord-INFO-train: Starting epoch 1/15
17:17:37-Concord-INFO-train: Starting epoch 1/15
17:17:37-Concord-INFO-train: Starting epoch 1/15
17:17:37-Concord-INFO-train: Starting epoch 1/15
17:17:37-Concord-INFO-train: Starting epoch 1/15
17:17:37-Concord-INFO-train: Starting epoch 1/15
17:17:37-Concord-INFO-train: Starting epoch 1/15
17:17:37-Concord-INFO-train: Starting epoch 1/15
17:17:37-Concord-INFO-train: Processing chunk 1/1 for epoch 1
17:17:37-Concord-INFO-train: Processing chunk 1/1 for epoch 1
17:17:37-Concord-INFO-train: Processing chunk 1/1 for epoch 1
17:17:37-Concord-INFO-train: Processing chunk 1/1 for epoch 1
17:17:37-Concord-INFO-train: Processing chunk 1/1 for epoch 1
17:17:37-Concord-INFO-train: Processing chunk 1/1 for epoch 1
17:17:37-Concord-INFO-train: Processing chunk 1/1 for epoch 1
17:17:37-Concord-INFO-train: Processing chunk 1/1 for epoch 1
17:17:37-Concord-INFO-train: Processing chunk 1/1 for epoch 1
17:17:37-Concord-INFO-train: Processing chunk 1/1 for epoch 1
17:17:37-Concord-INFO-train: Processing chunk 1/1 for epoch 1
17:17:37-Concord-INFO-train: Processing chunk 1/1 for epoch 1
17:17:37-Concord-INFO-train: Processing chunk 1/1 for epoch 1
17:17:37-Concord-INFO-train: Number of samples in train_dataloader: 2638
17:17:37-Concord-INFO-train: Number of samples in train_dataloader: 2638
17:17:37-Concord-INFO-train: Number of samples in train_dataloader: 2638
17:17:37-Concord-INFO-train: Number of samples in train_dataloader: 2638
17:17:37-Concord-INFO-train: Number of samples in train_dataloader: 2638
17:17:37-Concord-INFO-train: Number of samples in train_dataloader: 2638
17:17:37-Concord-INFO-train: Number of samples in train_dataloader: 2638
17:17:37-Concord-INFO-train: Number of samples in train_dataloader: 2638
17:17:37-Concord-INFO-train: Number of samples in train_dataloader: 2638
17:17:37-Concord-INFO-train: Number of samples in train_dataloader: 2638
17:17:37-Concord-INFO-train: Number of samples in train_dataloader: 2638
17:17:37-Concord-INFO-train: Number of samples in train_dataloader: 2638
17:17:37-Concord-INFO-train: Number of samples in train_dataloader: 2638
17:17:37-Concord-INFO-_run_epoch: Epoch   0 | Train Loss: 3.70, MSE: 0.00, CLASS: 0.00, CONTRAST: 3.70, IMPORTANCE: 0.00
17:17:37-Concord-INFO-_run_epoch: Epoch   0 | Train Loss: 3.70, MSE: 0.00, CLASS: 0.00, CONTRAST: 3.70, IMPORTANCE: 0.00
17:17:37-Concord-INFO-_run_epoch: Epoch   0 | Train Loss: 3.70, MSE: 0.00, CLASS: 0.00, CONTRAST: 3.70, IMPORTANCE: 0.00
17:17:37-Concord-INFO-_run_epoch: Epoch   0 | Train Loss: 3.70, MSE: 0.00, CLASS: 0.00, CONTRAST: 3.70, IMPORTANCE: 0.00
17:17:37-Concord-INFO-_run_epoch: Epoch   0 | Train Loss: 3.70, MSE: 0.00, CLASS: 0.00, CONTRAST: 3.70, IMPORTANCE: 0.00
17:17:37-Concord-INFO-_run_epoch: Epoch   0 | Train Loss: 3.70, MSE: 0.00, CLASS: 0.00, CONTRAST: 3.70, IMPORTANCE: 0.00
17:17:37-Concord-INFO-_run_epoch: Epoch   0 | Train Loss: 3.70, MSE: 0.00, CLASS: 0.00, CONTRAST: 3.70, IMPORTANCE: 0.00
17:17:37-Concord-INFO-_run_epoch: Epoch   0 | Train Loss: 3.70, MSE: 0.00, CLASS: 0.00, CONTRAST: 3.70, IMPORTANCE: 0.00
17:17:37-Concord-INFO-_run_epoch: Epoch   0 | Train Loss: 3.70, MSE: 0.00, CLASS: 0.00, CONTRAST: 3.70, IMPORTANCE: 0.00
17:17:37-Concord-INFO-_run_epoch: Epoch   0 | Train Loss: 3.70, MSE: 0.00, CLASS: 0.00, CONTRAST: 3.70, IMPORTANCE: 0.00
17:17:37-Concord-INFO-_run_epoch: Epoch   0 | Train Loss: 3.70, MSE: 0.00, CLASS: 0.00, CONTRAST: 3.70, IMPORTANCE: 0.00
17:17:37-Concord-INFO-_run_epoch: Epoch   0 | Train Loss: 3.70, MSE: 0.00, CLASS: 0.00, CONTRAST: 3.70, IMPORTANCE: 0.00
17:17:37-Concord-INFO-_run_epoch: Epoch   0 | Train Loss: 3.70, MSE: 0.00, CLASS: 0.00, CONTRAST: 3.70, IMPORTANCE: 0.00
17:17:37-Concord-INFO-train: Starting epoch 2/15
17:17:37-Concord-INFO-train: Starting epoch 2/15
17:17:37-Concord-INFO-train: Starting epoch 2/15
17:17:37-Concord-INFO-train: Starting epoch 2/15
17:17:37-Concord-INFO-train: Starting epoch 2/15
17:17:37-Concord-INFO-train: Starting epoch 2/15
17:17:37-Concord-INFO-train: Starting epoch 2/15
17:17:37-Concord-INFO-train: Starting epoch 2/15
17:17:37-Concord-INFO-train: Starting epoch 2/15
17:17:37-Concord-INFO-train: Starting epoch 2/15
17:17:37-Concord-INFO-train: Starting epoch 2/15
17:17:37-Concord-INFO-train: Starting epoch 2/15
17:17:37-Concord-INFO-train: Starting epoch 2/15
17:17:37-Concord-INFO-train: Processing chunk 1/1 for epoch 2
17:17:37-Concord-INFO-train: Processing chunk 1/1 for epoch 2
17:17:37-Concord-INFO-train: Processing chunk 1/1 for epoch 2
17:17:37-Concord-INFO-train: Processing chunk 1/1 for epoch 2
17:17:37-Concord-INFO-train: Processing chunk 1/1 for epoch 2
17:17:37-Concord-INFO-train: Processing chunk 1/1 for epoch 2
17:17:37-Concord-INFO-train: Processing chunk 1/1 for epoch 2
17:17:37-Concord-INFO-train: Processing chunk 1/1 for epoch 2
17:17:37-Concord-INFO-train: Processing chunk 1/1 for epoch 2
17:17:37-Concord-INFO-train: Processing chunk 1/1 for epoch 2
17:17:37-Concord-INFO-train: Processing chunk 1/1 for epoch 2
17:17:37-Concord-INFO-train: Processing chunk 1/1 for epoch 2
17:17:37-Concord-INFO-train: Processing chunk 1/1 for epoch 2
17:17:37-Concord-INFO-train: Number of samples in train_dataloader: 2638
17:17:37-Concord-INFO-train: Number of samples in train_dataloader: 2638
17:17:37-Concord-INFO-train: Number of samples in train_dataloader: 2638
17:17:37-Concord-INFO-train: Number of samples in train_dataloader: 2638
17:17:37-Concord-INFO-train: Number of samples in train_dataloader: 2638
17:17:37-Concord-INFO-train: Number of samples in train_dataloader: 2638
17:17:37-Concord-INFO-train: Number of samples in train_dataloader: 2638
17:17:37-Concord-INFO-train: Number of samples in train_dataloader: 2638
17:17:37-Concord-INFO-train: Number of samples in train_dataloader: 2638
17:17:37-Concord-INFO-train: Number of samples in train_dataloader: 2638
17:17:37-Concord-INFO-train: Number of samples in train_dataloader: 2638
17:17:37-Concord-INFO-train: Number of samples in train_dataloader: 2638
17:17:37-Concord-INFO-train: Number of samples in train_dataloader: 2638
17:17:38-Concord-INFO-_run_epoch: Epoch   1 | Train Loss: 3.33, MSE: 0.00, CLASS: 0.00, CONTRAST: 3.33, IMPORTANCE: 0.00
17:17:38-Concord-INFO-_run_epoch: Epoch   1 | Train Loss: 3.33, MSE: 0.00, CLASS: 0.00, CONTRAST: 3.33, IMPORTANCE: 0.00
17:17:38-Concord-INFO-_run_epoch: Epoch   1 | Train Loss: 3.33, MSE: 0.00, CLASS: 0.00, CONTRAST: 3.33, IMPORTANCE: 0.00
17:17:38-Concord-INFO-_run_epoch: Epoch   1 | Train Loss: 3.33, MSE: 0.00, CLASS: 0.00, CONTRAST: 3.33, IMPORTANCE: 0.00
17:17:38-Concord-INFO-_run_epoch: Epoch   1 | Train Loss: 3.33, MSE: 0.00, CLASS: 0.00, CONTRAST: 3.33, IMPORTANCE: 0.00
17:17:38-Concord-INFO-_run_epoch: Epoch   1 | Train Loss: 3.33, MSE: 0.00, CLASS: 0.00, CONTRAST: 3.33, IMPORTANCE: 0.00
17:17:38-Concord-INFO-_run_epoch: Epoch   1 | Train Loss: 3.33, MSE: 0.00, CLASS: 0.00, CONTRAST: 3.33, IMPORTANCE: 0.00
17:17:38-Concord-INFO-_run_epoch: Epoch   1 | Train Loss: 3.33, MSE: 0.00, CLASS: 0.00, CONTRAST: 3.33, IMPORTANCE: 0.00
17:17:38-Concord-INFO-_run_epoch: Epoch   1 | Train Loss: 3.33, MSE: 0.00, CLASS: 0.00, CONTRAST: 3.33, IMPORTANCE: 0.00
17:17:38-Concord-INFO-_run_epoch: Epoch   1 | Train Loss: 3.33, MSE: 0.00, CLASS: 0.00, CONTRAST: 3.33, IMPORTANCE: 0.00
17:17:38-Concord-INFO-_run_epoch: Epoch   1 | Train Loss: 3.33, MSE: 0.00, CLASS: 0.00, CONTRAST: 3.33, IMPORTANCE: 0.00
17:17:38-Concord-INFO-_run_epoch: Epoch   1 | Train Loss: 3.33, MSE: 0.00, CLASS: 0.00, CONTRAST: 3.33, IMPORTANCE: 0.00
17:17:38-Concord-INFO-_run_epoch: Epoch   1 | Train Loss: 3.33, MSE: 0.00, CLASS: 0.00, CONTRAST: 3.33, IMPORTANCE: 0.00
17:17:38-Concord-INFO-train: Starting epoch 3/15
17:17:38-Concord-INFO-train: Starting epoch 3/15
17:17:38-Concord-INFO-train: Starting epoch 3/15
17:17:38-Concord-INFO-train: Starting epoch 3/15
17:17:38-Concord-INFO-train: Starting epoch 3/15
17:17:38-Concord-INFO-train: Starting epoch 3/15
17:17:38-Concord-INFO-train: Starting epoch 3/15
17:17:38-Concord-INFO-train: Starting epoch 3/15
17:17:38-Concord-INFO-train: Starting epoch 3/15
17:17:38-Concord-INFO-train: Starting epoch 3/15
17:17:38-Concord-INFO-train: Starting epoch 3/15
17:17:38-Concord-INFO-train: Starting epoch 3/15
17:17:38-Concord-INFO-train: Starting epoch 3/15
17:17:38-Concord-INFO-train: Processing chunk 1/1 for epoch 3
17:17:38-Concord-INFO-train: Processing chunk 1/1 for epoch 3
17:17:38-Concord-INFO-train: Processing chunk 1/1 for epoch 3
17:17:38-Concord-INFO-train: Processing chunk 1/1 for epoch 3
17:17:38-Concord-INFO-train: Processing chunk 1/1 for epoch 3
17:17:38-Concord-INFO-train: Processing chunk 1/1 for epoch 3
17:17:38-Concord-INFO-train: Processing chunk 1/1 for epoch 3
17:17:38-Concord-INFO-train: Processing chunk 1/1 for epoch 3
17:17:38-Concord-INFO-train: Processing chunk 1/1 for epoch 3
17:17:38-Concord-INFO-train: Processing chunk 1/1 for epoch 3
17:17:38-Concord-INFO-train: Processing chunk 1/1 for epoch 3
17:17:38-Concord-INFO-train: Processing chunk 1/1 for epoch 3
17:17:38-Concord-INFO-train: Processing chunk 1/1 for epoch 3
17:17:38-Concord-INFO-train: Number of samples in train_dataloader: 2638
17:17:38-Concord-INFO-train: Number of samples in train_dataloader: 2638
17:17:38-Concord-INFO-train: Number of samples in train_dataloader: 2638
17:17:38-Concord-INFO-train: Number of samples in train_dataloader: 2638
17:17:38-Concord-INFO-train: Number of samples in train_dataloader: 2638
17:17:38-Concord-INFO-train: Number of samples in train_dataloader: 2638
17:17:38-Concord-INFO-train: Number of samples in train_dataloader: 2638
17:17:38-Concord-INFO-train: Number of samples in train_dataloader: 2638
17:17:38-Concord-INFO-train: Number of samples in train_dataloader: 2638
17:17:38-Concord-INFO-train: Number of samples in train_dataloader: 2638
17:17:38-Concord-INFO-train: Number of samples in train_dataloader: 2638
17:17:38-Concord-INFO-train: Number of samples in train_dataloader: 2638
17:17:38-Concord-INFO-train: Number of samples in train_dataloader: 2638
17:17:38-Concord-INFO-_run_epoch: Epoch   2 | Train Loss: 3.14, MSE: 0.00, CLASS: 0.00, CONTRAST: 3.14, IMPORTANCE: 0.00
17:17:38-Concord-INFO-_run_epoch: Epoch   2 | Train Loss: 3.14, MSE: 0.00, CLASS: 0.00, CONTRAST: 3.14, IMPORTANCE: 0.00
17:17:38-Concord-INFO-_run_epoch: Epoch   2 | Train Loss: 3.14, MSE: 0.00, CLASS: 0.00, CONTRAST: 3.14, IMPORTANCE: 0.00
17:17:38-Concord-INFO-_run_epoch: Epoch   2 | Train Loss: 3.14, MSE: 0.00, CLASS: 0.00, CONTRAST: 3.14, IMPORTANCE: 0.00
17:17:38-Concord-INFO-_run_epoch: Epoch   2 | Train Loss: 3.14, MSE: 0.00, CLASS: 0.00, CONTRAST: 3.14, IMPORTANCE: 0.00
17:17:38-Concord-INFO-_run_epoch: Epoch   2 | Train Loss: 3.14, MSE: 0.00, CLASS: 0.00, CONTRAST: 3.14, IMPORTANCE: 0.00
17:17:38-Concord-INFO-_run_epoch: Epoch   2 | Train Loss: 3.14, MSE: 0.00, CLASS: 0.00, CONTRAST: 3.14, IMPORTANCE: 0.00
17:17:38-Concord-INFO-_run_epoch: Epoch   2 | Train Loss: 3.14, MSE: 0.00, CLASS: 0.00, CONTRAST: 3.14, IMPORTANCE: 0.00
17:17:38-Concord-INFO-_run_epoch: Epoch   2 | Train Loss: 3.14, MSE: 0.00, CLASS: 0.00, CONTRAST: 3.14, IMPORTANCE: 0.00
17:17:38-Concord-INFO-_run_epoch: Epoch   2 | Train Loss: 3.14, MSE: 0.00, CLASS: 0.00, CONTRAST: 3.14, IMPORTANCE: 0.00
17:17:38-Concord-INFO-_run_epoch: Epoch   2 | Train Loss: 3.14, MSE: 0.00, CLASS: 0.00, CONTRAST: 3.14, IMPORTANCE: 0.00
17:17:38-Concord-INFO-_run_epoch: Epoch   2 | Train Loss: 3.14, MSE: 0.00, CLASS: 0.00, CONTRAST: 3.14, IMPORTANCE: 0.00
17:17:38-Concord-INFO-_run_epoch: Epoch   2 | Train Loss: 3.14, MSE: 0.00, CLASS: 0.00, CONTRAST: 3.14, IMPORTANCE: 0.00
17:17:38-Concord-INFO-train: Starting epoch 4/15
17:17:38-Concord-INFO-train: Starting epoch 4/15
17:17:38-Concord-INFO-train: Starting epoch 4/15
17:17:38-Concord-INFO-train: Starting epoch 4/15
17:17:38-Concord-INFO-train: Starting epoch 4/15
17:17:38-Concord-INFO-train: Starting epoch 4/15
17:17:38-Concord-INFO-train: Starting epoch 4/15
17:17:38-Concord-INFO-train: Starting epoch 4/15
17:17:38-Concord-INFO-train: Starting epoch 4/15
17:17:38-Concord-INFO-train: Starting epoch 4/15
17:17:38-Concord-INFO-train: Starting epoch 4/15
17:17:38-Concord-INFO-train: Starting epoch 4/15
17:17:38-Concord-INFO-train: Starting epoch 4/15
17:17:38-Concord-INFO-train: Processing chunk 1/1 for epoch 4
17:17:38-Concord-INFO-train: Processing chunk 1/1 for epoch 4
17:17:38-Concord-INFO-train: Processing chunk 1/1 for epoch 4
17:17:38-Concord-INFO-train: Processing chunk 1/1 for epoch 4
17:17:38-Concord-INFO-train: Processing chunk 1/1 for epoch 4
17:17:38-Concord-INFO-train: Processing chunk 1/1 for epoch 4
17:17:38-Concord-INFO-train: Processing chunk 1/1 for epoch 4
17:17:38-Concord-INFO-train: Processing chunk 1/1 for epoch 4
17:17:38-Concord-INFO-train: Processing chunk 1/1 for epoch 4
17:17:38-Concord-INFO-train: Processing chunk 1/1 for epoch 4
17:17:38-Concord-INFO-train: Processing chunk 1/1 for epoch 4
17:17:38-Concord-INFO-train: Processing chunk 1/1 for epoch 4
17:17:38-Concord-INFO-train: Processing chunk 1/1 for epoch 4
17:17:38-Concord-INFO-train: Number of samples in train_dataloader: 2638
17:17:38-Concord-INFO-train: Number of samples in train_dataloader: 2638
17:17:38-Concord-INFO-train: Number of samples in train_dataloader: 2638
17:17:38-Concord-INFO-train: Number of samples in train_dataloader: 2638
17:17:38-Concord-INFO-train: Number of samples in train_dataloader: 2638
17:17:38-Concord-INFO-train: Number of samples in train_dataloader: 2638
17:17:38-Concord-INFO-train: Number of samples in train_dataloader: 2638
17:17:38-Concord-INFO-train: Number of samples in train_dataloader: 2638
17:17:38-Concord-INFO-train: Number of samples in train_dataloader: 2638
17:17:38-Concord-INFO-train: Number of samples in train_dataloader: 2638
17:17:38-Concord-INFO-train: Number of samples in train_dataloader: 2638
17:17:38-Concord-INFO-train: Number of samples in train_dataloader: 2638
17:17:38-Concord-INFO-train: Number of samples in train_dataloader: 2638
17:17:39-Concord-INFO-_run_epoch: Epoch   3 | Train Loss: 3.01, MSE: 0.00, CLASS: 0.00, CONTRAST: 3.01, IMPORTANCE: 0.00
17:17:39-Concord-INFO-_run_epoch: Epoch   3 | Train Loss: 3.01, MSE: 0.00, CLASS: 0.00, CONTRAST: 3.01, IMPORTANCE: 0.00
17:17:39-Concord-INFO-_run_epoch: Epoch   3 | Train Loss: 3.01, MSE: 0.00, CLASS: 0.00, CONTRAST: 3.01, IMPORTANCE: 0.00
17:17:39-Concord-INFO-_run_epoch: Epoch   3 | Train Loss: 3.01, MSE: 0.00, CLASS: 0.00, CONTRAST: 3.01, IMPORTANCE: 0.00
17:17:39-Concord-INFO-_run_epoch: Epoch   3 | Train Loss: 3.01, MSE: 0.00, CLASS: 0.00, CONTRAST: 3.01, IMPORTANCE: 0.00
17:17:39-Concord-INFO-_run_epoch: Epoch   3 | Train Loss: 3.01, MSE: 0.00, CLASS: 0.00, CONTRAST: 3.01, IMPORTANCE: 0.00
17:17:39-Concord-INFO-_run_epoch: Epoch   3 | Train Loss: 3.01, MSE: 0.00, CLASS: 0.00, CONTRAST: 3.01, IMPORTANCE: 0.00
17:17:39-Concord-INFO-_run_epoch: Epoch   3 | Train Loss: 3.01, MSE: 0.00, CLASS: 0.00, CONTRAST: 3.01, IMPORTANCE: 0.00
17:17:39-Concord-INFO-_run_epoch: Epoch   3 | Train Loss: 3.01, MSE: 0.00, CLASS: 0.00, CONTRAST: 3.01, IMPORTANCE: 0.00
17:17:39-Concord-INFO-_run_epoch: Epoch   3 | Train Loss: 3.01, MSE: 0.00, CLASS: 0.00, CONTRAST: 3.01, IMPORTANCE: 0.00
17:17:39-Concord-INFO-_run_epoch: Epoch   3 | Train Loss: 3.01, MSE: 0.00, CLASS: 0.00, CONTRAST: 3.01, IMPORTANCE: 0.00
17:17:39-Concord-INFO-_run_epoch: Epoch   3 | Train Loss: 3.01, MSE: 0.00, CLASS: 0.00, CONTRAST: 3.01, IMPORTANCE: 0.00
17:17:39-Concord-INFO-_run_epoch: Epoch   3 | Train Loss: 3.01, MSE: 0.00, CLASS: 0.00, CONTRAST: 3.01, IMPORTANCE: 0.00
17:17:39-Concord-INFO-train: Starting epoch 5/15
17:17:39-Concord-INFO-train: Starting epoch 5/15
17:17:39-Concord-INFO-train: Starting epoch 5/15
17:17:39-Concord-INFO-train: Starting epoch 5/15
17:17:39-Concord-INFO-train: Starting epoch 5/15
17:17:39-Concord-INFO-train: Starting epoch 5/15
17:17:39-Concord-INFO-train: Starting epoch 5/15
17:17:39-Concord-INFO-train: Starting epoch 5/15
17:17:39-Concord-INFO-train: Starting epoch 5/15
17:17:39-Concord-INFO-train: Starting epoch 5/15
17:17:39-Concord-INFO-train: Starting epoch 5/15
17:17:39-Concord-INFO-train: Starting epoch 5/15
17:17:39-Concord-INFO-train: Starting epoch 5/15
17:17:39-Concord-INFO-train: Processing chunk 1/1 for epoch 5
17:17:39-Concord-INFO-train: Processing chunk 1/1 for epoch 5
17:17:39-Concord-INFO-train: Processing chunk 1/1 for epoch 5
17:17:39-Concord-INFO-train: Processing chunk 1/1 for epoch 5
17:17:39-Concord-INFO-train: Processing chunk 1/1 for epoch 5
17:17:39-Concord-INFO-train: Processing chunk 1/1 for epoch 5
17:17:39-Concord-INFO-train: Processing chunk 1/1 for epoch 5
17:17:39-Concord-INFO-train: Processing chunk 1/1 for epoch 5
17:17:39-Concord-INFO-train: Processing chunk 1/1 for epoch 5
17:17:39-Concord-INFO-train: Processing chunk 1/1 for epoch 5
17:17:39-Concord-INFO-train: Processing chunk 1/1 for epoch 5
17:17:39-Concord-INFO-train: Processing chunk 1/1 for epoch 5
17:17:39-Concord-INFO-train: Processing chunk 1/1 for epoch 5
17:17:39-Concord-INFO-train: Number of samples in train_dataloader: 2638
17:17:39-Concord-INFO-train: Number of samples in train_dataloader: 2638
17:17:39-Concord-INFO-train: Number of samples in train_dataloader: 2638
17:17:39-Concord-INFO-train: Number of samples in train_dataloader: 2638
17:17:39-Concord-INFO-train: Number of samples in train_dataloader: 2638
17:17:39-Concord-INFO-train: Number of samples in train_dataloader: 2638
17:17:39-Concord-INFO-train: Number of samples in train_dataloader: 2638
17:17:39-Concord-INFO-train: Number of samples in train_dataloader: 2638
17:17:39-Concord-INFO-train: Number of samples in train_dataloader: 2638
17:17:39-Concord-INFO-train: Number of samples in train_dataloader: 2638
17:17:39-Concord-INFO-train: Number of samples in train_dataloader: 2638
17:17:39-Concord-INFO-train: Number of samples in train_dataloader: 2638
17:17:39-Concord-INFO-train: Number of samples in train_dataloader: 2638
17:17:39-Concord-INFO-_run_epoch: Epoch   4 | Train Loss: 2.97, MSE: 0.00, CLASS: 0.00, CONTRAST: 2.97, IMPORTANCE: 0.00
17:17:39-Concord-INFO-_run_epoch: Epoch   4 | Train Loss: 2.97, MSE: 0.00, CLASS: 0.00, CONTRAST: 2.97, IMPORTANCE: 0.00
17:17:39-Concord-INFO-_run_epoch: Epoch   4 | Train Loss: 2.97, MSE: 0.00, CLASS: 0.00, CONTRAST: 2.97, IMPORTANCE: 0.00
17:17:39-Concord-INFO-_run_epoch: Epoch   4 | Train Loss: 2.97, MSE: 0.00, CLASS: 0.00, CONTRAST: 2.97, IMPORTANCE: 0.00
17:17:39-Concord-INFO-_run_epoch: Epoch   4 | Train Loss: 2.97, MSE: 0.00, CLASS: 0.00, CONTRAST: 2.97, IMPORTANCE: 0.00
17:17:39-Concord-INFO-_run_epoch: Epoch   4 | Train Loss: 2.97, MSE: 0.00, CLASS: 0.00, CONTRAST: 2.97, IMPORTANCE: 0.00
17:17:39-Concord-INFO-_run_epoch: Epoch   4 | Train Loss: 2.97, MSE: 0.00, CLASS: 0.00, CONTRAST: 2.97, IMPORTANCE: 0.00
17:17:39-Concord-INFO-_run_epoch: Epoch   4 | Train Loss: 2.97, MSE: 0.00, CLASS: 0.00, CONTRAST: 2.97, IMPORTANCE: 0.00
17:17:39-Concord-INFO-_run_epoch: Epoch   4 | Train Loss: 2.97, MSE: 0.00, CLASS: 0.00, CONTRAST: 2.97, IMPORTANCE: 0.00
17:17:39-Concord-INFO-_run_epoch: Epoch   4 | Train Loss: 2.97, MSE: 0.00, CLASS: 0.00, CONTRAST: 2.97, IMPORTANCE: 0.00
17:17:39-Concord-INFO-_run_epoch: Epoch   4 | Train Loss: 2.97, MSE: 0.00, CLASS: 0.00, CONTRAST: 2.97, IMPORTANCE: 0.00
17:17:39-Concord-INFO-_run_epoch: Epoch   4 | Train Loss: 2.97, MSE: 0.00, CLASS: 0.00, CONTRAST: 2.97, IMPORTANCE: 0.00
17:17:39-Concord-INFO-_run_epoch: Epoch   4 | Train Loss: 2.97, MSE: 0.00, CLASS: 0.00, CONTRAST: 2.97, IMPORTANCE: 0.00
17:17:39-Concord-INFO-train: Starting epoch 6/15
17:17:39-Concord-INFO-train: Starting epoch 6/15
17:17:39-Concord-INFO-train: Starting epoch 6/15
17:17:39-Concord-INFO-train: Starting epoch 6/15
17:17:39-Concord-INFO-train: Starting epoch 6/15
17:17:39-Concord-INFO-train: Starting epoch 6/15
17:17:39-Concord-INFO-train: Starting epoch 6/15
17:17:39-Concord-INFO-train: Starting epoch 6/15
17:17:39-Concord-INFO-train: Starting epoch 6/15
17:17:39-Concord-INFO-train: Starting epoch 6/15
17:17:39-Concord-INFO-train: Starting epoch 6/15
17:17:39-Concord-INFO-train: Starting epoch 6/15
17:17:39-Concord-INFO-train: Starting epoch 6/15
17:17:39-Concord-INFO-train: Processing chunk 1/1 for epoch 6
17:17:39-Concord-INFO-train: Processing chunk 1/1 for epoch 6
17:17:39-Concord-INFO-train: Processing chunk 1/1 for epoch 6
17:17:39-Concord-INFO-train: Processing chunk 1/1 for epoch 6
17:17:39-Concord-INFO-train: Processing chunk 1/1 for epoch 6
17:17:39-Concord-INFO-train: Processing chunk 1/1 for epoch 6
17:17:39-Concord-INFO-train: Processing chunk 1/1 for epoch 6
17:17:39-Concord-INFO-train: Processing chunk 1/1 for epoch 6
17:17:39-Concord-INFO-train: Processing chunk 1/1 for epoch 6
17:17:39-Concord-INFO-train: Processing chunk 1/1 for epoch 6
17:17:39-Concord-INFO-train: Processing chunk 1/1 for epoch 6
17:17:39-Concord-INFO-train: Processing chunk 1/1 for epoch 6
17:17:39-Concord-INFO-train: Processing chunk 1/1 for epoch 6
17:17:39-Concord-INFO-train: Number of samples in train_dataloader: 2638
17:17:39-Concord-INFO-train: Number of samples in train_dataloader: 2638
17:17:39-Concord-INFO-train: Number of samples in train_dataloader: 2638
17:17:39-Concord-INFO-train: Number of samples in train_dataloader: 2638
17:17:39-Concord-INFO-train: Number of samples in train_dataloader: 2638
17:17:39-Concord-INFO-train: Number of samples in train_dataloader: 2638
17:17:39-Concord-INFO-train: Number of samples in train_dataloader: 2638
17:17:39-Concord-INFO-train: Number of samples in train_dataloader: 2638
17:17:39-Concord-INFO-train: Number of samples in train_dataloader: 2638
17:17:39-Concord-INFO-train: Number of samples in train_dataloader: 2638
17:17:39-Concord-INFO-train: Number of samples in train_dataloader: 2638
17:17:39-Concord-INFO-train: Number of samples in train_dataloader: 2638
17:17:39-Concord-INFO-train: Number of samples in train_dataloader: 2638
17:17:40-Concord-INFO-_run_epoch: Epoch   5 | Train Loss: 2.87, MSE: 0.00, CLASS: 0.00, CONTRAST: 2.87, IMPORTANCE: 0.00
17:17:40-Concord-INFO-_run_epoch: Epoch   5 | Train Loss: 2.87, MSE: 0.00, CLASS: 0.00, CONTRAST: 2.87, IMPORTANCE: 0.00
17:17:40-Concord-INFO-_run_epoch: Epoch   5 | Train Loss: 2.87, MSE: 0.00, CLASS: 0.00, CONTRAST: 2.87, IMPORTANCE: 0.00
17:17:40-Concord-INFO-_run_epoch: Epoch   5 | Train Loss: 2.87, MSE: 0.00, CLASS: 0.00, CONTRAST: 2.87, IMPORTANCE: 0.00
17:17:40-Concord-INFO-_run_epoch: Epoch   5 | Train Loss: 2.87, MSE: 0.00, CLASS: 0.00, CONTRAST: 2.87, IMPORTANCE: 0.00
17:17:40-Concord-INFO-_run_epoch: Epoch   5 | Train Loss: 2.87, MSE: 0.00, CLASS: 0.00, CONTRAST: 2.87, IMPORTANCE: 0.00
17:17:40-Concord-INFO-_run_epoch: Epoch   5 | Train Loss: 2.87, MSE: 0.00, CLASS: 0.00, CONTRAST: 2.87, IMPORTANCE: 0.00
17:17:40-Concord-INFO-_run_epoch: Epoch   5 | Train Loss: 2.87, MSE: 0.00, CLASS: 0.00, CONTRAST: 2.87, IMPORTANCE: 0.00
17:17:40-Concord-INFO-_run_epoch: Epoch   5 | Train Loss: 2.87, MSE: 0.00, CLASS: 0.00, CONTRAST: 2.87, IMPORTANCE: 0.00
17:17:40-Concord-INFO-_run_epoch: Epoch   5 | Train Loss: 2.87, MSE: 0.00, CLASS: 0.00, CONTRAST: 2.87, IMPORTANCE: 0.00
17:17:40-Concord-INFO-_run_epoch: Epoch   5 | Train Loss: 2.87, MSE: 0.00, CLASS: 0.00, CONTRAST: 2.87, IMPORTANCE: 0.00
17:17:40-Concord-INFO-_run_epoch: Epoch   5 | Train Loss: 2.87, MSE: 0.00, CLASS: 0.00, CONTRAST: 2.87, IMPORTANCE: 0.00
17:17:40-Concord-INFO-_run_epoch: Epoch   5 | Train Loss: 2.87, MSE: 0.00, CLASS: 0.00, CONTRAST: 2.87, IMPORTANCE: 0.00
17:17:40-Concord-INFO-train: Starting epoch 7/15
17:17:40-Concord-INFO-train: Starting epoch 7/15
17:17:40-Concord-INFO-train: Starting epoch 7/15
17:17:40-Concord-INFO-train: Starting epoch 7/15
17:17:40-Concord-INFO-train: Starting epoch 7/15
17:17:40-Concord-INFO-train: Starting epoch 7/15
17:17:40-Concord-INFO-train: Starting epoch 7/15
17:17:40-Concord-INFO-train: Starting epoch 7/15
17:17:40-Concord-INFO-train: Starting epoch 7/15
17:17:40-Concord-INFO-train: Starting epoch 7/15
17:17:40-Concord-INFO-train: Starting epoch 7/15
17:17:40-Concord-INFO-train: Starting epoch 7/15
17:17:40-Concord-INFO-train: Starting epoch 7/15
17:17:40-Concord-INFO-train: Processing chunk 1/1 for epoch 7
17:17:40-Concord-INFO-train: Processing chunk 1/1 for epoch 7
17:17:40-Concord-INFO-train: Processing chunk 1/1 for epoch 7
17:17:40-Concord-INFO-train: Processing chunk 1/1 for epoch 7
17:17:40-Concord-INFO-train: Processing chunk 1/1 for epoch 7
17:17:40-Concord-INFO-train: Processing chunk 1/1 for epoch 7
17:17:40-Concord-INFO-train: Processing chunk 1/1 for epoch 7
17:17:40-Concord-INFO-train: Processing chunk 1/1 for epoch 7
17:17:40-Concord-INFO-train: Processing chunk 1/1 for epoch 7
17:17:40-Concord-INFO-train: Processing chunk 1/1 for epoch 7
17:17:40-Concord-INFO-train: Processing chunk 1/1 for epoch 7
17:17:40-Concord-INFO-train: Processing chunk 1/1 for epoch 7
17:17:40-Concord-INFO-train: Processing chunk 1/1 for epoch 7
17:17:40-Concord-INFO-train: Number of samples in train_dataloader: 2638
17:17:40-Concord-INFO-train: Number of samples in train_dataloader: 2638
17:17:40-Concord-INFO-train: Number of samples in train_dataloader: 2638
17:17:40-Concord-INFO-train: Number of samples in train_dataloader: 2638
17:17:40-Concord-INFO-train: Number of samples in train_dataloader: 2638
17:17:40-Concord-INFO-train: Number of samples in train_dataloader: 2638
17:17:40-Concord-INFO-train: Number of samples in train_dataloader: 2638
17:17:40-Concord-INFO-train: Number of samples in train_dataloader: 2638
17:17:40-Concord-INFO-train: Number of samples in train_dataloader: 2638
17:17:40-Concord-INFO-train: Number of samples in train_dataloader: 2638
17:17:40-Concord-INFO-train: Number of samples in train_dataloader: 2638
17:17:40-Concord-INFO-train: Number of samples in train_dataloader: 2638
17:17:40-Concord-INFO-train: Number of samples in train_dataloader: 2638
17:17:40-Concord-INFO-_run_epoch: Epoch   6 | Train Loss: 2.85, MSE: 0.00, CLASS: 0.00, CONTRAST: 2.85, IMPORTANCE: 0.00
17:17:40-Concord-INFO-_run_epoch: Epoch   6 | Train Loss: 2.85, MSE: 0.00, CLASS: 0.00, CONTRAST: 2.85, IMPORTANCE: 0.00
17:17:40-Concord-INFO-_run_epoch: Epoch   6 | Train Loss: 2.85, MSE: 0.00, CLASS: 0.00, CONTRAST: 2.85, IMPORTANCE: 0.00
17:17:40-Concord-INFO-_run_epoch: Epoch   6 | Train Loss: 2.85, MSE: 0.00, CLASS: 0.00, CONTRAST: 2.85, IMPORTANCE: 0.00
17:17:40-Concord-INFO-_run_epoch: Epoch   6 | Train Loss: 2.85, MSE: 0.00, CLASS: 0.00, CONTRAST: 2.85, IMPORTANCE: 0.00
17:17:40-Concord-INFO-_run_epoch: Epoch   6 | Train Loss: 2.85, MSE: 0.00, CLASS: 0.00, CONTRAST: 2.85, IMPORTANCE: 0.00
17:17:40-Concord-INFO-_run_epoch: Epoch   6 | Train Loss: 2.85, MSE: 0.00, CLASS: 0.00, CONTRAST: 2.85, IMPORTANCE: 0.00
17:17:40-Concord-INFO-_run_epoch: Epoch   6 | Train Loss: 2.85, MSE: 0.00, CLASS: 0.00, CONTRAST: 2.85, IMPORTANCE: 0.00
17:17:40-Concord-INFO-_run_epoch: Epoch   6 | Train Loss: 2.85, MSE: 0.00, CLASS: 0.00, CONTRAST: 2.85, IMPORTANCE: 0.00
17:17:40-Concord-INFO-_run_epoch: Epoch   6 | Train Loss: 2.85, MSE: 0.00, CLASS: 0.00, CONTRAST: 2.85, IMPORTANCE: 0.00
17:17:40-Concord-INFO-_run_epoch: Epoch   6 | Train Loss: 2.85, MSE: 0.00, CLASS: 0.00, CONTRAST: 2.85, IMPORTANCE: 0.00
17:17:40-Concord-INFO-_run_epoch: Epoch   6 | Train Loss: 2.85, MSE: 0.00, CLASS: 0.00, CONTRAST: 2.85, IMPORTANCE: 0.00
17:17:40-Concord-INFO-_run_epoch: Epoch   6 | Train Loss: 2.85, MSE: 0.00, CLASS: 0.00, CONTRAST: 2.85, IMPORTANCE: 0.00
17:17:40-Concord-INFO-train: Starting epoch 8/15
17:17:40-Concord-INFO-train: Starting epoch 8/15
17:17:40-Concord-INFO-train: Starting epoch 8/15
17:17:40-Concord-INFO-train: Starting epoch 8/15
17:17:40-Concord-INFO-train: Starting epoch 8/15
17:17:40-Concord-INFO-train: Starting epoch 8/15
17:17:40-Concord-INFO-train: Starting epoch 8/15
17:17:40-Concord-INFO-train: Starting epoch 8/15
17:17:40-Concord-INFO-train: Starting epoch 8/15
17:17:40-Concord-INFO-train: Starting epoch 8/15
17:17:40-Concord-INFO-train: Starting epoch 8/15
17:17:40-Concord-INFO-train: Starting epoch 8/15
17:17:40-Concord-INFO-train: Starting epoch 8/15
17:17:40-Concord-INFO-train: Processing chunk 1/1 for epoch 8
17:17:40-Concord-INFO-train: Processing chunk 1/1 for epoch 8
17:17:40-Concord-INFO-train: Processing chunk 1/1 for epoch 8
17:17:40-Concord-INFO-train: Processing chunk 1/1 for epoch 8
17:17:40-Concord-INFO-train: Processing chunk 1/1 for epoch 8
17:17:40-Concord-INFO-train: Processing chunk 1/1 for epoch 8
17:17:40-Concord-INFO-train: Processing chunk 1/1 for epoch 8
17:17:40-Concord-INFO-train: Processing chunk 1/1 for epoch 8
17:17:40-Concord-INFO-train: Processing chunk 1/1 for epoch 8
17:17:40-Concord-INFO-train: Processing chunk 1/1 for epoch 8
17:17:40-Concord-INFO-train: Processing chunk 1/1 for epoch 8
17:17:40-Concord-INFO-train: Processing chunk 1/1 for epoch 8
17:17:40-Concord-INFO-train: Processing chunk 1/1 for epoch 8
17:17:40-Concord-INFO-train: Number of samples in train_dataloader: 2638
17:17:40-Concord-INFO-train: Number of samples in train_dataloader: 2638
17:17:40-Concord-INFO-train: Number of samples in train_dataloader: 2638
17:17:40-Concord-INFO-train: Number of samples in train_dataloader: 2638
17:17:40-Concord-INFO-train: Number of samples in train_dataloader: 2638
17:17:40-Concord-INFO-train: Number of samples in train_dataloader: 2638
17:17:40-Concord-INFO-train: Number of samples in train_dataloader: 2638
17:17:40-Concord-INFO-train: Number of samples in train_dataloader: 2638
17:17:40-Concord-INFO-train: Number of samples in train_dataloader: 2638
17:17:40-Concord-INFO-train: Number of samples in train_dataloader: 2638
17:17:40-Concord-INFO-train: Number of samples in train_dataloader: 2638
17:17:40-Concord-INFO-train: Number of samples in train_dataloader: 2638
17:17:40-Concord-INFO-train: Number of samples in train_dataloader: 2638
17:17:41-Concord-INFO-_run_epoch: Epoch   7 | Train Loss: 2.85, MSE: 0.00, CLASS: 0.00, CONTRAST: 2.85, IMPORTANCE: 0.00
17:17:41-Concord-INFO-_run_epoch: Epoch   7 | Train Loss: 2.85, MSE: 0.00, CLASS: 0.00, CONTRAST: 2.85, IMPORTANCE: 0.00
17:17:41-Concord-INFO-_run_epoch: Epoch   7 | Train Loss: 2.85, MSE: 0.00, CLASS: 0.00, CONTRAST: 2.85, IMPORTANCE: 0.00
17:17:41-Concord-INFO-_run_epoch: Epoch   7 | Train Loss: 2.85, MSE: 0.00, CLASS: 0.00, CONTRAST: 2.85, IMPORTANCE: 0.00
17:17:41-Concord-INFO-_run_epoch: Epoch   7 | Train Loss: 2.85, MSE: 0.00, CLASS: 0.00, CONTRAST: 2.85, IMPORTANCE: 0.00
17:17:41-Concord-INFO-_run_epoch: Epoch   7 | Train Loss: 2.85, MSE: 0.00, CLASS: 0.00, CONTRAST: 2.85, IMPORTANCE: 0.00
17:17:41-Concord-INFO-_run_epoch: Epoch   7 | Train Loss: 2.85, MSE: 0.00, CLASS: 0.00, CONTRAST: 2.85, IMPORTANCE: 0.00
17:17:41-Concord-INFO-_run_epoch: Epoch   7 | Train Loss: 2.85, MSE: 0.00, CLASS: 0.00, CONTRAST: 2.85, IMPORTANCE: 0.00
17:17:41-Concord-INFO-_run_epoch: Epoch   7 | Train Loss: 2.85, MSE: 0.00, CLASS: 0.00, CONTRAST: 2.85, IMPORTANCE: 0.00
17:17:41-Concord-INFO-_run_epoch: Epoch   7 | Train Loss: 2.85, MSE: 0.00, CLASS: 0.00, CONTRAST: 2.85, IMPORTANCE: 0.00
17:17:41-Concord-INFO-_run_epoch: Epoch   7 | Train Loss: 2.85, MSE: 0.00, CLASS: 0.00, CONTRAST: 2.85, IMPORTANCE: 0.00
17:17:41-Concord-INFO-_run_epoch: Epoch   7 | Train Loss: 2.85, MSE: 0.00, CLASS: 0.00, CONTRAST: 2.85, IMPORTANCE: 0.00
17:17:41-Concord-INFO-_run_epoch: Epoch   7 | Train Loss: 2.85, MSE: 0.00, CLASS: 0.00, CONTRAST: 2.85, IMPORTANCE: 0.00
17:17:41-Concord-INFO-train: Starting epoch 9/15
17:17:41-Concord-INFO-train: Starting epoch 9/15
17:17:41-Concord-INFO-train: Starting epoch 9/15
17:17:41-Concord-INFO-train: Starting epoch 9/15
17:17:41-Concord-INFO-train: Starting epoch 9/15
17:17:41-Concord-INFO-train: Starting epoch 9/15
17:17:41-Concord-INFO-train: Starting epoch 9/15
17:17:41-Concord-INFO-train: Starting epoch 9/15
17:17:41-Concord-INFO-train: Starting epoch 9/15
17:17:41-Concord-INFO-train: Starting epoch 9/15
17:17:41-Concord-INFO-train: Starting epoch 9/15
17:17:41-Concord-INFO-train: Starting epoch 9/15
17:17:41-Concord-INFO-train: Starting epoch 9/15
17:17:41-Concord-INFO-train: Processing chunk 1/1 for epoch 9
17:17:41-Concord-INFO-train: Processing chunk 1/1 for epoch 9
17:17:41-Concord-INFO-train: Processing chunk 1/1 for epoch 9
17:17:41-Concord-INFO-train: Processing chunk 1/1 for epoch 9
17:17:41-Concord-INFO-train: Processing chunk 1/1 for epoch 9
17:17:41-Concord-INFO-train: Processing chunk 1/1 for epoch 9
17:17:41-Concord-INFO-train: Processing chunk 1/1 for epoch 9
17:17:41-Concord-INFO-train: Processing chunk 1/1 for epoch 9
17:17:41-Concord-INFO-train: Processing chunk 1/1 for epoch 9
17:17:41-Concord-INFO-train: Processing chunk 1/1 for epoch 9
17:17:41-Concord-INFO-train: Processing chunk 1/1 for epoch 9
17:17:41-Concord-INFO-train: Processing chunk 1/1 for epoch 9
17:17:41-Concord-INFO-train: Processing chunk 1/1 for epoch 9
17:17:41-Concord-INFO-train: Number of samples in train_dataloader: 2638
17:17:41-Concord-INFO-train: Number of samples in train_dataloader: 2638
17:17:41-Concord-INFO-train: Number of samples in train_dataloader: 2638
17:17:41-Concord-INFO-train: Number of samples in train_dataloader: 2638
17:17:41-Concord-INFO-train: Number of samples in train_dataloader: 2638
17:17:41-Concord-INFO-train: Number of samples in train_dataloader: 2638
17:17:41-Concord-INFO-train: Number of samples in train_dataloader: 2638
17:17:41-Concord-INFO-train: Number of samples in train_dataloader: 2638
17:17:41-Concord-INFO-train: Number of samples in train_dataloader: 2638
17:17:41-Concord-INFO-train: Number of samples in train_dataloader: 2638
17:17:41-Concord-INFO-train: Number of samples in train_dataloader: 2638
17:17:41-Concord-INFO-train: Number of samples in train_dataloader: 2638
17:17:41-Concord-INFO-train: Number of samples in train_dataloader: 2638
17:17:41-Concord-INFO-_run_epoch: Epoch   8 | Train Loss: 2.79, MSE: 0.00, CLASS: 0.00, CONTRAST: 2.79, IMPORTANCE: 0.00
17:17:41-Concord-INFO-_run_epoch: Epoch   8 | Train Loss: 2.79, MSE: 0.00, CLASS: 0.00, CONTRAST: 2.79, IMPORTANCE: 0.00
17:17:41-Concord-INFO-_run_epoch: Epoch   8 | Train Loss: 2.79, MSE: 0.00, CLASS: 0.00, CONTRAST: 2.79, IMPORTANCE: 0.00
17:17:41-Concord-INFO-_run_epoch: Epoch   8 | Train Loss: 2.79, MSE: 0.00, CLASS: 0.00, CONTRAST: 2.79, IMPORTANCE: 0.00
17:17:41-Concord-INFO-_run_epoch: Epoch   8 | Train Loss: 2.79, MSE: 0.00, CLASS: 0.00, CONTRAST: 2.79, IMPORTANCE: 0.00
17:17:41-Concord-INFO-_run_epoch: Epoch   8 | Train Loss: 2.79, MSE: 0.00, CLASS: 0.00, CONTRAST: 2.79, IMPORTANCE: 0.00
17:17:41-Concord-INFO-_run_epoch: Epoch   8 | Train Loss: 2.79, MSE: 0.00, CLASS: 0.00, CONTRAST: 2.79, IMPORTANCE: 0.00
17:17:41-Concord-INFO-_run_epoch: Epoch   8 | Train Loss: 2.79, MSE: 0.00, CLASS: 0.00, CONTRAST: 2.79, IMPORTANCE: 0.00
17:17:41-Concord-INFO-_run_epoch: Epoch   8 | Train Loss: 2.79, MSE: 0.00, CLASS: 0.00, CONTRAST: 2.79, IMPORTANCE: 0.00
17:17:41-Concord-INFO-_run_epoch: Epoch   8 | Train Loss: 2.79, MSE: 0.00, CLASS: 0.00, CONTRAST: 2.79, IMPORTANCE: 0.00
17:17:41-Concord-INFO-_run_epoch: Epoch   8 | Train Loss: 2.79, MSE: 0.00, CLASS: 0.00, CONTRAST: 2.79, IMPORTANCE: 0.00
17:17:41-Concord-INFO-_run_epoch: Epoch   8 | Train Loss: 2.79, MSE: 0.00, CLASS: 0.00, CONTRAST: 2.79, IMPORTANCE: 0.00
17:17:41-Concord-INFO-_run_epoch: Epoch   8 | Train Loss: 2.79, MSE: 0.00, CLASS: 0.00, CONTRAST: 2.79, IMPORTANCE: 0.00
17:17:41-Concord-INFO-train: Starting epoch 10/15
17:17:41-Concord-INFO-train: Starting epoch 10/15
17:17:41-Concord-INFO-train: Starting epoch 10/15
17:17:41-Concord-INFO-train: Starting epoch 10/15
17:17:41-Concord-INFO-train: Starting epoch 10/15
17:17:41-Concord-INFO-train: Starting epoch 10/15
17:17:41-Concord-INFO-train: Starting epoch 10/15
17:17:41-Concord-INFO-train: Starting epoch 10/15
17:17:41-Concord-INFO-train: Starting epoch 10/15
17:17:41-Concord-INFO-train: Starting epoch 10/15
17:17:41-Concord-INFO-train: Starting epoch 10/15
17:17:41-Concord-INFO-train: Starting epoch 10/15
17:17:41-Concord-INFO-train: Starting epoch 10/15
17:17:41-Concord-INFO-train: Processing chunk 1/1 for epoch 10
17:17:41-Concord-INFO-train: Processing chunk 1/1 for epoch 10
17:17:41-Concord-INFO-train: Processing chunk 1/1 for epoch 10
17:17:41-Concord-INFO-train: Processing chunk 1/1 for epoch 10
17:17:41-Concord-INFO-train: Processing chunk 1/1 for epoch 10
17:17:41-Concord-INFO-train: Processing chunk 1/1 for epoch 10
17:17:41-Concord-INFO-train: Processing chunk 1/1 for epoch 10
17:17:41-Concord-INFO-train: Processing chunk 1/1 for epoch 10
17:17:41-Concord-INFO-train: Processing chunk 1/1 for epoch 10
17:17:41-Concord-INFO-train: Processing chunk 1/1 for epoch 10
17:17:41-Concord-INFO-train: Processing chunk 1/1 for epoch 10
17:17:41-Concord-INFO-train: Processing chunk 1/1 for epoch 10
17:17:41-Concord-INFO-train: Processing chunk 1/1 for epoch 10
17:17:41-Concord-INFO-train: Number of samples in train_dataloader: 2638
17:17:41-Concord-INFO-train: Number of samples in train_dataloader: 2638
17:17:41-Concord-INFO-train: Number of samples in train_dataloader: 2638
17:17:41-Concord-INFO-train: Number of samples in train_dataloader: 2638
17:17:41-Concord-INFO-train: Number of samples in train_dataloader: 2638
17:17:41-Concord-INFO-train: Number of samples in train_dataloader: 2638
17:17:41-Concord-INFO-train: Number of samples in train_dataloader: 2638
17:17:41-Concord-INFO-train: Number of samples in train_dataloader: 2638
17:17:41-Concord-INFO-train: Number of samples in train_dataloader: 2638
17:17:41-Concord-INFO-train: Number of samples in train_dataloader: 2638
17:17:41-Concord-INFO-train: Number of samples in train_dataloader: 2638
17:17:41-Concord-INFO-train: Number of samples in train_dataloader: 2638
17:17:41-Concord-INFO-train: Number of samples in train_dataloader: 2638
17:17:42-Concord-INFO-_run_epoch: Epoch   9 | Train Loss: 2.76, MSE: 0.00, CLASS: 0.00, CONTRAST: 2.76, IMPORTANCE: 0.00
17:17:42-Concord-INFO-_run_epoch: Epoch   9 | Train Loss: 2.76, MSE: 0.00, CLASS: 0.00, CONTRAST: 2.76, IMPORTANCE: 0.00
17:17:42-Concord-INFO-_run_epoch: Epoch   9 | Train Loss: 2.76, MSE: 0.00, CLASS: 0.00, CONTRAST: 2.76, IMPORTANCE: 0.00
17:17:42-Concord-INFO-_run_epoch: Epoch   9 | Train Loss: 2.76, MSE: 0.00, CLASS: 0.00, CONTRAST: 2.76, IMPORTANCE: 0.00
17:17:42-Concord-INFO-_run_epoch: Epoch   9 | Train Loss: 2.76, MSE: 0.00, CLASS: 0.00, CONTRAST: 2.76, IMPORTANCE: 0.00
17:17:42-Concord-INFO-_run_epoch: Epoch   9 | Train Loss: 2.76, MSE: 0.00, CLASS: 0.00, CONTRAST: 2.76, IMPORTANCE: 0.00
17:17:42-Concord-INFO-_run_epoch: Epoch   9 | Train Loss: 2.76, MSE: 0.00, CLASS: 0.00, CONTRAST: 2.76, IMPORTANCE: 0.00
17:17:42-Concord-INFO-_run_epoch: Epoch   9 | Train Loss: 2.76, MSE: 0.00, CLASS: 0.00, CONTRAST: 2.76, IMPORTANCE: 0.00
17:17:42-Concord-INFO-_run_epoch: Epoch   9 | Train Loss: 2.76, MSE: 0.00, CLASS: 0.00, CONTRAST: 2.76, IMPORTANCE: 0.00
17:17:42-Concord-INFO-_run_epoch: Epoch   9 | Train Loss: 2.76, MSE: 0.00, CLASS: 0.00, CONTRAST: 2.76, IMPORTANCE: 0.00
17:17:42-Concord-INFO-_run_epoch: Epoch   9 | Train Loss: 2.76, MSE: 0.00, CLASS: 0.00, CONTRAST: 2.76, IMPORTANCE: 0.00
17:17:42-Concord-INFO-_run_epoch: Epoch   9 | Train Loss: 2.76, MSE: 0.00, CLASS: 0.00, CONTRAST: 2.76, IMPORTANCE: 0.00
17:17:42-Concord-INFO-_run_epoch: Epoch   9 | Train Loss: 2.76, MSE: 0.00, CLASS: 0.00, CONTRAST: 2.76, IMPORTANCE: 0.00
17:17:42-Concord-INFO-train: Starting epoch 11/15
17:17:42-Concord-INFO-train: Starting epoch 11/15
17:17:42-Concord-INFO-train: Starting epoch 11/15
17:17:42-Concord-INFO-train: Starting epoch 11/15
17:17:42-Concord-INFO-train: Starting epoch 11/15
17:17:42-Concord-INFO-train: Starting epoch 11/15
17:17:42-Concord-INFO-train: Starting epoch 11/15
17:17:42-Concord-INFO-train: Starting epoch 11/15
17:17:42-Concord-INFO-train: Starting epoch 11/15
17:17:42-Concord-INFO-train: Starting epoch 11/15
17:17:42-Concord-INFO-train: Starting epoch 11/15
17:17:42-Concord-INFO-train: Starting epoch 11/15
17:17:42-Concord-INFO-train: Starting epoch 11/15
17:17:42-Concord-INFO-train: Processing chunk 1/1 for epoch 11
17:17:42-Concord-INFO-train: Processing chunk 1/1 for epoch 11
17:17:42-Concord-INFO-train: Processing chunk 1/1 for epoch 11
17:17:42-Concord-INFO-train: Processing chunk 1/1 for epoch 11
17:17:42-Concord-INFO-train: Processing chunk 1/1 for epoch 11
17:17:42-Concord-INFO-train: Processing chunk 1/1 for epoch 11
17:17:42-Concord-INFO-train: Processing chunk 1/1 for epoch 11
17:17:42-Concord-INFO-train: Processing chunk 1/1 for epoch 11
17:17:42-Concord-INFO-train: Processing chunk 1/1 for epoch 11
17:17:42-Concord-INFO-train: Processing chunk 1/1 for epoch 11
17:17:42-Concord-INFO-train: Processing chunk 1/1 for epoch 11
17:17:42-Concord-INFO-train: Processing chunk 1/1 for epoch 11
17:17:42-Concord-INFO-train: Processing chunk 1/1 for epoch 11
17:17:42-Concord-INFO-train: Number of samples in train_dataloader: 2638
17:17:42-Concord-INFO-train: Number of samples in train_dataloader: 2638
17:17:42-Concord-INFO-train: Number of samples in train_dataloader: 2638
17:17:42-Concord-INFO-train: Number of samples in train_dataloader: 2638
17:17:42-Concord-INFO-train: Number of samples in train_dataloader: 2638
17:17:42-Concord-INFO-train: Number of samples in train_dataloader: 2638
17:17:42-Concord-INFO-train: Number of samples in train_dataloader: 2638
17:17:42-Concord-INFO-train: Number of samples in train_dataloader: 2638
17:17:42-Concord-INFO-train: Number of samples in train_dataloader: 2638
17:17:42-Concord-INFO-train: Number of samples in train_dataloader: 2638
17:17:42-Concord-INFO-train: Number of samples in train_dataloader: 2638
17:17:42-Concord-INFO-train: Number of samples in train_dataloader: 2638
17:17:42-Concord-INFO-train: Number of samples in train_dataloader: 2638
17:17:42-Concord-INFO-_run_epoch: Epoch  10 | Train Loss: 2.72, MSE: 0.00, CLASS: 0.00, CONTRAST: 2.72, IMPORTANCE: 0.00
17:17:42-Concord-INFO-_run_epoch: Epoch  10 | Train Loss: 2.72, MSE: 0.00, CLASS: 0.00, CONTRAST: 2.72, IMPORTANCE: 0.00
17:17:42-Concord-INFO-_run_epoch: Epoch  10 | Train Loss: 2.72, MSE: 0.00, CLASS: 0.00, CONTRAST: 2.72, IMPORTANCE: 0.00
17:17:42-Concord-INFO-_run_epoch: Epoch  10 | Train Loss: 2.72, MSE: 0.00, CLASS: 0.00, CONTRAST: 2.72, IMPORTANCE: 0.00
17:17:42-Concord-INFO-_run_epoch: Epoch  10 | Train Loss: 2.72, MSE: 0.00, CLASS: 0.00, CONTRAST: 2.72, IMPORTANCE: 0.00
17:17:42-Concord-INFO-_run_epoch: Epoch  10 | Train Loss: 2.72, MSE: 0.00, CLASS: 0.00, CONTRAST: 2.72, IMPORTANCE: 0.00
17:17:42-Concord-INFO-_run_epoch: Epoch  10 | Train Loss: 2.72, MSE: 0.00, CLASS: 0.00, CONTRAST: 2.72, IMPORTANCE: 0.00
17:17:42-Concord-INFO-_run_epoch: Epoch  10 | Train Loss: 2.72, MSE: 0.00, CLASS: 0.00, CONTRAST: 2.72, IMPORTANCE: 0.00
17:17:42-Concord-INFO-_run_epoch: Epoch  10 | Train Loss: 2.72, MSE: 0.00, CLASS: 0.00, CONTRAST: 2.72, IMPORTANCE: 0.00
17:17:42-Concord-INFO-_run_epoch: Epoch  10 | Train Loss: 2.72, MSE: 0.00, CLASS: 0.00, CONTRAST: 2.72, IMPORTANCE: 0.00
17:17:42-Concord-INFO-_run_epoch: Epoch  10 | Train Loss: 2.72, MSE: 0.00, CLASS: 0.00, CONTRAST: 2.72, IMPORTANCE: 0.00
17:17:42-Concord-INFO-_run_epoch: Epoch  10 | Train Loss: 2.72, MSE: 0.00, CLASS: 0.00, CONTRAST: 2.72, IMPORTANCE: 0.00
17:17:42-Concord-INFO-_run_epoch: Epoch  10 | Train Loss: 2.72, MSE: 0.00, CLASS: 0.00, CONTRAST: 2.72, IMPORTANCE: 0.00
17:17:42-Concord-INFO-train: Starting epoch 12/15
17:17:42-Concord-INFO-train: Starting epoch 12/15
17:17:42-Concord-INFO-train: Starting epoch 12/15
17:17:42-Concord-INFO-train: Starting epoch 12/15
17:17:42-Concord-INFO-train: Starting epoch 12/15
17:17:42-Concord-INFO-train: Starting epoch 12/15
17:17:42-Concord-INFO-train: Starting epoch 12/15
17:17:42-Concord-INFO-train: Starting epoch 12/15
17:17:42-Concord-INFO-train: Starting epoch 12/15
17:17:42-Concord-INFO-train: Starting epoch 12/15
17:17:42-Concord-INFO-train: Starting epoch 12/15
17:17:42-Concord-INFO-train: Starting epoch 12/15
17:17:42-Concord-INFO-train: Starting epoch 12/15
17:17:42-Concord-INFO-train: Processing chunk 1/1 for epoch 12
17:17:42-Concord-INFO-train: Processing chunk 1/1 for epoch 12
17:17:42-Concord-INFO-train: Processing chunk 1/1 for epoch 12
17:17:42-Concord-INFO-train: Processing chunk 1/1 for epoch 12
17:17:42-Concord-INFO-train: Processing chunk 1/1 for epoch 12
17:17:42-Concord-INFO-train: Processing chunk 1/1 for epoch 12
17:17:42-Concord-INFO-train: Processing chunk 1/1 for epoch 12
17:17:42-Concord-INFO-train: Processing chunk 1/1 for epoch 12
17:17:42-Concord-INFO-train: Processing chunk 1/1 for epoch 12
17:17:42-Concord-INFO-train: Processing chunk 1/1 for epoch 12
17:17:42-Concord-INFO-train: Processing chunk 1/1 for epoch 12
17:17:42-Concord-INFO-train: Processing chunk 1/1 for epoch 12
17:17:42-Concord-INFO-train: Processing chunk 1/1 for epoch 12
17:17:42-Concord-INFO-train: Number of samples in train_dataloader: 2638
17:17:42-Concord-INFO-train: Number of samples in train_dataloader: 2638
17:17:42-Concord-INFO-train: Number of samples in train_dataloader: 2638
17:17:42-Concord-INFO-train: Number of samples in train_dataloader: 2638
17:17:42-Concord-INFO-train: Number of samples in train_dataloader: 2638
17:17:42-Concord-INFO-train: Number of samples in train_dataloader: 2638
17:17:42-Concord-INFO-train: Number of samples in train_dataloader: 2638
17:17:42-Concord-INFO-train: Number of samples in train_dataloader: 2638
17:17:42-Concord-INFO-train: Number of samples in train_dataloader: 2638
17:17:42-Concord-INFO-train: Number of samples in train_dataloader: 2638
17:17:42-Concord-INFO-train: Number of samples in train_dataloader: 2638
17:17:42-Concord-INFO-train: Number of samples in train_dataloader: 2638
17:17:42-Concord-INFO-train: Number of samples in train_dataloader: 2638
17:17:43-Concord-INFO-_run_epoch: Epoch  11 | Train Loss: 2.73, MSE: 0.00, CLASS: 0.00, CONTRAST: 2.73, IMPORTANCE: 0.00
17:17:43-Concord-INFO-_run_epoch: Epoch  11 | Train Loss: 2.73, MSE: 0.00, CLASS: 0.00, CONTRAST: 2.73, IMPORTANCE: 0.00
17:17:43-Concord-INFO-_run_epoch: Epoch  11 | Train Loss: 2.73, MSE: 0.00, CLASS: 0.00, CONTRAST: 2.73, IMPORTANCE: 0.00
17:17:43-Concord-INFO-_run_epoch: Epoch  11 | Train Loss: 2.73, MSE: 0.00, CLASS: 0.00, CONTRAST: 2.73, IMPORTANCE: 0.00
17:17:43-Concord-INFO-_run_epoch: Epoch  11 | Train Loss: 2.73, MSE: 0.00, CLASS: 0.00, CONTRAST: 2.73, IMPORTANCE: 0.00
17:17:43-Concord-INFO-_run_epoch: Epoch  11 | Train Loss: 2.73, MSE: 0.00, CLASS: 0.00, CONTRAST: 2.73, IMPORTANCE: 0.00
17:17:43-Concord-INFO-_run_epoch: Epoch  11 | Train Loss: 2.73, MSE: 0.00, CLASS: 0.00, CONTRAST: 2.73, IMPORTANCE: 0.00
17:17:43-Concord-INFO-_run_epoch: Epoch  11 | Train Loss: 2.73, MSE: 0.00, CLASS: 0.00, CONTRAST: 2.73, IMPORTANCE: 0.00
17:17:43-Concord-INFO-_run_epoch: Epoch  11 | Train Loss: 2.73, MSE: 0.00, CLASS: 0.00, CONTRAST: 2.73, IMPORTANCE: 0.00
17:17:43-Concord-INFO-_run_epoch: Epoch  11 | Train Loss: 2.73, MSE: 0.00, CLASS: 0.00, CONTRAST: 2.73, IMPORTANCE: 0.00
17:17:43-Concord-INFO-_run_epoch: Epoch  11 | Train Loss: 2.73, MSE: 0.00, CLASS: 0.00, CONTRAST: 2.73, IMPORTANCE: 0.00
17:17:43-Concord-INFO-_run_epoch: Epoch  11 | Train Loss: 2.73, MSE: 0.00, CLASS: 0.00, CONTRAST: 2.73, IMPORTANCE: 0.00
17:17:43-Concord-INFO-_run_epoch: Epoch  11 | Train Loss: 2.73, MSE: 0.00, CLASS: 0.00, CONTRAST: 2.73, IMPORTANCE: 0.00
17:17:43-Concord-INFO-train: Starting epoch 13/15
17:17:43-Concord-INFO-train: Starting epoch 13/15
17:17:43-Concord-INFO-train: Starting epoch 13/15
17:17:43-Concord-INFO-train: Starting epoch 13/15
17:17:43-Concord-INFO-train: Starting epoch 13/15
17:17:43-Concord-INFO-train: Starting epoch 13/15
17:17:43-Concord-INFO-train: Starting epoch 13/15
17:17:43-Concord-INFO-train: Starting epoch 13/15
17:17:43-Concord-INFO-train: Starting epoch 13/15
17:17:43-Concord-INFO-train: Starting epoch 13/15
17:17:43-Concord-INFO-train: Starting epoch 13/15
17:17:43-Concord-INFO-train: Starting epoch 13/15
17:17:43-Concord-INFO-train: Starting epoch 13/15
17:17:43-Concord-INFO-train: Processing chunk 1/1 for epoch 13
17:17:43-Concord-INFO-train: Processing chunk 1/1 for epoch 13
17:17:43-Concord-INFO-train: Processing chunk 1/1 for epoch 13
17:17:43-Concord-INFO-train: Processing chunk 1/1 for epoch 13
17:17:43-Concord-INFO-train: Processing chunk 1/1 for epoch 13
17:17:43-Concord-INFO-train: Processing chunk 1/1 for epoch 13
17:17:43-Concord-INFO-train: Processing chunk 1/1 for epoch 13
17:17:43-Concord-INFO-train: Processing chunk 1/1 for epoch 13
17:17:43-Concord-INFO-train: Processing chunk 1/1 for epoch 13
17:17:43-Concord-INFO-train: Processing chunk 1/1 for epoch 13
17:17:43-Concord-INFO-train: Processing chunk 1/1 for epoch 13
17:17:43-Concord-INFO-train: Processing chunk 1/1 for epoch 13
17:17:43-Concord-INFO-train: Processing chunk 1/1 for epoch 13
17:17:43-Concord-INFO-train: Number of samples in train_dataloader: 2638
17:17:43-Concord-INFO-train: Number of samples in train_dataloader: 2638
17:17:43-Concord-INFO-train: Number of samples in train_dataloader: 2638
17:17:43-Concord-INFO-train: Number of samples in train_dataloader: 2638
17:17:43-Concord-INFO-train: Number of samples in train_dataloader: 2638
17:17:43-Concord-INFO-train: Number of samples in train_dataloader: 2638
17:17:43-Concord-INFO-train: Number of samples in train_dataloader: 2638
17:17:43-Concord-INFO-train: Number of samples in train_dataloader: 2638
17:17:43-Concord-INFO-train: Number of samples in train_dataloader: 2638
17:17:43-Concord-INFO-train: Number of samples in train_dataloader: 2638
17:17:43-Concord-INFO-train: Number of samples in train_dataloader: 2638
17:17:43-Concord-INFO-train: Number of samples in train_dataloader: 2638
17:17:43-Concord-INFO-train: Number of samples in train_dataloader: 2638
17:17:43-Concord-INFO-_run_epoch: Epoch  12 | Train Loss: 2.64, MSE: 0.00, CLASS: 0.00, CONTRAST: 2.64, IMPORTANCE: 0.00
17:17:43-Concord-INFO-_run_epoch: Epoch  12 | Train Loss: 2.64, MSE: 0.00, CLASS: 0.00, CONTRAST: 2.64, IMPORTANCE: 0.00
17:17:43-Concord-INFO-_run_epoch: Epoch  12 | Train Loss: 2.64, MSE: 0.00, CLASS: 0.00, CONTRAST: 2.64, IMPORTANCE: 0.00
17:17:43-Concord-INFO-_run_epoch: Epoch  12 | Train Loss: 2.64, MSE: 0.00, CLASS: 0.00, CONTRAST: 2.64, IMPORTANCE: 0.00
17:17:43-Concord-INFO-_run_epoch: Epoch  12 | Train Loss: 2.64, MSE: 0.00, CLASS: 0.00, CONTRAST: 2.64, IMPORTANCE: 0.00
17:17:43-Concord-INFO-_run_epoch: Epoch  12 | Train Loss: 2.64, MSE: 0.00, CLASS: 0.00, CONTRAST: 2.64, IMPORTANCE: 0.00
17:17:43-Concord-INFO-_run_epoch: Epoch  12 | Train Loss: 2.64, MSE: 0.00, CLASS: 0.00, CONTRAST: 2.64, IMPORTANCE: 0.00
17:17:43-Concord-INFO-_run_epoch: Epoch  12 | Train Loss: 2.64, MSE: 0.00, CLASS: 0.00, CONTRAST: 2.64, IMPORTANCE: 0.00
17:17:43-Concord-INFO-_run_epoch: Epoch  12 | Train Loss: 2.64, MSE: 0.00, CLASS: 0.00, CONTRAST: 2.64, IMPORTANCE: 0.00
17:17:43-Concord-INFO-_run_epoch: Epoch  12 | Train Loss: 2.64, MSE: 0.00, CLASS: 0.00, CONTRAST: 2.64, IMPORTANCE: 0.00
17:17:43-Concord-INFO-_run_epoch: Epoch  12 | Train Loss: 2.64, MSE: 0.00, CLASS: 0.00, CONTRAST: 2.64, IMPORTANCE: 0.00
17:17:43-Concord-INFO-_run_epoch: Epoch  12 | Train Loss: 2.64, MSE: 0.00, CLASS: 0.00, CONTRAST: 2.64, IMPORTANCE: 0.00
17:17:43-Concord-INFO-_run_epoch: Epoch  12 | Train Loss: 2.64, MSE: 0.00, CLASS: 0.00, CONTRAST: 2.64, IMPORTANCE: 0.00
17:17:43-Concord-INFO-train: Starting epoch 14/15
17:17:43-Concord-INFO-train: Starting epoch 14/15
17:17:43-Concord-INFO-train: Starting epoch 14/15
17:17:43-Concord-INFO-train: Starting epoch 14/15
17:17:43-Concord-INFO-train: Starting epoch 14/15
17:17:43-Concord-INFO-train: Starting epoch 14/15
17:17:43-Concord-INFO-train: Starting epoch 14/15
17:17:43-Concord-INFO-train: Starting epoch 14/15
17:17:43-Concord-INFO-train: Starting epoch 14/15
17:17:43-Concord-INFO-train: Starting epoch 14/15
17:17:43-Concord-INFO-train: Starting epoch 14/15
17:17:43-Concord-INFO-train: Starting epoch 14/15
17:17:43-Concord-INFO-train: Starting epoch 14/15
17:17:43-Concord-INFO-train: Processing chunk 1/1 for epoch 14
17:17:43-Concord-INFO-train: Processing chunk 1/1 for epoch 14
17:17:43-Concord-INFO-train: Processing chunk 1/1 for epoch 14
17:17:43-Concord-INFO-train: Processing chunk 1/1 for epoch 14
17:17:43-Concord-INFO-train: Processing chunk 1/1 for epoch 14
17:17:43-Concord-INFO-train: Processing chunk 1/1 for epoch 14
17:17:43-Concord-INFO-train: Processing chunk 1/1 for epoch 14
17:17:43-Concord-INFO-train: Processing chunk 1/1 for epoch 14
17:17:43-Concord-INFO-train: Processing chunk 1/1 for epoch 14
17:17:43-Concord-INFO-train: Processing chunk 1/1 for epoch 14
17:17:43-Concord-INFO-train: Processing chunk 1/1 for epoch 14
17:17:43-Concord-INFO-train: Processing chunk 1/1 for epoch 14
17:17:43-Concord-INFO-train: Processing chunk 1/1 for epoch 14
17:17:43-Concord-INFO-train: Number of samples in train_dataloader: 2638
17:17:43-Concord-INFO-train: Number of samples in train_dataloader: 2638
17:17:43-Concord-INFO-train: Number of samples in train_dataloader: 2638
17:17:43-Concord-INFO-train: Number of samples in train_dataloader: 2638
17:17:43-Concord-INFO-train: Number of samples in train_dataloader: 2638
17:17:43-Concord-INFO-train: Number of samples in train_dataloader: 2638
17:17:43-Concord-INFO-train: Number of samples in train_dataloader: 2638
17:17:43-Concord-INFO-train: Number of samples in train_dataloader: 2638
17:17:43-Concord-INFO-train: Number of samples in train_dataloader: 2638
17:17:43-Concord-INFO-train: Number of samples in train_dataloader: 2638
17:17:43-Concord-INFO-train: Number of samples in train_dataloader: 2638
17:17:43-Concord-INFO-train: Number of samples in train_dataloader: 2638
17:17:43-Concord-INFO-train: Number of samples in train_dataloader: 2638
17:17:44-Concord-INFO-_run_epoch: Epoch  13 | Train Loss: 2.67, MSE: 0.00, CLASS: 0.00, CONTRAST: 2.67, IMPORTANCE: 0.00
17:17:44-Concord-INFO-_run_epoch: Epoch  13 | Train Loss: 2.67, MSE: 0.00, CLASS: 0.00, CONTRAST: 2.67, IMPORTANCE: 0.00
17:17:44-Concord-INFO-_run_epoch: Epoch  13 | Train Loss: 2.67, MSE: 0.00, CLASS: 0.00, CONTRAST: 2.67, IMPORTANCE: 0.00
17:17:44-Concord-INFO-_run_epoch: Epoch  13 | Train Loss: 2.67, MSE: 0.00, CLASS: 0.00, CONTRAST: 2.67, IMPORTANCE: 0.00
17:17:44-Concord-INFO-_run_epoch: Epoch  13 | Train Loss: 2.67, MSE: 0.00, CLASS: 0.00, CONTRAST: 2.67, IMPORTANCE: 0.00
17:17:44-Concord-INFO-_run_epoch: Epoch  13 | Train Loss: 2.67, MSE: 0.00, CLASS: 0.00, CONTRAST: 2.67, IMPORTANCE: 0.00
17:17:44-Concord-INFO-_run_epoch: Epoch  13 | Train Loss: 2.67, MSE: 0.00, CLASS: 0.00, CONTRAST: 2.67, IMPORTANCE: 0.00
17:17:44-Concord-INFO-_run_epoch: Epoch  13 | Train Loss: 2.67, MSE: 0.00, CLASS: 0.00, CONTRAST: 2.67, IMPORTANCE: 0.00
17:17:44-Concord-INFO-_run_epoch: Epoch  13 | Train Loss: 2.67, MSE: 0.00, CLASS: 0.00, CONTRAST: 2.67, IMPORTANCE: 0.00
17:17:44-Concord-INFO-_run_epoch: Epoch  13 | Train Loss: 2.67, MSE: 0.00, CLASS: 0.00, CONTRAST: 2.67, IMPORTANCE: 0.00
17:17:44-Concord-INFO-_run_epoch: Epoch  13 | Train Loss: 2.67, MSE: 0.00, CLASS: 0.00, CONTRAST: 2.67, IMPORTANCE: 0.00
17:17:44-Concord-INFO-_run_epoch: Epoch  13 | Train Loss: 2.67, MSE: 0.00, CLASS: 0.00, CONTRAST: 2.67, IMPORTANCE: 0.00
17:17:44-Concord-INFO-_run_epoch: Epoch  13 | Train Loss: 2.67, MSE: 0.00, CLASS: 0.00, CONTRAST: 2.67, IMPORTANCE: 0.00
17:17:44-Concord-INFO-train: Starting epoch 15/15
17:17:44-Concord-INFO-train: Starting epoch 15/15
17:17:44-Concord-INFO-train: Starting epoch 15/15
17:17:44-Concord-INFO-train: Starting epoch 15/15
17:17:44-Concord-INFO-train: Starting epoch 15/15
17:17:44-Concord-INFO-train: Starting epoch 15/15
17:17:44-Concord-INFO-train: Starting epoch 15/15
17:17:44-Concord-INFO-train: Starting epoch 15/15
17:17:44-Concord-INFO-train: Starting epoch 15/15
17:17:44-Concord-INFO-train: Starting epoch 15/15
17:17:44-Concord-INFO-train: Starting epoch 15/15
17:17:44-Concord-INFO-train: Starting epoch 15/15
17:17:44-Concord-INFO-train: Starting epoch 15/15
17:17:44-Concord-INFO-train: Processing chunk 1/1 for epoch 15
17:17:44-Concord-INFO-train: Processing chunk 1/1 for epoch 15
17:17:44-Concord-INFO-train: Processing chunk 1/1 for epoch 15
17:17:44-Concord-INFO-train: Processing chunk 1/1 for epoch 15
17:17:44-Concord-INFO-train: Processing chunk 1/1 for epoch 15
17:17:44-Concord-INFO-train: Processing chunk 1/1 for epoch 15
17:17:44-Concord-INFO-train: Processing chunk 1/1 for epoch 15
17:17:44-Concord-INFO-train: Processing chunk 1/1 for epoch 15
17:17:44-Concord-INFO-train: Processing chunk 1/1 for epoch 15
17:17:44-Concord-INFO-train: Processing chunk 1/1 for epoch 15
17:17:44-Concord-INFO-train: Processing chunk 1/1 for epoch 15
17:17:44-Concord-INFO-train: Processing chunk 1/1 for epoch 15
17:17:44-Concord-INFO-train: Processing chunk 1/1 for epoch 15
17:17:44-Concord-INFO-train: Number of samples in train_dataloader: 2638
17:17:44-Concord-INFO-train: Number of samples in train_dataloader: 2638
17:17:44-Concord-INFO-train: Number of samples in train_dataloader: 2638
17:17:44-Concord-INFO-train: Number of samples in train_dataloader: 2638
17:17:44-Concord-INFO-train: Number of samples in train_dataloader: 2638
17:17:44-Concord-INFO-train: Number of samples in train_dataloader: 2638
17:17:44-Concord-INFO-train: Number of samples in train_dataloader: 2638
17:17:44-Concord-INFO-train: Number of samples in train_dataloader: 2638
17:17:44-Concord-INFO-train: Number of samples in train_dataloader: 2638
17:17:44-Concord-INFO-train: Number of samples in train_dataloader: 2638
17:17:44-Concord-INFO-train: Number of samples in train_dataloader: 2638
17:17:44-Concord-INFO-train: Number of samples in train_dataloader: 2638
17:17:44-Concord-INFO-train: Number of samples in train_dataloader: 2638
17:17:44-Concord-INFO-_run_epoch: Epoch  14 | Train Loss: 2.68, MSE: 0.00, CLASS: 0.00, CONTRAST: 2.68, IMPORTANCE: 0.00
17:17:44-Concord-INFO-_run_epoch: Epoch  14 | Train Loss: 2.68, MSE: 0.00, CLASS: 0.00, CONTRAST: 2.68, IMPORTANCE: 0.00
17:17:44-Concord-INFO-_run_epoch: Epoch  14 | Train Loss: 2.68, MSE: 0.00, CLASS: 0.00, CONTRAST: 2.68, IMPORTANCE: 0.00
17:17:44-Concord-INFO-_run_epoch: Epoch  14 | Train Loss: 2.68, MSE: 0.00, CLASS: 0.00, CONTRAST: 2.68, IMPORTANCE: 0.00
17:17:44-Concord-INFO-_run_epoch: Epoch  14 | Train Loss: 2.68, MSE: 0.00, CLASS: 0.00, CONTRAST: 2.68, IMPORTANCE: 0.00
17:17:44-Concord-INFO-_run_epoch: Epoch  14 | Train Loss: 2.68, MSE: 0.00, CLASS: 0.00, CONTRAST: 2.68, IMPORTANCE: 0.00
17:17:44-Concord-INFO-_run_epoch: Epoch  14 | Train Loss: 2.68, MSE: 0.00, CLASS: 0.00, CONTRAST: 2.68, IMPORTANCE: 0.00
17:17:44-Concord-INFO-_run_epoch: Epoch  14 | Train Loss: 2.68, MSE: 0.00, CLASS: 0.00, CONTRAST: 2.68, IMPORTANCE: 0.00
17:17:44-Concord-INFO-_run_epoch: Epoch  14 | Train Loss: 2.68, MSE: 0.00, CLASS: 0.00, CONTRAST: 2.68, IMPORTANCE: 0.00
17:17:44-Concord-INFO-_run_epoch: Epoch  14 | Train Loss: 2.68, MSE: 0.00, CLASS: 0.00, CONTRAST: 2.68, IMPORTANCE: 0.00
17:17:44-Concord-INFO-_run_epoch: Epoch  14 | Train Loss: 2.68, MSE: 0.00, CLASS: 0.00, CONTRAST: 2.68, IMPORTANCE: 0.00
17:17:44-Concord-INFO-_run_epoch: Epoch  14 | Train Loss: 2.68, MSE: 0.00, CLASS: 0.00, CONTRAST: 2.68, IMPORTANCE: 0.00
17:17:44-Concord-INFO-_run_epoch: Epoch  14 | Train Loss: 2.68, MSE: 0.00, CLASS: 0.00, CONTRAST: 2.68, IMPORTANCE: 0.00
17:17:44-Concord-INFO-save_model: Model saved to save/final_model_Apr17-1717.pt
17:17:44-Concord-INFO-save_model: Model saved to save/final_model_Apr17-1717.pt
17:17:44-Concord-INFO-save_model: Model saved to save/final_model_Apr17-1717.pt
17:17:44-Concord-INFO-save_model: Model saved to save/final_model_Apr17-1717.pt
17:17:44-Concord-INFO-save_model: Model saved to save/final_model_Apr17-1717.pt
17:17:44-Concord-INFO-save_model: Model saved to save/final_model_Apr17-1717.pt
17:17:44-Concord-INFO-save_model: Model saved to save/final_model_Apr17-1717.pt
17:17:44-Concord-INFO-save_model: Model saved to save/final_model_Apr17-1717.pt
17:17:44-Concord-INFO-save_model: Model saved to save/final_model_Apr17-1717.pt
17:17:44-Concord-INFO-save_model: Model saved to save/final_model_Apr17-1717.pt
17:17:44-Concord-INFO-save_model: Model saved to save/final_model_Apr17-1717.pt
17:17:44-Concord-INFO-save_model: Model saved to save/final_model_Apr17-1717.pt
17:17:44-Concord-INFO-save_model: Model saved to save/final_model_Apr17-1717.pt
17:17:44-Concord-INFO-train: Final model saved at: save/final_model_Apr17-1717.pt; Configuration saved at: save/config_Apr17-1717.json.
17:17:44-Concord-INFO-train: Final model saved at: save/final_model_Apr17-1717.pt; Configuration saved at: save/config_Apr17-1717.json.
17:17:44-Concord-INFO-train: Final model saved at: save/final_model_Apr17-1717.pt; Configuration saved at: save/config_Apr17-1717.json.
17:17:44-Concord-INFO-train: Final model saved at: save/final_model_Apr17-1717.pt; Configuration saved at: save/config_Apr17-1717.json.
17:17:44-Concord-INFO-train: Final model saved at: save/final_model_Apr17-1717.pt; Configuration saved at: save/config_Apr17-1717.json.
17:17:44-Concord-INFO-train: Final model saved at: save/final_model_Apr17-1717.pt; Configuration saved at: save/config_Apr17-1717.json.
17:17:44-Concord-INFO-train: Final model saved at: save/final_model_Apr17-1717.pt; Configuration saved at: save/config_Apr17-1717.json.
17:17:44-Concord-INFO-train: Final model saved at: save/final_model_Apr17-1717.pt; Configuration saved at: save/config_Apr17-1717.json.
17:17:44-Concord-INFO-train: Final model saved at: save/final_model_Apr17-1717.pt; Configuration saved at: save/config_Apr17-1717.json.
17:17:44-Concord-INFO-train: Final model saved at: save/final_model_Apr17-1717.pt; Configuration saved at: save/config_Apr17-1717.json.
17:17:44-Concord-INFO-train: Final model saved at: save/final_model_Apr17-1717.pt; Configuration saved at: save/config_Apr17-1717.json.
17:17:44-Concord-INFO-train: Final model saved at: save/final_model_Apr17-1717.pt; Configuration saved at: save/config_Apr17-1717.json.
17:17:44-Concord-INFO-train: Final model saved at: save/final_model_Apr17-1717.pt; Configuration saved at: save/config_Apr17-1717.json.
17:17:44-Concord-INFO-predict: Predicting for chunk 1/1
17:17:44-Concord-INFO-predict: Predicting for chunk 1/1
17:17:44-Concord-INFO-predict: Predicting for chunk 1/1
17:17:44-Concord-INFO-predict: Predicting for chunk 1/1
17:17:44-Concord-INFO-predict: Predicting for chunk 1/1
17:17:44-Concord-INFO-predict: Predicting for chunk 1/1
17:17:44-Concord-INFO-predict: Predicting for chunk 1/1
17:17:44-Concord-INFO-predict: Predicting for chunk 1/1
17:17:44-Concord-INFO-predict: Predicting for chunk 1/1
17:17:44-Concord-INFO-predict: Predicting for chunk 1/1
17:17:44-Concord-INFO-predict: Predicting for chunk 1/1
17:17:44-Concord-INFO-predict: Predicting for chunk 1/1
17:17:44-Concord-INFO-predict: Predicting for chunk 1/1
17:17:51-Concord-INFO-run_umap: UMAP embedding stored in adata.obsm['Concord_UMAP']
17:17:51-Concord-INFO-run_umap: UMAP embedding stored in adata.obsm['Concord_UMAP']
17:17:51-Concord-INFO-run_umap: UMAP embedding stored in adata.obsm['Concord_UMAP']
17:17:51-Concord-INFO-run_umap: UMAP embedding stored in adata.obsm['Concord_UMAP']
17:17:51-Concord-INFO-run_umap: UMAP embedding stored in adata.obsm['Concord_UMAP']
17:17:51-Concord-INFO-run_umap: UMAP embedding stored in adata.obsm['Concord_UMAP']
17:17:51-Concord-INFO-run_umap: UMAP embedding stored in adata.obsm['Concord_UMAP']
17:17:51-Concord-INFO-run_umap: UMAP embedding stored in adata.obsm['Concord_UMAP']
17:17:51-Concord-INFO-run_umap: UMAP embedding stored in adata.obsm['Concord_UMAP']
17:17:51-Concord-INFO-run_umap: UMAP embedding stored in adata.obsm['Concord_UMAP']
17:17:51-Concord-INFO-run_umap: UMAP embedding stored in adata.obsm['Concord_UMAP']
17:17:51-Concord-INFO-run_umap: UMAP embedding stored in adata.obsm['Concord_UMAP']
17:17:51-Concord-INFO-run_umap: UMAP embedding stored in adata.obsm['Concord_UMAP']
19:35:12-Concord-WARNING-__init__: domain/batch information not found, all samples will be treated as from single domain/batch.
19:35:12-Concord-WARNING-__init__: domain/batch information not found, all samples will be treated as from single domain/batch.
19:35:12-Concord-WARNING-__init__: domain/batch information not found, all samples will be treated as from single domain/batch.
19:35:12-Concord-WARNING-__init__: domain/batch information not found, all samples will be treated as from single domain/batch.
19:35:12-Concord-WARNING-__init__: domain/batch information not found, all samples will be treated as from single domain/batch.
19:35:12-Concord-WARNING-__init__: domain/batch information not found, all samples will be treated as from single domain/batch.
19:35:12-Concord-WARNING-__init__: domain/batch information not found, all samples will be treated as from single domain/batch.
19:35:12-Concord-WARNING-__init__: domain/batch information not found, all samples will be treated as from single domain/batch.
19:35:12-Concord-WARNING-__init__: domain/batch information not found, all samples will be treated as from single domain/batch.
19:35:12-Concord-WARNING-__init__: domain/batch information not found, all samples will be treated as from single domain/batch.
19:35:12-Concord-WARNING-__init__: domain/batch information not found, all samples will be treated as from single domain/batch.
19:35:12-Concord-WARNING-__init__: domain/batch information not found, all samples will be treated as from single domain/batch.
19:35:12-Concord-WARNING-__init__: domain/batch information not found, all samples will be treated as from single domain/batch.
19:35:12-Concord-WARNING-__init__: domain/batch information not found, all samples will be treated as from single domain/batch.
19:35:34-Concord-WARNING-__init__: domain/batch information not found, all samples will be treated as from single domain/batch.
19:35:34-Concord-WARNING-__init__: domain/batch information not found, all samples will be treated as from single domain/batch.
19:35:34-Concord-WARNING-__init__: domain/batch information not found, all samples will be treated as from single domain/batch.
19:35:34-Concord-WARNING-__init__: domain/batch information not found, all samples will be treated as from single domain/batch.
19:35:34-Concord-WARNING-__init__: domain/batch information not found, all samples will be treated as from single domain/batch.
19:35:34-Concord-WARNING-__init__: domain/batch information not found, all samples will be treated as from single domain/batch.
19:35:34-Concord-WARNING-__init__: domain/batch information not found, all samples will be treated as from single domain/batch.
19:35:34-Concord-WARNING-__init__: domain/batch information not found, all samples will be treated as from single domain/batch.
19:35:34-Concord-WARNING-__init__: domain/batch information not found, all samples will be treated as from single domain/batch.
19:35:34-Concord-WARNING-__init__: domain/batch information not found, all samples will be treated as from single domain/batch.
19:35:34-Concord-WARNING-__init__: domain/batch information not found, all samples will be treated as from single domain/batch.
19:35:34-Concord-WARNING-__init__: domain/batch information not found, all samples will be treated as from single domain/batch.
19:35:34-Concord-WARNING-__init__: domain/batch information not found, all samples will be treated as from single domain/batch.
19:35:34-Concord-WARNING-__init__: domain/batch information not found, all samples will be treated as from single domain/batch.
19:35:34-Concord-WARNING-__init__: domain/batch information not found, all samples will be treated as from single domain/batch.
19:36:51-Concord-WARNING-__init__: domain/batch information not found, all samples will be treated as from single domain/batch.
19:37:01-Concord-WARNING-__init__: domain/batch information not found, all samples will be treated as from single domain/batch.
19:37:01-Concord-WARNING-__init__: domain/batch information not found, all samples will be treated as from single domain/batch.
19:39:11-Concord-WARNING-__init__: domain/batch information not found, all samples will be treated as from single domain/batch.
19:39:11-Concord-WARNING-__init__: domain/batch information not found, all samples will be treated as from single domain/batch.
19:39:11-Concord-WARNING-__init__: domain/batch information not found, all samples will be treated as from single domain/batch.
19:39:21-Concord-WARNING-__init__: domain/batch information not found, all samples will be treated as from single domain/batch.
19:39:21-Concord-WARNING-__init__: domain/batch information not found, all samples will be treated as from single domain/batch.
19:39:21-Concord-WARNING-__init__: domain/batch information not found, all samples will be treated as from single domain/batch.
19:39:21-Concord-WARNING-__init__: domain/batch information not found, all samples will be treated as from single domain/batch.
12:49:32-Concord-WARNING-__init__: domain/batch information not found, all samples will be treated as from single domain/batch.
12:50:18-Concord-WARNING-__init__: domain/batch information not found, all samples will be treated as from single domain/batch.
12:50:18-Concord-WARNING-__init__: domain/batch information not found, all samples will be treated as from single domain/batch.
12:50:29-Concord-WARNING-__init__: domain/batch information not found, all samples will be treated as from single domain/batch.
12:52:28-Concord-WARNING-__init__: domain/batch information not found, all samples will be treated as from single domain/batch.
12:52:28-Concord-WARNING-__init__: domain/batch information not found, all samples will be treated as from single domain/batch.
12:52:59-Concord-WARNING-__init__: domain/batch information not found, all samples will be treated as from single domain/batch.
12:52:59-Concord-WARNING-__init__: domain/batch information not found, all samples will be treated as from single domain/batch.
12:52:59-Concord-WARNING-__init__: domain/batch information not found, all samples will be treated as from single domain/batch.
